YEARID,MONTHID,ENTERPRISEID,ENTEPRISENAME,PORTFOLIOID,PORTFOLIONAME,NETINCOME
2020,1,2,Entity_0002,1.0,L2-ALL,-23099.79
2020,2,2,Entity_0002,1.0,L2-ALL,-19495.48
2020,3,2,Entity_0002,1.0,L2-ALL,-18099.39
2020,4,2,Entity_0002,1.0,L2-ALL,-18817.76
2020,5,2,Entity_0002,1.0,L2-ALL,-18472.17
2020,6,2,Entity_0002,1.0,L2-ALL,-18584.97
2020,7,2,Entity_0002,1.0,L2-ALL,-19699.27
2020,8,2,Entity_0002,1.0,L2-ALL,-19876.73
2020,9,2,Entity_0002,1.0,L2-ALL,-19799.52
2020,10,2,Entity_0002,1.0,L2-ALL,-19801.65
2020,11,2,Entity_0002,1.0,L2-ALL,-19512.4
2020,12,2,Entity_0002,1.0,L2-ALL,43010.81
2020,1,3,Entity_0003,1.0,L2-ALL,-21241.12
2020,2,3,Entity_0003,1.0,L2-ALL,-21262.47
2020,3,3,Entity_0003,1.0,L2-ALL,-21283.89
2020,4,3,Entity_0003,1.0,L2-ALL,-20760.38
2020,5,3,Entity_0003,1.0,L2-ALL,2321.08
2020,6,3,Entity_0003,1.0,L2-ALL,-18435.6
2020,7,3,Entity_0003,1.0,L2-ALL,-18752.05
2020,8,3,Entity_0003,1.0,L2-ALL,-18466.99
2020,9,3,Entity_0003,1.0,L2-ALL,-18483.14
2020,10,3,Entity_0003,1.0,L2-ALL,-12388.79
2020,11,3,Entity_0003,1.0,L2-ALL,-15005.12
2020,12,3,Entity_0003,1.0,L2-ALL,120303.91
2020,1,7,Entity_0007,1.0,L2-ALL,-17866.99
2020,2,7,Entity_0007,1.0,L2-ALL,-18291.7
2020,3,7,Entity_0007,1.0,L2-ALL,-18931.95
2020,4,7,Entity_0007,1.0,L2-ALL,-18343.24
2020,5,7,Entity_0007,1.0,L2-ALL,-18674.25
2020,6,7,Entity_0007,1.0,L2-ALL,-18394.14
2020,7,7,Entity_0007,1.0,L2-ALL,-18485.91
2020,8,7,Entity_0007,1.0,L2-ALL,-18445.36
2020,9,7,Entity_0007,1.0,L2-ALL,-18470.62
2020,10,7,Entity_0007,1.0,L2-ALL,-18797.9
2020,11,7,Entity_0007,1.0,L2-ALL,-17272.29
2020,12,7,Entity_0007,1.0,L2-ALL,136719.39
2020,1,11,Entity_0011,1.0,L2-ALL,-12892.32
2020,2,11,Entity_0011,1.0,L2-ALL,-12902.02
2020,3,11,Entity_0011,1.0,L2-ALL,-10575.46
2020,4,11,Entity_0011,1.0,L2-ALL,-12348.96
2020,5,11,Entity_0011,1.0,L2-ALL,-12560.48
2020,6,11,Entity_0011,1.0,L2-ALL,-12370.48
2020,7,11,Entity_0011,1.0,L2-ALL,-9422.62
2020,8,11,Entity_0011,1.0,L2-ALL,-12392.12
2020,9,11,Entity_0011,1.0,L2-ALL,-11153.05
2020,10,11,Entity_0011,1.0,L2-ALL,-12612.64
2020,11,11,Entity_0011,1.0,L2-ALL,-12424.51
2020,12,11,Entity_0011,1.0,L2-ALL,82973.53
2020,1,19,Entity_0019,1.0,L2-ALL,-11447.23
2020,2,19,Entity_0019,1.0,L2-ALL,-12030.97
2020,3,19,Entity_0019,1.0,L2-ALL,-12573.91
2020,4,19,Entity_0019,1.0,L2-ALL,-12212.57
2020,5,19,Entity_0019,1.0,L2-ALL,-14196.44
2020,6,19,Entity_0019,1.0,L2-ALL,-15103.07
2020,7,19,Entity_0019,1.0,L2-ALL,-13393.71
2020,8,19,Entity_0019,1.0,L2-ALL,-13187.12
2020,9,19,Entity_0019,1.0,L2-ALL,-13673.57
2020,10,19,Entity_0019,1.0,L2-ALL,-13923.57
2020,11,19,Entity_0019,1.0,L2-ALL,-13700.03
2020,12,19,Entity_0019,1.0,L2-ALL,139818.82
2020,1,20,Entity_0020,1.0,L2-ALL,-8526.88
2020,2,20,Entity_0020,1.0,L2-ALL,-8537.33
2020,3,20,Entity_0020,1.0,L2-ALL,-9021.18
2020,4,20,Entity_0020,1.0,L2-ALL,-8561.78
2020,5,20,Entity_0020,1.0,L2-ALL,-8639.83
2020,6,20,Entity_0020,1.0,L2-ALL,-8584.33
2020,7,20,Entity_0020,1.0,L2-ALL,-8592.65
2020,8,20,Entity_0020,1.0,L2-ALL,-8607.73
2020,9,20,Entity_0020,1.0,L2-ALL,-8619.58
2020,10,20,Entity_0020,1.0,L2-ALL,-8864.15
2020,11,20,Entity_0020,1.0,L2-ALL,-8642.72
2020,12,20,Entity_0020,1.0,L2-ALL,76967.13
2020,1,21,Entity_0021,1.0,L2-ALL,-15725.24
2020,2,21,Entity_0021,1.0,L2-ALL,-12581.51
2020,3,21,Entity_0021,1.0,L2-ALL,13993.13
2020,4,21,Entity_0021,1.0,L2-ALL,-11486.37
2020,5,21,Entity_0021,1.0,L2-ALL,-13718.83
2020,6,21,Entity_0021,1.0,L2-ALL,-13508.36
2020,7,21,Entity_0021,1.0,L2-ALL,-13602.72
2020,8,21,Entity_0021,1.0,L2-ALL,-13531.82
2020,9,21,Entity_0021,1.0,L2-ALL,-13543.31
2020,10,21,Entity_0021,1.0,L2-ALL,-12175.37
2020,11,21,Entity_0021,1.0,L2-ALL,-13566.93
2020,12,21,Entity_0021,1.0,L2-ALL,49505.23
2020,1,22,Entity_0022,1.0,L2-ALL,-17225.99
2020,2,22,Entity_0022,1.0,L2-ALL,-12008.63
2020,3,22,Entity_0022,1.0,L2-ALL,-9830.81
2020,4,22,Entity_0022,1.0,L2-ALL,-10951.41
2020,5,22,Entity_0022,1.0,L2-ALL,-10412.3
2020,6,22,Entity_0022,1.0,L2-ALL,-10588.27
2020,7,22,Entity_0022,1.0,L2-ALL,-12277.36
2020,8,22,Entity_0022,1.0,L2-ALL,-11991.43
2020,9,22,Entity_0022,1.0,L2-ALL,-12482.92
2020,10,22,Entity_0022,1.0,L2-ALL,-12486.21
2020,11,22,Entity_0022,1.0,L2-ALL,-12035.01
2020,12,22,Entity_0022,1.0,L2-ALL,50051.29
2020,1,23,Entity_0023,1.0,L2-ALL,-16272.78
2020,2,23,Entity_0023,1.0,L2-ALL,-12922.86
2020,3,23,Entity_0023,1.0,L2-ALL,-11683.34
2020,4,23,Entity_0023,1.0,L2-ALL,-12321.14
2020,5,23,Entity_0023,1.0,L2-ALL,-11659.31
2020,6,23,Entity_0023,1.0,L2-ALL,-12114.46
2020,7,23,Entity_0023,1.0,L2-ALL,-13018.96
2020,8,23,Entity_0023,1.0,L2-ALL,-13261.34
2020,9,23,Entity_0023,1.0,L2-ALL,-13192.79
2020,10,23,Entity_0023,1.0,L2-ALL,-13194.68
2020,11,23,Entity_0023,1.0,L2-ALL,-11921.87
2020,12,23,Entity_0023,1.0,L2-ALL,89118.34
2020,1,24,Entity_0024,1.0,L2-ALL,-14991.81
2020,2,24,Entity_0024,1.0,L2-ALL,-10214.12
2020,3,24,Entity_0024,1.0,L2-ALL,-8398.48
2020,4,24,Entity_0024,1.0,L2-ALL,-7800.7
2020,5,24,Entity_0024,1.0,L2-ALL,35011.73
2020,6,24,Entity_0024,1.0,L2-ALL,39980.03
2020,7,24,Entity_0024,1.0,L2-ALL,-10507.7
2020,8,24,Entity_0024,1.0,L2-ALL,-10709.94
2020,9,24,Entity_0024,1.0,L2-ALL,-10609.53
2020,10,24,Entity_0024,1.0,L2-ALL,-10612.27
2020,11,24,Entity_0024,1.0,L2-ALL,-10236.12
2020,12,24,Entity_0024,1.0,L2-ALL,140517.08
2020,1,25,Entity_0025,1.0,L2-ALL,-17880.19
2020,2,25,Entity_0025,1.0,L2-ALL,-12869.34
2020,3,25,Entity_0025,1.0,L2-ALL,-10985.57
2020,4,25,Entity_0025,1.0,L2-ALL,-11954.87
2020,5,25,Entity_0025,1.0,L2-ALL,-11488.55
2020,6,25,Entity_0025,1.0,L2-ALL,-11640.75
2020,7,25,Entity_0025,1.0,L2-ALL,-13186.28
2020,8,25,Entity_0025,1.0,L2-ALL,-13383.76
2020,9,25,Entity_0025,1.0,L2-ALL,-13021.76
2020,10,25,Entity_0025,1.0,L2-ALL,-13282.43
2020,11,25,Entity_0025,1.0,L2-ALL,-12892.15
2020,12,25,Entity_0025,1.0,L2-ALL,111778.96
2020,1,26,Entity_0026,1.0,L2-ALL,-10182.73
2020,2,26,Entity_0026,1.0,L2-ALL,-7031.15
2020,3,26,Entity_0026,1.0,L2-ALL,-5789.25
2020,4,26,Entity_0026,1.0,L2-ALL,-6428.28
2020,5,26,Entity_0026,1.0,L2-ALL,-6120.85
2020,6,26,Entity_0026,1.0,L2-ALL,-6221.2
2020,7,26,Entity_0026,1.0,L2-ALL,-7128.08
2020,8,26,Entity_0026,1.0,L2-ALL,-7370.28
2020,9,26,Entity_0026,1.0,L2-ALL,-7301.62
2020,10,26,Entity_0026,1.0,L2-ALL,-7303.51
2020,11,26,Entity_0026,1.0,L2-ALL,-7046.2
2020,12,26,Entity_0026,1.0,L2-ALL,55563.18
2020,1,27,Entity_0027,1.0,L2-ALL,-17867.07
2020,2,27,Entity_0027,1.0,L2-ALL,-13369.65
2020,3,27,Entity_0027,1.0,L2-ALL,-8356.52
2020,4,27,Entity_0027,1.0,L2-ALL,-12302.57
2020,5,27,Entity_0027,1.0,L2-ALL,31702.56
2020,6,27,Entity_0027,1.0,L2-ALL,3750.96
2020,7,27,Entity_0027,1.0,L2-ALL,-13204.32
2020,8,27,Entity_0027,1.0,L2-ALL,-13969.92
2020,9,27,Entity_0027,1.0,L2-ALL,-13848.36
2020,10,27,Entity_0027,1.0,L2-ALL,-5483.04
2020,11,27,Entity_0027,1.0,L2-ALL,-3418.28
2020,12,27,Entity_0027,1.0,L2-ALL,50953.19
2020,1,28,Entity_0028,1.0,L2-ALL,-10327.89
2020,2,28,Entity_0028,1.0,L2-ALL,-10206.52
2020,3,28,Entity_0028,1.0,L2-ALL,-11157.93
2020,4,28,Entity_0028,1.0,L2-ALL,-7235.76
2020,5,28,Entity_0028,1.0,L2-ALL,41886.21
2020,6,28,Entity_0028,1.0,L2-ALL,-10069.99
2020,7,28,Entity_0028,1.0,L2-ALL,-10220.38
2020,8,28,Entity_0028,1.0,L2-ALL,-9669.91
2020,9,28,Entity_0028,1.0,L2-ALL,-9342.58
2020,10,28,Entity_0028,1.0,L2-ALL,-8442.13
2020,11,28,Entity_0028,1.0,L2-ALL,-10107.43
2020,12,28,Entity_0028,1.0,L2-ALL,53047.0
2020,1,29,Entity_0029,1.0,L2-ALL,-9605.26
2020,2,29,Entity_0029,1.0,L2-ALL,-8841.88
2020,3,29,Entity_0029,1.0,L2-ALL,-8359.4
2020,4,29,Entity_0029,1.0,L2-ALL,-6497.25
2020,5,29,Entity_0029,1.0,L2-ALL,33917.46
2020,6,29,Entity_0029,1.0,L2-ALL,-8311.68
2020,7,29,Entity_0029,1.0,L2-ALL,-8272.0
2020,8,29,Entity_0029,1.0,L2-ALL,-8327.95
2020,9,29,Entity_0029,1.0,L2-ALL,-8335.55
2020,10,29,Entity_0029,1.0,L2-ALL,-6683.53
2020,11,29,Entity_0029,1.0,L2-ALL,-8350.22
2020,12,29,Entity_0029,1.0,L2-ALL,47517.55
2020,1,32,Entity_0032,1.0,L2-ALL,-17641.72
2020,2,32,Entity_0032,1.0,L2-ALL,-18193.22
2020,3,32,Entity_0032,1.0,L2-ALL,-17507.01
2020,4,32,Entity_0032,1.0,L2-ALL,-16684.97
2020,5,32,Entity_0032,1.0,L2-ALL,-18625.49
2020,6,32,Entity_0032,1.0,L2-ALL,-18275.82
2020,7,32,Entity_0032,1.0,L2-ALL,-13046.44
2020,8,32,Entity_0032,1.0,L2-ALL,-18316.91
2020,9,32,Entity_0032,1.0,L2-ALL,-18161.98
2020,10,32,Entity_0032,1.0,L2-ALL,-18724.51
2020,11,32,Entity_0032,1.0,L2-ALL,-17516.7
2020,12,32,Entity_0032,1.0,L2-ALL,195064.81
2020,1,34,Entity_0034,1.0,L2-ALL,-18354.45
2020,2,34,Entity_0034,1.0,L2-ALL,-18626.24
2020,3,34,Entity_0034,1.0,L2-ALL,-17916.53
2020,4,34,Entity_0034,1.0,L2-ALL,-16900.14
2020,5,34,Entity_0034,1.0,L2-ALL,-19044.67
2020,6,34,Entity_0034,1.0,L2-ALL,-18705.41
2020,7,34,Entity_0034,1.0,L2-ALL,-15628.05
2020,8,34,Entity_0034,1.0,L2-ALL,-18744.79
2020,9,34,Entity_0034,1.0,L2-ALL,-18764.01
2020,10,34,Entity_0034,1.0,L2-ALL,-19139.56
2020,11,34,Entity_0034,1.0,L2-ALL,-18803.76
2020,12,34,Entity_0034,1.0,L2-ALL,185108.85
2020,1,35,Entity_0035,1.0,L2-ALL,-14442.36
2020,2,35,Entity_0035,1.0,L2-ALL,-14558.29
2020,3,35,Entity_0035,1.0,L2-ALL,-15606.58
2020,4,35,Entity_0035,1.0,L2-ALL,-14649.51
2020,5,35,Entity_0035,1.0,L2-ALL,-15157.04
2020,6,35,Entity_0035,1.0,L2-ALL,-14627.81
2020,7,35,Entity_0035,1.0,L2-ALL,-12205.97
2020,8,35,Entity_0035,1.0,L2-ALL,-14674.13
2020,9,35,Entity_0035,1.0,L2-ALL,-14696.56
2020,10,35,Entity_0035,1.0,L2-ALL,-13760.07
2020,11,35,Entity_0035,1.0,L2-ALL,-14744.08
2020,12,35,Entity_0035,1.0,L2-ALL,224315.47
2020,1,41,Entity_0041,1.0,L2-ALL,-86089.21
2020,2,41,Entity_0041,1.0,L2-ALL,-35444.04
2020,3,41,Entity_0041,1.0,L2-ALL,19072.35
2020,4,41,Entity_0041,1.0,L2-ALL,-27669.6
2020,5,41,Entity_0041,1.0,L2-ALL,-28578.16
2020,6,41,Entity_0041,1.0,L2-ALL,-31274.2
2020,7,41,Entity_0041,1.0,L2-ALL,-99713.48
2020,8,41,Entity_0041,1.0,L2-ALL,12932.76
2020,9,41,Entity_0041,1.0,L2-ALL,-27752.18
2020,10,41,Entity_0041,1.0,L2-ALL,-35244.62
2020,11,41,Entity_0041,1.0,L2-ALL,-33584.5
2020,12,41,Entity_0041,1.0,L2-ALL,157519.22
2020,1,43,Entity_0043,1.0,L2-ALL,-11102.89
2020,2,43,Entity_0043,1.0,L2-ALL,-11121.33
2020,3,43,Entity_0043,1.0,L2-ALL,-11554.55
2020,4,43,Entity_0043,1.0,L2-ALL,-11156.87
2020,5,43,Entity_0043,1.0,L2-ALL,-9867.65
2020,6,43,Entity_0043,1.0,L2-ALL,-11193.49
2020,7,43,Entity_0043,1.0,L2-ALL,-11417.84
2020,8,43,Entity_0043,1.0,L2-ALL,-7503.81
2020,9,43,Entity_0043,1.0,L2-ALL,-11247.59
2020,10,43,Entity_0043,1.0,L2-ALL,-11471.07
2020,11,43,Entity_0043,1.0,L2-ALL,-11285.19
2020,12,43,Entity_0043,1.0,L2-ALL,67212.1
2020,1,44,Entity_0044,1.0,L2-ALL,-10965.22
2020,2,44,Entity_0044,1.0,L2-ALL,-11079.61
2020,3,44,Entity_0044,1.0,L2-ALL,-9678.52
2020,4,44,Entity_0044,1.0,L2-ALL,-10930.14
2020,5,44,Entity_0044,1.0,L2-ALL,-11703.26
2020,6,44,Entity_0044,1.0,L2-ALL,-11492.49
2020,7,44,Entity_0044,1.0,L2-ALL,-11742.43
2020,8,44,Entity_0044,1.0,L2-ALL,-10150.38
2020,9,44,Entity_0044,1.0,L2-ALL,-11552.77
2020,10,44,Entity_0044,1.0,L2-ALL,-11251.77
2020,11,44,Entity_0044,1.0,L2-ALL,-11594.63
2020,12,44,Entity_0044,1.0,L2-ALL,72040.74
2020,1,46,Entity_0046,1.0,L2-ALL,-15282.7
2020,2,46,Entity_0046,1.0,L2-ALL,-15309.49
2020,3,46,Entity_0046,1.0,L2-ALL,-14424.75
2020,4,46,Entity_0046,1.0,L2-ALL,-15361.21
2020,5,46,Entity_0046,1.0,L2-ALL,-15689.66
2020,6,46,Entity_0046,1.0,L2-ALL,-15414.48
2020,7,46,Entity_0046,1.0,L2-ALL,-12122.09
2020,8,46,Entity_0046,1.0,L2-ALL,-15201.65
2020,9,46,Entity_0046,1.0,L2-ALL,-15493.18
2020,10,46,Entity_0046,1.0,L2-ALL,-15628.28
2020,11,46,Entity_0046,1.0,L2-ALL,-15547.85
2020,12,46,Entity_0046,1.0,L2-ALL,85286.17
2020,1,47,Entity_0047,1.0,L2-ALL,-9303.45
2020,2,47,Entity_0047,1.0,L2-ALL,-9319.99
2020,3,47,Entity_0047,1.0,L2-ALL,-9708.73
2020,4,47,Entity_0047,1.0,L2-ALL,-9351.86
2020,5,47,Entity_0047,1.0,L2-ALL,-8039.46
2020,6,47,Entity_0047,1.0,L2-ALL,-9384.72
2020,7,47,Entity_0047,1.0,L2-ALL,-6324.9
2020,8,47,Entity_0047,1.0,L2-ALL,-9227.45
2020,9,47,Entity_0047,1.0,L2-ALL,-8951.27
2020,10,47,Entity_0047,1.0,L2-ALL,-8719.34
2020,11,47,Entity_0047,1.0,L2-ALL,-9467.0
2020,12,47,Entity_0047,1.0,L2-ALL,55989.39
2020,1,48,Entity_0048,1.0,L2-ALL,-8207.17
2020,2,48,Entity_0048,1.0,L2-ALL,-8226.14
2020,3,48,Entity_0048,1.0,L2-ALL,-8673.27
2020,4,48,Entity_0048,1.0,L2-ALL,-8262.65
2020,5,48,Entity_0048,1.0,L2-ALL,-8495.67
2020,6,48,Entity_0048,1.0,L2-ALL,-8300.46
2020,7,48,Entity_0048,1.0,L2-ALL,-6182.96
2020,8,48,Entity_0048,1.0,L2-ALL,-8338.08
2020,9,48,Entity_0048,1.0,L2-ALL,-8356.27
2020,10,48,Entity_0048,1.0,L2-ALL,-8586.87
2020,11,48,Entity_0048,1.0,L2-ALL,-8395.02
2020,12,48,Entity_0048,1.0,L2-ALL,-8623.46
2020,1,49,Entity_0049,1.0,L2-ALL,-10355.82
2020,2,49,Entity_0049,1.0,L2-ALL,-10376.09
2020,3,49,Entity_0049,1.0,L2-ALL,-11472.58
2020,4,49,Entity_0049,1.0,L2-ALL,-10421.36
2020,5,49,Entity_0049,1.0,L2-ALL,-10978.51
2020,6,49,Entity_0049,1.0,L2-ALL,-10464.77
2020,7,49,Entity_0049,1.0,L2-ALL,-6449.94
2020,8,49,Entity_0049,1.0,L2-ALL,-10508.53
2020,9,49,Entity_0049,1.0,L2-ALL,-10529.43
2020,10,49,Entity_0049,1.0,L2-ALL,-11083.53
2020,11,49,Entity_0049,1.0,L2-ALL,-10573.73
2020,12,49,Entity_0049,1.0,L2-ALL,93984.23
2020,1,51,Entity_0051,1.0,L2-ALL,-11343.53
2020,2,51,Entity_0051,1.0,L2-ALL,-11363.24
2020,3,51,Entity_0051,1.0,L2-ALL,-12429.56
2020,4,51,Entity_0051,1.0,L2-ALL,-11407.27
2020,5,51,Entity_0051,1.0,L2-ALL,-11949.08
2020,6,51,Entity_0051,1.0,L2-ALL,-11449.48
2020,7,51,Entity_0051,1.0,L2-ALL,-10178.35
2020,8,51,Entity_0051,1.0,L2-ALL,-11492.04
2020,9,51,Entity_0051,1.0,L2-ALL,-11512.37
2020,10,51,Entity_0051,1.0,L2-ALL,-12051.21
2020,11,51,Entity_0051,1.0,L2-ALL,-11555.44
2020,12,51,Entity_0051,1.0,L2-ALL,102484.87
2020,1,55,Entity_0055,1.0,L2-ALL,-8255.88
2020,2,55,Entity_0055,1.0,L2-ALL,-8110.85
2020,3,55,Entity_0055,1.0,L2-ALL,-8594.66
2020,4,55,Entity_0055,1.0,L2-ALL,-7409.67
2020,5,55,Entity_0055,1.0,L2-ALL,-8911.23
2020,6,55,Entity_0055,1.0,L2-ALL,-9353.73
2020,7,55,Entity_0055,1.0,L2-ALL,-6172.22
2020,8,55,Entity_0055,1.0,L2-ALL,-9374.97
2020,9,55,Entity_0055,1.0,L2-ALL,-9626.89
2020,10,55,Entity_0055,1.0,L2-ALL,-9571.01
2020,11,55,Entity_0055,1.0,L2-ALL,-8580.74
2020,12,55,Entity_0055,1.0,L2-ALL,-9653.36
2020,1,57,Entity_0057,1.0,L2-ALL,-9533.02
2020,2,57,Entity_0057,1.0,L2-ALL,-10522.6
2020,3,57,Entity_0057,1.0,L2-ALL,-10761.73
2020,4,57,Entity_0057,1.0,L2-ALL,-9066.76
2020,5,57,Entity_0057,1.0,L2-ALL,-12322.24
2020,6,57,Entity_0057,1.0,L2-ALL,-12479.17
2020,7,57,Entity_0057,1.0,L2-ALL,-9684.56
2020,8,57,Entity_0057,1.0,L2-ALL,-13524.44
2020,9,57,Entity_0057,1.0,L2-ALL,-13223.36
2020,10,57,Entity_0057,1.0,L2-ALL,-13238.99
2020,11,57,Entity_0057,1.0,L2-ALL,-13430.22
2020,12,57,Entity_0057,1.0,L2-ALL,-13443.36
2020,1,60,Entity_0060,1.0,L2-ALL,-8941.26
2020,2,60,Entity_0060,1.0,L2-ALL,-8703.7
2020,3,60,Entity_0060,1.0,L2-ALL,-9539.91
2020,4,60,Entity_0060,1.0,L2-ALL,-8305.35
2020,5,60,Entity_0060,1.0,L2-ALL,-10024.38
2020,6,60,Entity_0060,1.0,L2-ALL,-10717.28
2020,7,60,Entity_0060,1.0,L2-ALL,-9659.03
2020,8,60,Entity_0060,1.0,L2-ALL,-10733.3
2020,9,60,Entity_0060,1.0,L2-ALL,-11171.66
2020,10,60,Entity_0060,1.0,L2-ALL,-11075.26
2020,11,60,Entity_0060,1.0,L2-ALL,-10886.8
2020,12,60,Entity_0060,1.0,L2-ALL,-18776.85
2020,1,63,Entity_0063,1.0,L2-ALL,-10181.41
2020,2,63,Entity_0063,1.0,L2-ALL,-71410.41
2020,3,63,Entity_0063,1.0,L2-ALL,-10181.41
2020,4,63,Entity_0063,1.0,L2-ALL,-10171.41
2020,5,63,Entity_0063,1.0,L2-ALL,-10181.41
2020,6,63,Entity_0063,1.0,L2-ALL,-10181.41
2020,7,63,Entity_0063,1.0,L2-ALL,-7594.66
2020,8,63,Entity_0063,1.0,L2-ALL,-10181.41
2020,9,63,Entity_0063,1.0,L2-ALL,-181.41
2020,10,63,Entity_0063,1.0,L2-ALL,-10181.41
2020,11,63,Entity_0063,1.0,L2-ALL,-10181.41
2020,12,63,Entity_0063,1.0,L2-ALL,11791.59
2020,1,64,Entity_0064,1.0,L2-ALL,-13332.56
2020,2,64,Entity_0064,1.0,L2-ALL,-13047.55
2020,3,64,Entity_0064,1.0,L2-ALL,-14314.91
2020,4,64,Entity_0064,1.0,L2-ALL,-13003.41
2020,5,64,Entity_0064,1.0,L2-ALL,-13605.87
2020,6,64,Entity_0064,1.0,L2-ALL,-14929.79
2020,7,64,Entity_0064,1.0,L2-ALL,-11871.57
2020,8,64,Entity_0064,1.0,L2-ALL,-15009.3
2020,9,64,Entity_0064,1.0,L2-ALL,2495.93
2020,10,64,Entity_0064,1.0,L2-ALL,-13669.83
2020,11,64,Entity_0064,1.0,L2-ALL,-14121.96
2020,12,64,Entity_0064,1.0,L2-ALL,-13809.96
2020,1,65,Entity_0065,1.0,L2-ALL,-24911.99
2020,2,65,Entity_0065,1.0,L2-ALL,-23448.23
2020,3,65,Entity_0065,1.0,L2-ALL,-25303.68
2020,4,65,Entity_0065,1.0,L2-ALL,-22954.05
2020,5,65,Entity_0065,1.0,L2-ALL,-24101.82
2020,6,65,Entity_0065,1.0,L2-ALL,-24576.84
2020,7,65,Entity_0065,1.0,L2-ALL,-21403.85
2020,8,65,Entity_0065,1.0,L2-ALL,-24448.33
2020,9,65,Entity_0065,1.0,L2-ALL,-23354.99
2020,10,65,Entity_0065,1.0,L2-ALL,-24194.71
2020,11,65,Entity_0065,1.0,L2-ALL,-24788.88
2020,12,65,Entity_0065,1.0,L2-ALL,-16970.14
2020,1,66,Entity_0066,1.0,L2-ALL,-24091.57
2020,2,66,Entity_0066,1.0,L2-ALL,-24672.07
2020,3,66,Entity_0066,1.0,L2-ALL,-25820.4
2020,4,66,Entity_0066,1.0,L2-ALL,-23310.69
2020,5,66,Entity_0066,1.0,L2-ALL,-25860.82
2020,6,66,Entity_0066,1.0,L2-ALL,-24480.37
2020,7,66,Entity_0066,1.0,L2-ALL,-21067.03
2020,8,66,Entity_0066,1.0,L2-ALL,-25646.66
2020,9,66,Entity_0066,1.0,L2-ALL,-23147.63
2020,10,66,Entity_0066,1.0,L2-ALL,-25113.82
2020,11,66,Entity_0066,1.0,L2-ALL,-25710.03
2020,12,66,Entity_0066,1.0,L2-ALL,-23490.4
2020,1,88,Entity_0088,1.0,L2-ALL,-15314.23
2020,2,88,Entity_0088,1.0,L2-ALL,-15205.43
2020,3,88,Entity_0088,1.0,L2-ALL,-16059.57
2020,4,88,Entity_0088,1.0,L2-ALL,-15852.7
2020,5,88,Entity_0088,1.0,L2-ALL,-18076.65
2020,6,88,Entity_0088,1.0,L2-ALL,-19565.2
2020,7,88,Entity_0088,1.0,L2-ALL,-17016.49
2020,8,88,Entity_0088,1.0,L2-ALL,-19926.03
2020,9,88,Entity_0088,1.0,L2-ALL,-19970.7
2020,10,88,Entity_0088,1.0,L2-ALL,-20158.62
2020,11,88,Entity_0088,1.0,L2-ALL,-17450.9
2020,12,88,Entity_0088,1.0,L2-ALL,154795.76
2020,1,99,Entity_0099,3.0,L2B,-8344.53
2020,2,99,Entity_0099,3.0,L2B,-8359.1
2020,3,99,Entity_0099,3.0,L2B,-8837.84
2020,4,99,Entity_0099,3.0,L2B,-8390.52
2020,5,99,Entity_0099,3.0,L2B,-8635.95
2020,6,99,Entity_0099,3.0,L2B,-8420.19
2020,7,99,Entity_0099,3.0,L2B,-5213.2
2020,8,99,Entity_0099,3.0,L2B,-7394.12
2020,9,99,Entity_0099,3.0,L2B,-8088.21
2020,10,99,Entity_0099,3.0,L2B,-8311.4
2020,11,99,Entity_0099,3.0,L2B,-8155.02
2020,12,99,Entity_0099,3.0,L2B,-8739.22
2020,1,101,Entity_0101,3.0,L2B,-11623.36
2020,2,101,Entity_0101,3.0,L2B,-11650.72
2020,3,101,Entity_0101,3.0,L2B,-12551.0
2020,4,101,Entity_0101,3.0,L2B,-11707.89
2020,5,101,Entity_0101,3.0,L2B,-12172.48
2020,6,101,Entity_0101,3.0,L2B,-11764.83
2020,7,101,Entity_0101,3.0,L2B,-7848.01
2020,8,101,Entity_0101,3.0,L2B,-11670.96
2020,9,101,Entity_0101,3.0,L2B,-11848.59
2020,10,101,Entity_0101,3.0,L2B,-12308.7
2020,11,101,Entity_0101,3.0,L2B,-11906.63
2020,12,101,Entity_0101,3.0,L2B,-12362.55
2020,1,102,Entity_0102,3.0,L2B,-37371.13
2020,2,102,Entity_0102,3.0,L2B,-18917.42
2020,3,102,Entity_0102,3.0,L2B,-18932.16
2020,4,102,Entity_0102,3.0,L2B,-18994.92
2020,5,102,Entity_0102,3.0,L2B,-19009.78
2020,6,102,Entity_0102,3.0,L2B,-19034.51
2020,7,102,Entity_0102,3.0,L2B,-17771.74
2020,8,102,Entity_0102,3.0,L2B,-19091.38
2020,9,102,Entity_0102,3.0,L2B,-19118.39
2020,10,102,Entity_0102,3.0,L2B,-19131.95
2020,11,102,Entity_0102,3.0,L2B,-19175.33
2020,12,102,Entity_0102,3.0,L2B,-19201.45
2020,1,103,Entity_0103,3.0,L2B,-12812.44
2020,2,103,Entity_0103,3.0,L2B,-13919.84
2020,3,103,Entity_0103,3.0,L2B,-13210.54
2020,4,103,Entity_0103,3.0,L2B,-11413.02
2020,5,103,Entity_0103,3.0,L2B,-12874.69
2020,6,103,Entity_0103,3.0,L2B,-12527.59
2020,7,103,Entity_0103,3.0,L2B,-10452.83
2020,8,103,Entity_0103,3.0,L2B,-10748.79
2020,9,103,Entity_0103,3.0,L2B,-14368.42
2020,10,103,Entity_0103,3.0,L2B,-12209.12
2020,11,103,Entity_0103,3.0,L2B,-12238.76
2020,12,103,Entity_0103,3.0,L2B,-12971.11
2020,1,104,Entity_0104,3.0,L2B,-6654.73
2020,2,104,Entity_0104,3.0,L2B,-6682.47
2020,3,104,Entity_0104,3.0,L2B,-6691.48
2020,4,104,Entity_0104,3.0,L2B,-6699.44
2020,5,104,Entity_0104,3.0,L2B,-6969.25
2020,6,104,Entity_0104,3.0,L2B,-6712.08
2020,7,104,Entity_0104,3.0,L2B,-3592.2
2020,8,104,Entity_0104,3.0,L2B,-6422.29
2020,9,104,Entity_0104,3.0,L2B,-6734.3
2020,10,104,Entity_0104,3.0,L2B,-6722.06
2020,11,104,Entity_0104,3.0,L2B,-6750.4
2020,12,104,Entity_0104,3.0,L2B,-6758.5
2020,1,105,Entity_0105,1.0,L2-ALL,-11009.69
2020,2,105,Entity_0105,1.0,L2-ALL,-11348.19
2020,3,105,Entity_0105,1.0,L2-ALL,-11944.1
2020,4,105,Entity_0105,1.0,L2-ALL,-11379.67
2020,5,105,Entity_0105,1.0,L2-ALL,-11684.03
2020,6,105,Entity_0105,1.0,L2-ALL,-11410.29
2020,7,105,Entity_0105,1.0,L2-ALL,-9024.03
2020,8,105,Entity_0105,1.0,L2-ALL,-11441.14
2020,9,105,Entity_0105,1.0,L2-ALL,-11456.11
2020,10,105,Entity_0105,1.0,L2-ALL,-10558.28
2020,11,105,Entity_0105,1.0,L2-ALL,-11487.3
2020,12,105,Entity_0105,1.0,L2-ALL,133796.23
2020,1,107,Entity_0107,1.0,L2-ALL,-7181.78
2020,2,107,Entity_0107,1.0,L2-ALL,-6195.17
2020,3,107,Entity_0107,1.0,L2-ALL,-7685.66
2020,4,107,Entity_0107,1.0,L2-ALL,-7225.22
2020,5,107,Entity_0107,1.0,L2-ALL,-7576.35
2020,6,107,Entity_0107,1.0,L2-ALL,-7254.0
2020,7,107,Entity_0107,1.0,L2-ALL,-5792.58
2020,8,107,Entity_0107,1.0,L2-ALL,-7283.04
2020,9,107,Entity_0107,1.0,L2-ALL,-6894.17
2020,10,107,Entity_0107,1.0,L2-ALL,-7328.92
2020,11,107,Entity_0107,1.0,L2-ALL,-7326.31
2020,12,107,Entity_0107,1.0,L2-ALL,-7674.63
2020,1,108,Entity_0108,1.0,L2-ALL,-14212.65
2020,2,108,Entity_0108,1.0,L2-ALL,-13232.18
2020,3,108,Entity_0108,1.0,L2-ALL,-15183.66
2020,4,108,Entity_0108,1.0,L2-ALL,-14275.4
2020,5,108,Entity_0108,1.0,L2-ALL,-14559.73
2020,6,108,Entity_0108,1.0,L2-ALL,-14317.02
2020,7,108,Entity_0108,1.0,L2-ALL,-13563.17
2020,8,108,Entity_0108,1.0,L2-ALL,-11593.12
2020,9,108,Entity_0108,1.0,L2-ALL,-14379.13
2020,10,108,Entity_0108,1.0,L2-ALL,-14860.53
2020,11,108,Entity_0108,1.0,L2-ALL,-14421.61
2020,12,108,Entity_0108,1.0,L2-ALL,-14901.82
2020,1,110,Entity_0110,1.0,L2-ALL,-6848.37
2020,2,110,Entity_0110,1.0,L2-ALL,-5587.18
2020,3,110,Entity_0110,1.0,L2-ALL,12294.43
2020,4,110,Entity_0110,1.0,L2-ALL,-7152.59
2020,5,110,Entity_0110,1.0,L2-ALL,-6596.31
2020,6,110,Entity_0110,1.0,L2-ALL,-6905.97
2020,7,110,Entity_0110,1.0,L2-ALL,-2941.64
2020,8,110,Entity_0110,1.0,L2-ALL,-6928.84
2020,9,110,Entity_0110,1.0,L2-ALL,2676.16
2020,10,110,Entity_0110,1.0,L2-ALL,-6681.31
2020,11,110,Entity_0110,1.0,L2-ALL,-6964.8
2020,12,110,Entity_0110,1.0,L2-ALL,-6704.53
2020,1,111,Entity_0111,1.0,L2-ALL,-10291.05
2020,2,111,Entity_0111,1.0,L2-ALL,-9303.75
2020,3,111,Entity_0111,1.0,L2-ALL,-10865.54
2020,4,111,Entity_0111,1.0,L2-ALL,-10331.21
2020,5,111,Entity_0111,1.0,L2-ALL,-10617.68
2020,6,111,Entity_0111,1.0,L2-ALL,-10357.9
2020,7,111,Entity_0111,1.0,L2-ALL,-7045.05
2020,8,111,Entity_0111,1.0,L2-ALL,-9466.17
2020,9,111,Entity_0111,1.0,L2-ALL,-10397.8
2020,10,111,Entity_0111,1.0,L2-ALL,-10682.35
2020,11,111,Entity_0111,1.0,L2-ALL,-10424.95
2020,12,111,Entity_0111,1.0,L2-ALL,-10708.71
2020,1,113,Entity_0113,1.0,L2-ALL,-9366.42
2020,2,113,Entity_0113,1.0,L2-ALL,-8378.37
2020,3,113,Entity_0113,1.0,L2-ALL,-9917.96
2020,4,113,Entity_0113,1.0,L2-ALL,-9404.31
2020,5,113,Entity_0113,1.0,L2-ALL,-9697.17
2020,6,113,Entity_0113,1.0,L2-ALL,-9883.98
2020,7,113,Entity_0113,1.0,L2-ALL,-6492.66
2020,8,113,Entity_0113,1.0,L2-ALL,-9909.33
2020,9,113,Entity_0113,1.0,L2-ALL,-9921.61
2020,10,113,Entity_0113,1.0,L2-ALL,-10194.85
2020,11,113,Entity_0113,1.0,L2-ALL,-9865.38
2020,12,113,Entity_0113,1.0,L2-ALL,-10206.09
2020,1,115,Entity_0115,1.0,L2-ALL,-12502.66
2020,2,115,Entity_0115,1.0,L2-ALL,-10925.51
2020,3,115,Entity_0115,1.0,L2-ALL,-12502.66
2020,4,115,Entity_0115,1.0,L2-ALL,-12502.66
2020,5,115,Entity_0115,1.0,L2-ALL,-12502.66
2020,6,115,Entity_0115,1.0,L2-ALL,-12502.66
2020,7,115,Entity_0115,1.0,L2-ALL,-12502.66
2020,8,115,Entity_0115,1.0,L2-ALL,-9863.47
2020,9,115,Entity_0115,1.0,L2-ALL,-12502.66
2020,10,115,Entity_0115,1.0,L2-ALL,-12502.66
2020,11,115,Entity_0115,1.0,L2-ALL,-12502.66
2020,12,115,Entity_0115,1.0,L2-ALL,-12502.66
2020,1,121,Entity_0121,1.0,L2-ALL,-9147.12
2020,2,121,Entity_0121,1.0,L2-ALL,-9100.19
2020,3,121,Entity_0121,1.0,L2-ALL,-9996.79
2020,4,121,Entity_0121,1.0,L2-ALL,-9332.23
2020,5,121,Entity_0121,1.0,L2-ALL,-9733.6
2020,6,121,Entity_0121,1.0,L2-ALL,-9269.36
2020,7,121,Entity_0121,1.0,L2-ALL,-8579.24
2020,8,121,Entity_0121,1.0,L2-ALL,-9362.68
2020,9,121,Entity_0121,1.0,L2-ALL,-9377.45
2020,10,121,Entity_0121,1.0,L2-ALL,-9776.66
2020,11,121,Entity_0121,1.0,L2-ALL,-9408.77
2020,12,121,Entity_0121,1.0,L2-ALL,-9807.1
2020,1,129,Entity_0129,1.0,L2-ALL,-12553.11
2020,2,129,Entity_0129,1.0,L2-ALL,-12338.21
2020,3,129,Entity_0129,1.0,L2-ALL,-14015.19
2020,4,129,Entity_0129,1.0,L2-ALL,-12387.99
2020,5,129,Entity_0129,1.0,L2-ALL,5470.39
2020,6,129,Entity_0129,1.0,L2-ALL,-13014.69
2020,7,129,Entity_0129,1.0,L2-ALL,-13049.82
2020,8,129,Entity_0129,1.0,L2-ALL,-13037.92
2020,9,129,Entity_0129,1.0,L2-ALL,-13049.86
2020,10,129,Entity_0129,1.0,L2-ALL,-11482.67
2020,11,129,Entity_0129,1.0,L2-ALL,-12569.31
2020,12,129,Entity_0129,1.0,L2-ALL,101896.13
2020,1,131,Entity_0131,1.0,L2-ALL,-20335.28
2020,2,131,Entity_0131,1.0,L2-ALL,-20316.97
2020,3,131,Entity_0131,1.0,L2-ALL,-22415.08
2020,4,131,Entity_0131,1.0,L2-ALL,-20370.99
2020,5,131,Entity_0131,1.0,L2-ALL,30918.71
2020,6,131,Entity_0131,1.0,L2-ALL,-18628.3
2020,7,131,Entity_0131,1.0,L2-ALL,-18848.62
2020,8,131,Entity_0131,1.0,L2-ALL,-18665.92
2020,9,131,Entity_0131,1.0,L2-ALL,-17185.28
2020,10,131,Entity_0131,1.0,L2-ALL,-17262.45
2020,11,131,Entity_0131,1.0,L2-ALL,-17968.84
2020,12,131,Entity_0131,1.0,L2-ALL,249823.44
2020,1,132,Entity_0132,1.0,L2-ALL,-11388.63
2020,2,132,Entity_0132,1.0,L2-ALL,-8371.47
2020,3,132,Entity_0132,1.0,L2-ALL,-9533.74
2020,4,132,Entity_0132,1.0,L2-ALL,-5000.17
2020,5,132,Entity_0132,1.0,L2-ALL,25421.78
2020,6,132,Entity_0132,1.0,L2-ALL,-8991.51
2020,7,132,Entity_0132,1.0,L2-ALL,-9050.02
2020,8,132,Entity_0132,1.0,L2-ALL,-9007.14
2020,9,132,Entity_0132,1.0,L2-ALL,-8840.17
2020,10,132,Entity_0132,1.0,L2-ALL,-9171.79
2020,11,132,Entity_0132,1.0,L2-ALL,-8685.92
2020,12,132,Entity_0132,1.0,L2-ALL,50613.63
2020,1,139,Entity_0139,1.0,L2-ALL,-6076.79
2020,2,139,Entity_0139,1.0,L2-ALL,14611.72
2020,3,139,Entity_0139,1.0,L2-ALL,10558.05
2020,4,139,Entity_0139,1.0,L2-ALL,-3397.06
2020,5,139,Entity_0139,1.0,L2-ALL,-6636.42
2020,6,139,Entity_0139,1.0,L2-ALL,-5015.47
2020,7,139,Entity_0139,1.0,L2-ALL,-5056.39
2020,8,139,Entity_0139,1.0,L2-ALL,-2689.05
2020,9,139,Entity_0139,1.0,L2-ALL,-6450.91
2020,10,139,Entity_0139,1.0,L2-ALL,-6682.15
2020,11,139,Entity_0139,1.0,L2-ALL,-6462.02
2020,12,139,Entity_0139,1.0,L2-ALL,-6699.96
2020,1,142,Entity_0142,3.0,L2B,-65320.56
2020,2,142,Entity_0142,3.0,L2B,-23804.24
2020,3,142,Entity_0142,3.0,L2B,-25193.15
2020,4,142,Entity_0142,3.0,L2B,-23857.24
2020,5,142,Entity_0142,3.0,L2B,-24673.14
2020,6,142,Entity_0142,3.0,L2B,-23915.98
2020,7,142,Entity_0142,3.0,L2B,-20216.59
2020,8,142,Entity_0142,3.0,L2B,-25211.46
2020,9,142,Entity_0142,3.0,L2B,-24002.82
2020,10,142,Entity_0142,3.0,L2B,-27027.15
2020,11,142,Entity_0142,3.0,L2B,-30126.19
2020,12,142,Entity_0142,3.0,L2B,95645.53
2020,1,144,Entity_0144,1.0,L2-ALL,-11794.56
2020,2,144,Entity_0144,1.0,L2-ALL,-11810.56
2020,3,144,Entity_0144,1.0,L2-ALL,-12725.31
2020,4,144,Entity_0144,1.0,L2-ALL,-11846.64
2020,5,144,Entity_0144,1.0,L2-ALL,-12258.53
2020,6,144,Entity_0144,1.0,L2-ALL,-11881.08
2020,7,144,Entity_0144,1.0,L2-ALL,-9856.76
2020,8,144,Entity_0144,1.0,L2-ALL,-11915.82
2020,9,144,Entity_0144,1.0,L2-ALL,-11932.34
2020,10,144,Entity_0144,1.0,L2-ALL,-12394.33
2020,11,144,Entity_0144,1.0,L2-ALL,-11967.51
2020,12,144,Entity_0144,1.0,L2-ALL,-10478.68
2020,1,145,Entity_0145,1.0,L2-ALL,-6801.71
2020,2,145,Entity_0145,1.0,L2-ALL,-6811.24
2020,3,145,Entity_0145,1.0,L2-ALL,-7356.34
2020,4,145,Entity_0145,1.0,L2-ALL,-6832.74
2020,5,145,Entity_0145,1.0,L2-ALL,-7109.48
2020,6,145,Entity_0145,1.0,L2-ALL,-6853.27
2020,7,145,Entity_0145,1.0,L2-ALL,-3487.49
2020,8,145,Entity_0145,1.0,L2-ALL,-6373.97
2020,9,145,Entity_0145,1.0,L2-ALL,-6883.82
2020,10,145,Entity_0145,1.0,L2-ALL,-7159.12
2020,11,145,Entity_0145,1.0,L2-ALL,-6904.78
2020,12,145,Entity_0145,1.0,L2-ALL,-5229.65
2020,1,146,Entity_0146,1.0,L2-ALL,-7403.09
2020,2,146,Entity_0146,1.0,L2-ALL,-8078.34
2020,3,146,Entity_0146,1.0,L2-ALL,-8060.26
2020,4,146,Entity_0146,1.0,L2-ALL,-7439.86
2020,5,146,Entity_0146,1.0,L2-ALL,-7767.76
2020,6,146,Entity_0146,1.0,L2-ALL,-7464.19
2020,7,146,Entity_0146,1.0,L2-ALL,-5204.65
2020,8,146,Entity_0146,1.0,L2-ALL,-6988.72
2020,9,146,Entity_0146,1.0,L2-ALL,-7500.38
2020,10,146,Entity_0146,1.0,L2-ALL,-7826.58
2020,11,146,Entity_0146,1.0,L2-ALL,-7525.22
2020,12,146,Entity_0146,1.0,L2-ALL,-4795.25
2020,1,148,Entity_0148,1.0,L2-ALL,-8949.17
2020,2,148,Entity_0148,1.0,L2-ALL,-8967.83
2020,3,148,Entity_0148,1.0,L2-ALL,-9942.7
2020,4,148,Entity_0148,1.0,L2-ALL,-9005.37
2020,5,148,Entity_0148,1.0,L2-ALL,-9473.81
2020,6,148,Entity_0148,1.0,L2-ALL,-9041.46
2020,7,148,Entity_0148,1.0,L2-ALL,-6755.02
2020,8,148,Entity_0148,1.0,L2-ALL,-8578.77
2020,9,148,Entity_0148,1.0,L2-ALL,-9096.99
2020,10,148,Entity_0148,1.0,L2-ALL,-9590.26
2020,11,148,Entity_0148,1.0,L2-ALL,-9135.34
2020,12,148,Entity_0148,1.0,L2-ALL,-7624.9
2020,1,149,Entity_0149,1.0,L2-ALL,-10950.08
2020,2,149,Entity_0149,1.0,L2-ALL,-21734.38
2020,3,149,Entity_0149,1.0,L2-ALL,10064.24
2020,8,149,Entity_0149,1.0,L2-ALL,2349.0
2020,1,153,Entity_0153,1.0,L2-ALL,-13377.74
2020,2,153,Entity_0153,1.0,L2-ALL,-12987.13
2020,3,153,Entity_0153,1.0,L2-ALL,-12992.96
2020,4,153,Entity_0153,1.0,L2-ALL,-13832.03
2020,5,153,Entity_0153,1.0,L2-ALL,-13031.5
2020,6,153,Entity_0153,1.0,L2-ALL,-13457.69
2020,7,153,Entity_0153,1.0,L2-ALL,-10578.77
2020,8,153,Entity_0153,1.0,L2-ALL,-13490.09
2020,9,153,Entity_0153,1.0,L2-ALL,-13100.68
2020,10,153,Entity_0153,1.0,L2-ALL,-13115.98
2020,11,153,Entity_0153,1.0,L2-ALL,-13539.71
2020,12,153,Entity_0153,1.0,L2-ALL,-13148.68
2020,1,155,Entity_0155,1.0,L2-ALL,-20313.33
2020,2,155,Entity_0155,1.0,L2-ALL,-20581.24
2020,3,155,Entity_0155,1.0,L2-ALL,-20982.63
2020,4,155,Entity_0155,1.0,L2-ALL,-20654.59
2020,5,155,Entity_0155,1.0,L2-ALL,-20653.95
2020,6,155,Entity_0155,1.0,L2-ALL,-20381.95
2020,7,155,Entity_0155,1.0,L2-ALL,-19661.03
2020,8,155,Entity_0155,1.0,L2-ALL,-20409.51
2020,9,155,Entity_0155,1.0,L2-ALL,-20422.78
2020,10,155,Entity_0155,1.0,L2-ALL,-20754.68
2020,11,155,Entity_0155,1.0,L2-ALL,-20450.64
2020,12,155,Entity_0155,1.0,L2-ALL,35830.25
2020,1,157,Entity_0157,1.0,L2-ALL,-13267.85
2020,2,157,Entity_0157,1.0,L2-ALL,-13281.67
2020,3,157,Entity_0157,1.0,L2-ALL,-13991.85
2020,4,157,Entity_0157,1.0,L2-ALL,-13312.06
2020,5,157,Entity_0157,1.0,L2-ALL,-13673.21
2020,6,157,Entity_0157,1.0,L2-ALL,-13341.37
2020,7,157,Entity_0157,1.0,L2-ALL,-11061.94
2020,8,157,Entity_0157,1.0,L2-ALL,-13370.9
2020,9,157,Entity_0157,1.0,L2-ALL,-13385.1
2020,10,157,Entity_0157,1.0,L2-ALL,-13744.16
2020,11,157,Entity_0157,1.0,L2-ALL,-13414.95
2020,12,157,Entity_0157,1.0,L2-ALL,84167.84
2020,1,160,Entity_0160,1.0,L2-ALL,-14843.44
2020,2,160,Entity_0160,1.0,L2-ALL,-14860.98
2020,3,160,Entity_0160,1.0,L2-ALL,-15674.72
2020,4,160,Entity_0160,1.0,L2-ALL,-14898.9
2020,5,160,Entity_0160,1.0,L2-ALL,-15313.47
2020,6,160,Entity_0160,1.0,L2-ALL,-14935.74
2020,7,160,Entity_0160,1.0,L2-ALL,-12659.49
2020,8,160,Entity_0160,1.0,L2-ALL,-14972.83
2020,9,160,Entity_0160,1.0,L2-ALL,-14990.8
2020,10,160,Entity_0160,1.0,L2-ALL,-15402.7
2020,11,160,Entity_0160,1.0,L2-ALL,-15028.25
2020,12,160,Entity_0160,1.0,L2-ALL,69660.58
2020,1,164,Entity_0164,1.0,L2-ALL,-12685.49
2020,2,164,Entity_0164,1.0,L2-ALL,-12699.72
2020,3,164,Entity_0164,1.0,L2-ALL,-13360.96
2020,4,164,Entity_0164,1.0,L2-ALL,-12730.5
2020,5,164,Entity_0164,1.0,L2-ALL,-13067.37
2020,6,164,Entity_0164,1.0,L2-ALL,-12760.4
2020,7,164,Entity_0164,1.0,L2-ALL,-10474.65
2020,8,164,Entity_0164,1.0,L2-ALL,-12790.49
2020,9,164,Entity_0164,1.0,L2-ALL,-12805.08
2020,10,164,Entity_0164,1.0,L2-ALL,-13139.78
2020,11,164,Entity_0164,1.0,L2-ALL,-12835.47
2020,12,164,Entity_0164,1.0,L2-ALL,51683.21
2020,1,165,Entity_0165,1.0,L2-ALL,-7947.95
2020,2,165,Entity_0165,1.0,L2-ALL,-8038.66
2020,3,165,Entity_0165,1.0,L2-ALL,-8555.32
2020,4,165,Entity_0165,1.0,L2-ALL,-8099.58
2020,5,165,Entity_0165,1.0,L2-ALL,-8361.02
2020,6,165,Entity_0165,1.0,L2-ALL,-8165.2
2020,7,165,Entity_0165,1.0,L2-ALL,-5999.07
2020,8,165,Entity_0165,1.0,L2-ALL,-8216.65
2020,9,165,Entity_0165,1.0,L2-ALL,-8249.12
2020,10,165,Entity_0165,1.0,L2-ALL,-8522.77
2020,11,165,Entity_0165,1.0,L2-ALL,-8307.12
2020,12,165,Entity_0165,1.0,L2-ALL,36681.65
2020,1,166,Entity_0166,1.0,L2-ALL,-23134.98
2020,2,166,Entity_0166,1.0,L2-ALL,-23134.98
2020,3,166,Entity_0166,1.0,L2-ALL,-22741.3
2020,4,166,Entity_0166,1.0,L2-ALL,-23134.98
2020,5,166,Entity_0166,1.0,L2-ALL,-23134.98
2020,6,166,Entity_0166,1.0,L2-ALL,-23134.98
2020,7,166,Entity_0166,1.0,L2-ALL,-16885.66
2020,8,166,Entity_0166,1.0,L2-ALL,-23135.16
2020,9,166,Entity_0166,1.0,L2-ALL,-23134.98
2020,10,166,Entity_0166,1.0,L2-ALL,-23134.98
2020,11,166,Entity_0166,1.0,L2-ALL,-23126.4
2020,12,166,Entity_0166,1.0,L2-ALL,-23134.98
2020,1,167,Entity_0167,1.0,L2-ALL,-18430.0
2020,2,167,Entity_0167,1.0,L2-ALL,-18430.0
2020,3,167,Entity_0167,1.0,L2-ALL,-18430.0
2020,4,167,Entity_0167,1.0,L2-ALL,-19168.45
2020,5,167,Entity_0167,1.0,L2-ALL,-18430.0
2020,6,167,Entity_0167,1.0,L2-ALL,-18430.0
2020,7,167,Entity_0167,1.0,L2-ALL,-15889.25
2020,8,167,Entity_0167,1.0,L2-ALL,-18430.0
2020,9,167,Entity_0167,1.0,L2-ALL,-18430.0
2020,10,167,Entity_0167,1.0,L2-ALL,-18430.0
2020,11,167,Entity_0167,1.0,L2-ALL,-18430.0
2020,12,167,Entity_0167,1.0,L2-ALL,-18430.0
2020,1,169,Entity_0169,1.0,L2-ALL,-13020.61
2020,2,169,Entity_0169,1.0,L2-ALL,-14988.0
2020,3,169,Entity_0169,1.0,L2-ALL,-14843.25
2020,4,169,Entity_0169,1.0,L2-ALL,-15522.96
2020,5,169,Entity_0169,1.0,L2-ALL,-15963.95
2020,6,169,Entity_0169,1.0,L2-ALL,-15619.31
2020,7,169,Entity_0169,1.0,L2-ALL,-12033.56
2020,8,169,Entity_0169,1.0,L2-ALL,-16483.89
2020,9,169,Entity_0169,1.0,L2-ALL,-15670.68
2020,10,169,Entity_0169,1.0,L2-ALL,-16047.17
2020,11,169,Entity_0169,1.0,L2-ALL,-13489.16
2020,12,169,Entity_0169,1.0,L2-ALL,52383.94
2020,1,172,Entity_0172,1.0,L2-ALL,-12884.84
2020,2,172,Entity_0172,1.0,L2-ALL,-12900.46
2020,8,172,Entity_0172,1.0,L2-ALL,2349.0
2020,1,173,Entity_0173,1.0,L2-ALL,-11876.94
2020,2,173,Entity_0173,1.0,L2-ALL,-11362.09
2020,3,173,Entity_0173,1.0,L2-ALL,-11968.02
2020,4,173,Entity_0173,1.0,L2-ALL,-9814.7
2020,5,173,Entity_0173,1.0,L2-ALL,-11631.46
2020,6,173,Entity_0173,1.0,L2-ALL,-11416.5
2020,7,173,Entity_0173,1.0,L2-ALL,-9137.54
2020,8,173,Entity_0173,1.0,L2-ALL,-11424.19
2020,9,173,Entity_0173,1.0,L2-ALL,-11456.54
2020,10,173,Entity_0173,1.0,L2-ALL,-11763.17
2020,11,173,Entity_0173,1.0,L2-ALL,-11483.79
2020,12,173,Entity_0173,1.0,L2-ALL,78113.37
2020,1,174,Entity_0174,1.0,L2-ALL,-13622.11
2020,2,174,Entity_0174,1.0,L2-ALL,-13636.33
2020,3,174,Entity_0174,1.0,L2-ALL,-14354.21
2020,4,174,Entity_0174,1.0,L2-ALL,-13671.01
2020,5,174,Entity_0174,1.0,L2-ALL,-14036.92
2020,6,174,Entity_0174,1.0,L2-ALL,-13694.93
2020,7,174,Entity_0174,1.0,L2-ALL,-12832.11
2020,8,174,Entity_0174,1.0,L2-ALL,-13713.56
2020,9,174,Entity_0174,1.0,L2-ALL,-13729.01
2020,10,174,Entity_0174,1.0,L2-ALL,-14091.52
2020,11,174,Entity_0174,1.0,L2-ALL,-13761.52
2020,12,174,Entity_0174,1.0,L2-ALL,-14122.91
2020,1,175,Entity_0175,1.0,L2-ALL,-10113.06
2020,2,175,Entity_0175,1.0,L2-ALL,-10122.75
2020,3,175,Entity_0175,1.0,L2-ALL,-10534.81
2020,4,175,Entity_0175,1.0,L2-ALL,-10143.39
2020,5,175,Entity_0175,1.0,L2-ALL,-10353.67
2020,6,175,Entity_0175,1.0,L2-ALL,-10163.56
2020,7,175,Entity_0175,1.0,L2-ALL,-6997.35
2020,8,175,Entity_0175,1.0,L2-ALL,-10183.85
2020,9,175,Entity_0175,1.0,L2-ALL,-10193.74
2020,10,175,Entity_0175,1.0,L2-ALL,-10402.54
2020,11,175,Entity_0175,1.0,L2-ALL,-10214.2
2020,12,175,Entity_0175,1.0,L2-ALL,40745.59
2020,1,176,Entity_0176,1.0,L2-ALL,-66134.87
2020,2,176,Entity_0176,1.0,L2-ALL,-25882.13
2020,3,176,Entity_0176,1.0,L2-ALL,13524.16
2020,4,176,Entity_0176,1.0,L2-ALL,-25923.57
2020,5,176,Entity_0176,1.0,L2-ALL,-26366.38
2020,6,176,Entity_0176,1.0,L2-ALL,-25963.91
2020,7,176,Entity_0176,1.0,L2-ALL,-63089.89
2020,8,176,Entity_0176,1.0,L2-ALL,14270.5
2020,9,176,Entity_0176,1.0,L2-ALL,-26024.22
2020,10,176,Entity_0176,1.0,L2-ALL,-66739.09
2020,11,176,Entity_0176,1.0,L2-ALL,14212.81
2020,12,176,Entity_0176,1.0,L2-ALL,46531.68
2020,1,177,Entity_0177,1.0,L2-ALL,-10924.7
2020,2,177,Entity_0177,1.0,L2-ALL,-10813.48
2020,3,177,Entity_0177,1.0,L2-ALL,-11075.33
2020,4,177,Entity_0177,1.0,L2-ALL,39172.5
2020,5,177,Entity_0177,1.0,L2-ALL,-12308.58
2020,6,177,Entity_0177,1.0,L2-ALL,-12029.74
2020,7,177,Entity_0177,1.0,L2-ALL,39756.64
2020,8,177,Entity_0177,1.0,L2-ALL,-12057.15
2020,9,177,Entity_0177,1.0,L2-ALL,-12070.45
2020,10,177,Entity_0177,1.0,L2-ALL,-12374.56
2020,11,177,Entity_0177,1.0,L2-ALL,-12098.13
2020,12,177,Entity_0177,1.0,L2-ALL,-24131.43
2020,1,178,Entity_0178,1.0,L2-ALL,-13944.1
2020,2,178,Entity_0178,1.0,L2-ALL,-13959.67
2020,3,178,Entity_0178,1.0,L2-ALL,-14677.29
2020,4,178,Entity_0178,1.0,L2-ALL,-14369.74
2020,5,178,Entity_0178,1.0,L2-ALL,-14358.88
2020,6,178,Entity_0178,1.0,L2-ALL,-14025.89
2020,7,178,Entity_0178,1.0,L2-ALL,-11777.83
2020,8,178,Entity_0178,1.0,L2-ALL,-14058.74
2020,9,178,Entity_0178,1.0,L2-ALL,-13603.13
2020,10,178,Entity_0178,1.0,L2-ALL,-13237.95
2020,11,178,Entity_0178,1.0,L2-ALL,-14107.85
2020,12,178,Entity_0178,1.0,L2-ALL,95822.17
2020,1,186,Entity_0186,1.0,L2-ALL,-4448.13
2020,2,186,Entity_0186,1.0,L2-ALL,407.02
2020,3,186,Entity_0186,1.0,L2-ALL,-2880.83
2020,4,186,Entity_0186,1.0,L2-ALL,-2780.11
2020,5,186,Entity_0186,1.0,L2-ALL,-2834.36
2020,6,186,Entity_0186,1.0,L2-ALL,-1785.49
2020,7,186,Entity_0186,1.0,L2-ALL,-2588.72
2020,8,186,Entity_0186,1.0,L2-ALL,-2790.9
2020,9,186,Entity_0186,1.0,L2-ALL,-2793.55
2020,10,186,Entity_0186,1.0,L2-ALL,-2597.39
2020,11,186,Entity_0186,1.0,L2-ALL,-2799.0
2020,12,186,Entity_0186,1.0,L2-ALL,458.31
2020,1,188,Entity_0188,1.0,L2-ALL,-3136.85
2020,2,188,Entity_0188,1.0,L2-ALL,-7543.5
2020,3,188,Entity_0188,1.0,L2-ALL,-7858.71
2020,4,188,Entity_0188,1.0,L2-ALL,-7282.11
2020,5,188,Entity_0188,1.0,L2-ALL,-7856.33
2020,6,188,Entity_0188,1.0,L2-ALL,-7671.94
2020,7,188,Entity_0188,1.0,L2-ALL,-6644.38
2020,8,188,Entity_0188,1.0,L2-ALL,-7713.55
2020,9,188,Entity_0188,1.0,L2-ALL,-7732.21
2020,10,188,Entity_0188,1.0,L2-ALL,-7915.49
2020,11,188,Entity_0188,1.0,L2-ALL,-7784.11
2020,12,188,Entity_0188,1.0,L2-ALL,32371.9
2020,1,189,Entity_0189,1.0,L2-ALL,-11799.23
2020,2,189,Entity_0189,1.0,L2-ALL,-12415.4
2020,3,189,Entity_0189,1.0,L2-ALL,-11354.68
2020,4,189,Entity_0189,1.0,L2-ALL,-11543.91
2020,5,189,Entity_0189,1.0,L2-ALL,-12132.18
2020,6,189,Entity_0189,1.0,L2-ALL,-12145.99
2020,7,189,Entity_0189,1.0,L2-ALL,-11105.85
2020,8,189,Entity_0189,1.0,L2-ALL,-12173.74
2020,9,189,Entity_0189,1.0,L2-ALL,-12187.67
2020,10,189,Entity_0189,1.0,L2-ALL,-12201.64
2020,11,189,Entity_0189,1.0,L2-ALL,-11640.91
2020,12,189,Entity_0189,1.0,L2-ALL,-12804.46
2020,1,190,Entity_0190,1.0,L2-ALL,-14981.06
2020,2,190,Entity_0190,1.0,L2-ALL,-14595.7
2020,3,190,Entity_0190,1.0,L2-ALL,-14415.26
2020,4,190,Entity_0190,1.0,L2-ALL,-14277.13
2020,5,190,Entity_0190,1.0,L2-ALL,-14612.33
2020,6,190,Entity_0190,1.0,L2-ALL,-14306.06
2020,7,190,Entity_0190,1.0,L2-ALL,-10854.79
2020,8,190,Entity_0190,1.0,L2-ALL,-13835.16
2020,9,190,Entity_0190,1.0,L2-ALL,-13931.68
2020,10,190,Entity_0190,1.0,L2-ALL,-14682.37
2020,11,190,Entity_0190,1.0,L2-ALL,-14378.64
2020,12,190,Entity_0190,1.0,L2-ALL,-12546.52
2020,1,192,Entity_0192,1.0,L2-ALL,-3768.48
2020,2,192,Entity_0192,1.0,L2-ALL,-3773.4
2020,3,192,Entity_0192,1.0,L2-ALL,-3955.04
2020,4,192,Entity_0192,1.0,L2-ALL,2733.45
2020,5,192,Entity_0192,1.0,L2-ALL,1640.47
2020,6,192,Entity_0192,1.0,L2-ALL,-3694.12
2020,7,192,Entity_0192,1.0,L2-ALL,2868.27
2020,8,192,Entity_0192,1.0,L2-ALL,-3804.44
2020,9,192,Entity_0192,1.0,L2-ALL,-3809.48
2020,10,192,Entity_0192,1.0,L2-ALL,-3739.14
2020,11,192,Entity_0192,1.0,L2-ALL,-3632.39
2020,12,192,Entity_0192,1.0,L2-ALL,37584.17
2020,1,193,Entity_0193,1.0,L2-ALL,-5796.84
2020,2,193,Entity_0193,1.0,L2-ALL,-5802.48
2020,3,193,Entity_0193,1.0,L2-ALL,-5944.17
2020,4,193,Entity_0193,1.0,L2-ALL,-5814.16
2020,5,193,Entity_0193,1.0,L2-ALL,-5887.49
2020,6,193,Entity_0193,1.0,L2-ALL,-5825.73
2020,7,193,Entity_0193,1.0,L2-ALL,-5898.71
2020,8,193,Entity_0193,1.0,L2-ALL,-5837.35
2020,9,193,Entity_0193,1.0,L2-ALL,-5843.1
2020,10,193,Entity_0193,1.0,L2-ALL,-5915.57
2020,11,193,Entity_0193,1.0,L2-ALL,-4604.81
2020,12,193,Entity_0193,1.0,L2-ALL,35827.07
2020,1,196,Entity_0196,1.0,L2-ALL,-12365.29
2020,2,196,Entity_0196,1.0,L2-ALL,-4145.22
2020,3,196,Entity_0196,1.0,L2-ALL,-11522.67
2020,4,196,Entity_0196,1.0,L2-ALL,-11421.62
2020,5,196,Entity_0196,1.0,L2-ALL,-11684.43
2020,6,196,Entity_0196,1.0,L2-ALL,-11445.66
2020,7,196,Entity_0196,1.0,L2-ALL,-10352.02
2020,8,196,Entity_0196,1.0,L2-ALL,-11469.86
2020,9,196,Entity_0196,1.0,L2-ALL,-11481.63
2020,10,196,Entity_0196,1.0,L2-ALL,-10542.68
2020,11,196,Entity_0196,1.0,L2-ALL,-11506.03
2020,12,196,Entity_0196,1.0,L2-ALL,-11766.37
2020,1,200,Entity_0200,1.0,L2-ALL,-7704.55
2020,2,200,Entity_0200,1.0,L2-ALL,-17014.42
2020,3,200,Entity_0200,1.0,L2-ALL,-15006.91
2020,4,200,Entity_0200,1.0,L2-ALL,-17108.25
2020,5,200,Entity_0200,1.0,L2-ALL,-16495.84
2020,6,200,Entity_0200,1.0,L2-ALL,-16818.35
2020,7,200,Entity_0200,1.0,L2-ALL,-13934.65
2020,8,200,Entity_0200,1.0,L2-ALL,-19099.62
2020,9,200,Entity_0200,1.0,L2-ALL,-16545.54
2020,10,200,Entity_0200,1.0,L2-ALL,-16574.45
2020,11,200,Entity_0200,1.0,L2-ALL,-16905.64
2020,12,200,Entity_0200,1.0,L2-ALL,56679.3
2020,1,201,Entity_0201,1.0,L2-ALL,-8786.08
2020,2,201,Entity_0201,1.0,L2-ALL,-10219.89
2020,3,201,Entity_0201,1.0,L2-ALL,-9807.97
2020,4,201,Entity_0201,1.0,L2-ALL,-9390.79
2020,5,201,Entity_0201,1.0,L2-ALL,-9613.96
2020,6,201,Entity_0201,1.0,L2-ALL,-9410.95
2020,7,201,Entity_0201,1.0,L2-ALL,-8480.52
2020,8,201,Entity_0201,1.0,L2-ALL,-9431.23
2020,9,201,Entity_0201,1.0,L2-ALL,-9441.09
2020,10,201,Entity_0201,1.0,L2-ALL,-9662.78
2020,11,201,Entity_0201,1.0,L2-ALL,-9466.55
2020,12,201,Entity_0201,1.0,L2-ALL,-9682.64
2020,2,212,Entity_0212,1.0,L2-ALL,-33871.42
2020,3,212,Entity_0212,1.0,L2-ALL,-58845.91
2020,4,212,Entity_0212,1.0,L2-ALL,-6802.4
2020,5,212,Entity_0212,1.0,L2-ALL,-7395.44
2020,6,212,Entity_0212,1.0,L2-ALL,-30682.95
2020,7,212,Entity_0212,1.0,L2-ALL,-55817.65
2020,8,212,Entity_0212,1.0,L2-ALL,-43428.72
2020,9,212,Entity_0212,1.0,L2-ALL,-58073.32
2020,10,212,Entity_0212,1.0,L2-ALL,-57786.17
2020,11,212,Entity_0212,1.0,L2-ALL,-63545.57
2020,12,212,Entity_0212,1.0,L2-ALL,4153584.51
2020,2,214,Entity_0214,1.0,L2-ALL,-1811.76
2020,3,214,Entity_0214,1.0,L2-ALL,1605.0
2020,4,214,Entity_0214,1.0,L2-ALL,-9241.47
2020,5,214,Entity_0214,1.0,L2-ALL,-12461.89
2020,6,214,Entity_0214,1.0,L2-ALL,-11584.55
2020,7,214,Entity_0214,1.0,L2-ALL,-10683.34
2020,8,214,Entity_0214,1.0,L2-ALL,-11599.9
2020,9,214,Entity_0214,1.0,L2-ALL,-10357.42
2020,10,214,Entity_0214,1.0,L2-ALL,-11759.54
2020,11,214,Entity_0214,1.0,L2-ALL,-11622.89
2020,12,214,Entity_0214,1.0,L2-ALL,716892.09
2020,2,216,Entity_0216,1.0,L2-ALL,199604.19
2020,4,216,Entity_0216,1.0,L2-ALL,-8652.31
2020,5,216,Entity_0216,1.0,L2-ALL,-12656.69
2020,6,216,Entity_0216,1.0,L2-ALL,-12425.16
2020,7,216,Entity_0216,1.0,L2-ALL,-12679.48
2020,8,216,Entity_0216,1.0,L2-ALL,-11394.79
2020,9,216,Entity_0216,1.0,L2-ALL,-12460.3
2020,10,216,Entity_0216,1.0,L2-ALL,-12713.58
2020,11,216,Entity_0216,1.0,L2-ALL,-12484.12
2020,12,216,Entity_0216,1.0,L2-ALL,-12736.7
2020,2,218,Entity_0218,1.0,L2-ALL,-27280.0
2020,3,218,Entity_0218,1.0,L2-ALL,-0.01
2020,4,218,Entity_0218,1.0,L2-ALL,-12700.72
2020,5,218,Entity_0218,1.0,L2-ALL,-5704.01
2020,6,218,Entity_0218,1.0,L2-ALL,-5624.71
2020,7,218,Entity_0218,1.0,L2-ALL,-14495.93
2020,8,218,Entity_0218,1.0,L2-ALL,-16603.72
2020,9,218,Entity_0218,1.0,L2-ALL,-16616.8
2020,10,218,Entity_0218,1.0,L2-ALL,-16883.56
2020,11,218,Entity_0218,1.0,L2-ALL,-16643.73
2020,12,218,Entity_0218,1.0,L2-ALL,1452208.36
2020,3,224,Entity_0224,3.0,L2B,-16078.28
2020,4,224,Entity_0224,3.0,L2B,15598.42
2020,5,224,Entity_0224,3.0,L2B,21448.41
2020,6,224,Entity_0224,3.0,L2B,-110934.98
2020,7,224,Entity_0224,3.0,L2B,27772.08
2020,8,224,Entity_0224,3.0,L2B,-5483.55
2020,9,224,Entity_0224,3.0,L2B,-35832.31
2020,10,224,Entity_0224,3.0,L2B,-41013.17
2020,11,224,Entity_0224,3.0,L2B,-40087.32
2020,12,224,Entity_0224,3.0,L2B,4951350.51
2020,1,226,Entity_0226,1.0,L2-ALL,-9275.72
2020,2,226,Entity_0226,1.0,L2-ALL,-9044.56
2020,3,226,Entity_0226,1.0,L2-ALL,-9054.96
2020,4,226,Entity_0226,1.0,L2-ALL,-9550.67
2020,5,226,Entity_0226,1.0,L2-ALL,-9079.05
2020,6,226,Entity_0226,1.0,L2-ALL,-9336.33
2020,7,226,Entity_0226,1.0,L2-ALL,-8863.72
2020,8,226,Entity_0226,1.0,L2-ALL,-9354.4
2020,9,226,Entity_0226,1.0,L2-ALL,-9115.7
2020,10,226,Entity_0226,1.0,L2-ALL,-9145.36
2020,11,226,Entity_0226,1.0,L2-ALL,-8137.09
2020,12,226,Entity_0226,1.0,L2-ALL,77769.72
2020,4,231,Entity_0231,1.0,L2-ALL,472969.2
2020,5,231,Entity_0231,1.0,L2-ALL,-17031.8
2020,6,231,Entity_0231,1.0,L2-ALL,-17054.8
2020,7,231,Entity_0231,1.0,L2-ALL,-16388.51
2020,8,231,Entity_0231,1.0,L2-ALL,-16411.51
2020,9,231,Entity_0231,1.0,L2-ALL,-16433.51
2020,10,231,Entity_0231,1.0,L2-ALL,-16456.51
2020,11,231,Entity_0231,1.0,L2-ALL,-15790.22
2020,12,231,Entity_0231,1.0,L2-ALL,-17191.8
2020,5,237,Entity_0237,1.0,L2-ALL,25304.41
2020,6,237,Entity_0237,1.0,L2-ALL,1093.07
2020,7,237,Entity_0237,1.0,L2-ALL,-1085.64
2020,8,237,Entity_0237,1.0,L2-ALL,1248.55
2020,9,237,Entity_0237,1.0,L2-ALL,1248.55
2020,10,237,Entity_0237,1.0,L2-ALL,6228.6
2020,11,237,Entity_0237,1.0,L2-ALL,1248.55
2020,12,237,Entity_0237,1.0,L2-ALL,1057483.11
2020,6,239,Entity_0239,1.0,L2-ALL,290892.64
2020,7,239,Entity_0239,1.0,L2-ALL,-13421.67
2020,8,239,Entity_0239,1.0,L2-ALL,-15389.67
2020,9,239,Entity_0239,1.0,L2-ALL,-14690.18
2020,10,239,Entity_0239,1.0,L2-ALL,-14704.17
2020,11,239,Entity_0239,1.0,L2-ALL,-14004.67
2020,12,239,Entity_0239,1.0,L2-ALL,-15443.67
2020,6,242,Entity_0242,1.0,L2-ALL,19062.52
2020,7,242,Entity_0242,1.0,L2-ALL,-25647.36
2020,8,242,Entity_0242,1.0,L2-ALL,1111.72
2020,9,242,Entity_0242,1.0,L2-ALL,-9246.75
2020,10,242,Entity_0242,1.0,L2-ALL,-9246.75
2020,11,242,Entity_0242,1.0,L2-ALL,-10632.69
2020,12,242,Entity_0242,1.0,L2-ALL,667224.49
2020,7,245,Entity_0245,1.0,L2-ALL,197995.05
2020,8,245,Entity_0245,1.0,L2-ALL,-11896.92
2020,9,245,Entity_0245,1.0,L2-ALL,-10539.98
2020,10,245,Entity_0245,1.0,L2-ALL,-10719.25
2020,11,245,Entity_0245,1.0,L2-ALL,-10083.04
2020,12,245,Entity_0245,1.0,L2-ALL,640208.93
2020,7,249,Entity_0249,1.0,L2-ALL,-45117.24
2020,8,249,Entity_0249,1.0,L2-ALL,37229.93
2020,9,249,Entity_0249,1.0,L2-ALL,-21214.88
2020,10,249,Entity_0249,1.0,L2-ALL,-50532.24
2020,11,249,Entity_0249,1.0,L2-ALL,-6854.59
2020,12,249,Entity_0249,1.0,L2-ALL,1906204.74
2020,9,254,Entity_0254,1.0,L2-ALL,167429.04
2020,11,254,Entity_0254,1.0,L2-ALL,-5531.94
2020,12,254,Entity_0254,1.0,L2-ALL,-7688.81
2020,12,284,Entity_0284,1.0,L2-ALL,225589.66
2020,12,291,Entity_0291,1.0,L2-ALL,1716411.47
2020,12,294,Entity_0294,1.0,L2-ALL,506589.95
2020,12,295,Entity_0295,1.0,L2-ALL,3280127.17
2020,12,306,Entity_0306,1.0,L2-ALL,265806.65
2020,12,307,Entity_0307,1.0,L2-ALL,1937735.0
2021,1,2,Entity_0002,1.0,L2-ALL,-19966.9
2021,2,2,Entity_0002,1.0,L2-ALL,-19611.29
2021,3,2,Entity_0002,1.0,L2-ALL,-19502.21
2021,4,2,Entity_0002,1.0,L2-ALL,-20416.44
2021,5,2,Entity_0002,1.0,L2-ALL,-19686.91
2021,6,2,Entity_0002,1.0,L2-ALL,-19977.09
2021,7,2,Entity_0002,1.0,L2-ALL,-19180.87
2021,8,2,Entity_0002,1.0,L2-ALL,-19646.32
2021,9,2,Entity_0002,1.0,L2-ALL,-20393.33
2021,10,2,Entity_0002,1.0,L2-ALL,-19979.07
2021,11,2,Entity_0002,1.0,L2-ALL,-19899.36
2021,12,2,Entity_0002,1.0,L2-ALL,30659.99
2021,1,3,Entity_0003,1.0,L2-ALL,-18546.18
2021,2,3,Entity_0003,1.0,L2-ALL,-18562.14
2021,3,3,Entity_0003,1.0,L2-ALL,-19354.18
2021,4,3,Entity_0003,1.0,L2-ALL,-17843.41
2021,5,3,Entity_0003,1.0,L2-ALL,-18905.92
2021,6,3,Entity_0003,1.0,L2-ALL,-18548.2
2021,7,3,Entity_0003,1.0,L2-ALL,-18937.18
2021,8,3,Entity_0003,1.0,L2-ALL,-18658.79
2021,9,3,Entity_0003,1.0,L2-ALL,-16873.04
2021,10,3,Entity_0003,1.0,L2-ALL,-18984.37
2021,11,3,Entity_0003,1.0,L2-ALL,-18707.67
2021,12,3,Entity_0003,1.0,L2-ALL,132214.06
2021,12,6,ADMIN_ENTITY_0006,1.0,L2-ALL,-364.58
2021,1,7,Entity_0007,1.0,L2-ALL,-18574.28
2021,2,7,Entity_0007,1.0,L2-ALL,-18599.93
2021,3,7,Entity_0007,1.0,L2-ALL,-19518.95
2021,4,7,Entity_0007,1.0,L2-ALL,-18654.22
2021,5,7,Entity_0007,1.0,L2-ALL,-18698.62
2021,6,7,Entity_0007,1.0,L2-ALL,-18707.0
2021,7,7,Entity_0007,1.0,L2-ALL,-19027.36
2021,8,7,Entity_0007,1.0,L2-ALL,-18760.11
2021,9,7,Entity_0007,1.0,L2-ALL,-17536.33
2021,10,7,Entity_0007,1.0,L2-ALL,-19104.36
2021,11,7,Entity_0007,1.0,L2-ALL,-18839.91
2021,12,7,Entity_0007,1.0,L2-ALL,105008.62
2021,1,11,Entity_0011,1.0,L2-ALL,-18885.41
2021,2,11,Entity_0011,1.0,L2-ALL,-6332.2
2021,3,11,Entity_0011,1.0,L2-ALL,-11242.24
2021,4,11,Entity_0011,1.0,L2-ALL,-13071.33
2021,5,11,Entity_0011,1.0,L2-ALL,-11094.13
2021,6,11,Entity_0011,1.0,L2-ALL,-12502.46
2021,7,11,Entity_0011,1.0,L2-ALL,-10030.79
2021,8,11,Entity_0011,1.0,L2-ALL,-12524.78
2021,9,11,Entity_0011,1.0,L2-ALL,-12049.7
2021,10,11,Entity_0011,1.0,L2-ALL,-12642.69
2021,11,11,Entity_0011,1.0,L2-ALL,-12558.21
2021,12,11,Entity_0011,1.0,L2-ALL,69999.49
2021,1,19,Entity_0019,1.0,L2-ALL,-13724.79
2021,2,19,Entity_0019,1.0,L2-ALL,-13737.23
2021,3,19,Entity_0019,1.0,L2-ALL,-14451.31
2021,4,19,Entity_0019,1.0,L2-ALL,-13762.22
2021,5,19,Entity_0019,1.0,L2-ALL,-13631.34
2021,6,19,Entity_0019,1.0,L2-ALL,-13787.28
2021,7,19,Entity_0019,1.0,L2-ALL,-14032.13
2021,8,19,Entity_0019,1.0,L2-ALL,-13812.51
2021,9,19,Entity_0019,1.0,L2-ALL,-13741.17
2021,10,19,Entity_0019,1.0,L2-ALL,-13977.89
2021,11,19,Entity_0019,1.0,L2-ALL,-13850.58
2021,12,19,Entity_0019,1.0,L2-ALL,108777.37
2021,1,20,Entity_0020,1.0,L2-ALL,-8666.52
2021,2,20,Entity_0020,1.0,L2-ALL,-8678.21
2021,3,20,Entity_0020,1.0,L2-ALL,-9376.08
2021,4,20,Entity_0020,1.0,L2-ALL,-8712.04
2021,5,20,Entity_0020,1.0,L2-ALL,-8708.56
2021,6,20,Entity_0020,1.0,L2-ALL,-8729.94
2021,7,20,Entity_0020,1.0,L2-ALL,-8971.73
2021,8,20,Entity_0020,1.0,L2-ALL,-8655.34
2021,9,20,Entity_0020,1.0,L2-ALL,-8549.2
2021,10,20,Entity_0020,1.0,L2-ALL,-9006.95
2021,11,20,Entity_0020,1.0,L2-ALL,-8790.85
2021,12,20,Entity_0020,1.0,L2-ALL,78565.12
2021,1,21,Entity_0021,1.0,L2-ALL,-13590.68
2021,2,21,Entity_0021,1.0,L2-ALL,-13602.32
2021,3,21,Entity_0021,1.0,L2-ALL,-14269.91
2021,4,21,Entity_0021,1.0,L2-ALL,-13627.36
2021,5,21,Entity_0021,1.0,L2-ALL,-13856.92
2021,6,21,Entity_0021,1.0,L2-ALL,-13512.65
2021,7,21,Entity_0021,1.0,L2-ALL,-13880.25
2021,8,21,Entity_0021,1.0,L2-ALL,-13675.57
2021,9,21,Entity_0021,1.0,L2-ALL,-13687.43
2021,10,21,Entity_0021,1.0,L2-ALL,-13915.2
2021,11,21,Entity_0021,1.0,L2-ALL,-13711.78
2021,12,21,Entity_0021,1.0,L2-ALL,33815.6
2021,1,22,Entity_0022,1.0,L2-ALL,-15560.62
2021,2,22,Entity_0022,1.0,L2-ALL,-12189.26
2021,3,22,Entity_0022,1.0,L2-ALL,-12553.92
2021,4,22,Entity_0022,1.0,L2-ALL,-13441.61
2021,5,22,Entity_0022,1.0,L2-ALL,-12277.87
2021,6,22,Entity_0022,1.0,L2-ALL,-12065.49
2021,7,22,Entity_0022,1.0,L2-ALL,-12724.77
2021,8,22,Entity_0022,1.0,L2-ALL,-12243.9
2021,9,22,Entity_0022,1.0,L2-ALL,-12498.8
2021,10,22,Entity_0022,1.0,L2-ALL,-11080.96
2021,11,22,Entity_0022,1.0,L2-ALL,-10846.64
2021,12,22,Entity_0022,1.0,L2-ALL,35780.75
2021,1,23,Entity_0023,1.0,L2-ALL,-13341.39
2021,2,23,Entity_0023,1.0,L2-ALL,-13025.66
2021,3,23,Entity_0023,1.0,L2-ALL,-13233.22
2021,4,23,Entity_0023,1.0,L2-ALL,-13740.52
2021,5,23,Entity_0023,1.0,L2-ALL,-13296.8
2021,6,23,Entity_0023,1.0,L2-ALL,-13021.7
2021,7,23,Entity_0023,1.0,L2-ALL,-13330.45
2021,8,23,Entity_0023,1.0,L2-ALL,-13056.77
2021,9,23,Entity_0023,1.0,L2-ALL,-13719.99
2021,10,23,Entity_0023,1.0,L2-ALL,-13352.21
2021,11,23,Entity_0023,1.0,L2-ALL,-13280.63
2021,12,23,Entity_0023,1.0,L2-ALL,93213.44
2021,1,24,Entity_0024,1.0,L2-ALL,-10827.18
2021,2,24,Entity_0024,1.0,L2-ALL,-10364.72
2021,3,24,Entity_0024,1.0,L2-ALL,-10668.73
2021,4,24,Entity_0024,1.0,L2-ALL,-11411.84
2021,5,24,Entity_0024,1.0,L2-ALL,-10254.16
2021,6,24,Entity_0024,1.0,L2-ALL,-10840.45
2021,7,24,Entity_0024,1.0,L2-ALL,-10811.17
2021,8,24,Entity_0024,1.0,L2-ALL,-10410.28
2021,9,24,Entity_0024,1.0,L2-ALL,-11381.76
2021,10,24,Entity_0024,1.0,L2-ALL,-10843.03
2021,11,24,Entity_0024,1.0,L2-ALL,-10737.3
2021,12,24,Entity_0024,1.0,L2-ALL,140560.19
2021,1,25,Entity_0025,1.0,L2-ALL,-13505.42
2021,2,25,Entity_0025,1.0,L2-ALL,-13025.59
2021,3,25,Entity_0025,1.0,L2-ALL,-13341.0
2021,4,25,Entity_0025,1.0,L2-ALL,-14111.99
2021,5,25,Entity_0025,1.0,L2-ALL,-13108.88
2021,6,25,Entity_0025,1.0,L2-ALL,-13399.17
2021,7,25,Entity_0025,1.0,L2-ALL,-13488.78
2021,8,25,Entity_0025,1.0,L2-ALL,-13072.86
2021,9,25,Entity_0025,1.0,L2-ALL,-13823.67
2021,10,25,Entity_0025,1.0,L2-ALL,-13521.85
2021,11,25,Entity_0025,1.0,L2-ALL,-13413.08
2021,12,25,Entity_0025,1.0,L2-ALL,111051.71
2021,1,26,Entity_0026,1.0,L2-ALL,-7450.48
2021,2,26,Entity_0026,1.0,L2-ALL,-7134.15
2021,3,26,Entity_0026,1.0,L2-ALL,-7342.11
2021,4,26,Entity_0026,1.0,L2-ALL,-7850.4
2021,5,26,Entity_0026,1.0,L2-ALL,-6997.13
2021,6,26,Entity_0026,1.0,L2-ALL,-7459.57
2021,7,26,Entity_0026,1.0,L2-ALL,-7439.53
2021,8,26,Entity_0026,1.0,L2-ALL,-7165.32
2021,9,26,Entity_0026,1.0,L2-ALL,-7829.82
2021,10,26,Entity_0026,1.0,L2-ALL,-7461.33
2021,11,26,Entity_0026,1.0,L2-ALL,-7389.61
2021,12,26,Entity_0026,1.0,L2-ALL,40044.27
2021,1,27,Entity_0027,1.0,L2-ALL,-14111.87
2021,2,27,Entity_0027,1.0,L2-ALL,-13551.97
2021,3,27,Entity_0027,1.0,L2-ALL,-13920.03
2021,4,27,Entity_0027,1.0,L2-ALL,-14819.68
2021,5,27,Entity_0027,1.0,L2-ALL,-14032.78
2021,6,27,Entity_0027,1.0,L2-ALL,-14127.93
2021,7,27,Entity_0027,1.0,L2-ALL,-14092.47
2021,8,27,Entity_0027,1.0,L2-ALL,-13607.12
2021,9,27,Entity_0027,1.0,L2-ALL,-14783.27
2021,10,27,Entity_0027,1.0,L2-ALL,-14131.06
2021,11,27,Entity_0027,1.0,L2-ALL,-14004.15
2021,12,27,Entity_0027,1.0,L2-ALL,33182.95
2021,1,28,Entity_0028,1.0,L2-ALL,-10122.53
2021,2,28,Entity_0028,1.0,L2-ALL,-10130.12
2021,3,28,Entity_0028,1.0,L2-ALL,-10560.77
2021,4,28,Entity_0028,1.0,L2-ALL,-10145.36
2021,5,28,Entity_0028,1.0,L2-ALL,-9967.44
2021,6,28,Entity_0028,1.0,L2-ALL,-10556.66
2021,7,28,Entity_0028,1.0,L2-ALL,-10704.37
2021,8,28,Entity_0028,1.0,L2-ALL,-10572.07
2021,9,28,Entity_0028,1.0,L2-ALL,-10579.79
2021,10,28,Entity_0028,1.0,L2-ALL,-10726.81
2021,11,28,Entity_0028,1.0,L2-ALL,-10595.3
2021,12,28,Entity_0028,1.0,L2-ALL,37012.58
2021,1,29,Entity_0029,1.0,L2-ALL,-8365.19
2021,2,29,Entity_0029,1.0,L2-ALL,-8371.2
2021,3,29,Entity_0029,1.0,L2-ALL,-8797.3
2021,4,29,Entity_0029,1.0,L2-ALL,-8387.76
2021,5,29,Entity_0029,1.0,L2-ALL,-8269.37
2021,6,29,Entity_0029,1.0,L2-ALL,-8402.91
2021,7,29,Entity_0029,1.0,L2-ALL,-8549.07
2021,8,29,Entity_0029,1.0,L2-ALL,-8418.15
2021,9,29,Entity_0029,1.0,L2-ALL,-8425.79
2021,10,29,Entity_0029,1.0,L2-ALL,-8571.26
2021,11,29,Entity_0029,1.0,L2-ALL,-8441.14
2021,12,29,Entity_0029,1.0,L2-ALL,39168.27
2021,1,32,Entity_0032,1.0,L2-ALL,-18420.18
2021,2,32,Entity_0032,1.0,L2-ALL,-16941.27
2021,3,32,Entity_0032,1.0,L2-ALL,-16858.91
2021,4,32,Entity_0032,1.0,L2-ALL,-17878.9
2021,5,32,Entity_0032,1.0,L2-ALL,-17165.44
2021,6,32,Entity_0032,1.0,L2-ALL,-18527.38
2021,7,32,Entity_0032,1.0,L2-ALL,-16656.94
2021,8,32,Entity_0032,1.0,L2-ALL,-18570.03
2021,9,32,Entity_0032,1.0,L2-ALL,-18590.9
2021,10,32,Entity_0032,1.0,L2-ALL,-18971.01
2021,11,32,Entity_0032,1.0,L2-ALL,-18633.95
2021,12,32,Entity_0032,1.0,L2-ALL,161240.57
2021,1,34,Entity_0034,1.0,L2-ALL,-18843.76
2021,2,34,Entity_0034,1.0,L2-ALL,-18863.29
2021,3,34,Entity_0034,1.0,L2-ALL,-19927.04
2021,4,34,Entity_0034,1.0,L2-ALL,-18905.9
2021,5,34,Entity_0034,1.0,L2-ALL,-17827.3
2021,6,34,Entity_0034,1.0,L2-ALL,-18401.91
2021,7,34,Entity_0034,1.0,L2-ALL,-16470.21
2021,8,34,Entity_0034,1.0,L2-ALL,-18987.42
2021,9,34,Entity_0034,1.0,L2-ALL,-19007.41
2021,10,34,Entity_0034,1.0,L2-ALL,-19375.85
2021,11,34,Entity_0034,1.0,L2-ALL,-19048.68
2021,12,34,Entity_0034,1.0,L2-ALL,179386.09
2021,1,35,Entity_0035,1.0,L2-ALL,-14791.58
2021,2,35,Entity_0035,1.0,L2-ALL,-14814.92
2021,3,35,Entity_0035,1.0,L2-ALL,-14945.6
2021,4,35,Entity_0035,1.0,L2-ALL,-14862.52
2021,5,35,Entity_0035,1.0,L2-ALL,-15420.85
2021,6,35,Entity_0035,1.0,L2-ALL,-14280.96
2021,7,35,Entity_0035,1.0,L2-ALL,-15467.13
2021,8,35,Entity_0035,1.0,L2-ALL,-9364.3
2021,9,35,Entity_0035,1.0,L2-ALL,-14983.74
2021,10,35,Entity_0035,1.0,L2-ALL,-14938.32
2021,11,35,Entity_0035,1.0,L2-ALL,-15032.87
2021,12,35,Entity_0035,1.0,L2-ALL,-15586.2
2021,1,41,Entity_0041,1.0,L2-ALL,-37139.82
2021,2,41,Entity_0041,1.0,L2-ALL,-31096.93
2021,3,41,Entity_0041,1.0,L2-ALL,-37925.57
2021,4,41,Entity_0041,1.0,L2-ALL,-86235.16
2021,5,41,Entity_0041,1.0,L2-ALL,17475.39
2021,6,41,Entity_0041,1.0,L2-ALL,-34354.26
2021,7,41,Entity_0041,1.0,L2-ALL,-39817.86
2021,8,41,Entity_0041,1.0,L2-ALL,-33410.68
2021,9,41,Entity_0041,1.0,L2-ALL,-37444.5
2021,10,41,Entity_0041,1.0,L2-ALL,-35770.87
2021,11,41,Entity_0041,1.0,L2-ALL,-35239.22
2021,12,41,Entity_0041,1.0,L2-ALL,155295.14
2021,1,43,Entity_0043,1.0,L2-ALL,-11322.36
2021,2,43,Entity_0043,1.0,L2-ALL,-11340.99
2021,3,43,Entity_0043,1.0,L2-ALL,-10448.78
2021,4,43,Entity_0043,1.0,L2-ALL,-11274.6
2021,5,43,Entity_0043,1.0,L2-ALL,-11597.52
2021,6,43,Entity_0043,1.0,L2-ALL,72763.63
2021,7,43,Entity_0043,1.0,L2-ALL,-14110.1
2021,8,43,Entity_0043,1.0,L2-ALL,-8228.02
2021,9,43,Entity_0043,1.0,L2-ALL,-12231.2
2021,10,43,Entity_0043,1.0,L2-ALL,-11749.05
2021,11,43,Entity_0043,1.0,L2-ALL,-12084.91
2021,12,43,Entity_0043,1.0,L2-ALL,-12278.19
2021,1,44,Entity_0044,1.0,L2-ALL,-11636.01
2021,2,44,Entity_0044,1.0,L2-ALL,-11656.84
2021,3,44,Entity_0044,1.0,L2-ALL,-10790.73
2021,4,44,Entity_0044,1.0,L2-ALL,-11698.69
2021,5,44,Entity_0044,1.0,L2-ALL,-11942.7
2021,6,44,Entity_0044,1.0,L2-ALL,82123.78
2021,7,44,Entity_0044,1.0,L2-ALL,-14742.21
2021,8,44,Entity_0044,1.0,L2-ALL,-11210.42
2021,9,44,Entity_0044,1.0,L2-ALL,-11711.21
2021,10,44,Entity_0044,1.0,L2-ALL,-12666.33
2021,11,44,Entity_0044,1.0,L2-ALL,-12485.72
2021,12,44,Entity_0044,1.0,L2-ALL,-12701.06
2021,1,46,Entity_0046,1.0,L2-ALL,-15600.42
2021,2,46,Entity_0046,1.0,L2-ALL,-15324.85
2021,3,46,Entity_0046,1.0,L2-ALL,-15018.58
2021,4,46,Entity_0046,1.0,L2-ALL,-11021.31
2021,5,46,Entity_0046,1.0,L2-ALL,-16000.81
2021,6,46,Entity_0046,1.0,L2-ALL,106389.04
2021,7,46,Entity_0046,1.0,L2-ALL,-18628.35
2021,8,46,Entity_0046,1.0,L2-ALL,-12932.65
2021,9,46,Entity_0046,1.0,L2-ALL,-16563.54
2021,10,46,Entity_0046,1.0,L2-ALL,-14173.21
2021,11,46,Entity_0046,1.0,L2-ALL,-15904.83
2021,12,46,Entity_0046,1.0,L2-ALL,-16991.0
2021,1,47,Entity_0047,1.0,L2-ALL,-9500.33
2021,2,47,Entity_0047,1.0,L2-ALL,-9517.08
2021,3,47,Entity_0047,1.0,L2-ALL,-8560.92
2021,4,47,Entity_0047,1.0,L2-ALL,-7460.78
2021,5,47,Entity_0047,1.0,L2-ALL,-9747.29
2021,6,47,Entity_0047,1.0,L2-ALL,65751.17
2021,7,47,Entity_0047,1.0,L2-ALL,-12001.96
2021,8,47,Entity_0047,1.0,L2-ALL,-6662.19
2021,9,47,Entity_0047,1.0,L2-ALL,-10315.91
2021,10,47,Entity_0047,1.0,L2-ALL,-10231.09
2021,11,47,Entity_0047,1.0,L2-ALL,-10184.64
2021,12,47,Entity_0047,1.0,L2-ALL,-10358.08
2021,1,48,Entity_0048,1.0,L2-ALL,-8433.34
2021,2,48,Entity_0048,1.0,L2-ALL,-8452.66
2021,3,48,Entity_0048,1.0,L2-ALL,-9095.34
2021,4,48,Entity_0048,1.0,L2-ALL,-8491.41
2021,5,48,Entity_0048,1.0,L2-ALL,-8717.4
2021,6,48,Entity_0048,1.0,L2-ALL,77909.57
2021,7,48,Entity_0048,1.0,L2-ALL,-11310.27
2021,8,48,Entity_0048,1.0,L2-ALL,-6733.38
2021,9,48,Entity_0048,1.0,L2-ALL,-9371.32
2021,10,48,Entity_0048,1.0,L2-ALL,-9387.62
2021,11,48,Entity_0048,1.0,L2-ALL,-9220.33
2021,12,48,Entity_0048,1.0,L2-ALL,-9419.79
2021,1,49,Entity_0049,1.0,L2-ALL,-10618.39
2021,2,49,Entity_0049,1.0,L2-ALL,-10639.75
2021,3,49,Entity_0049,1.0,L2-ALL,-12249.79
2021,4,49,Entity_0049,1.0,L2-ALL,-8664.38
2021,5,49,Entity_0049,1.0,L2-ALL,-11238.96
2021,6,49,Entity_0049,1.0,L2-ALL,-10734.99
2021,7,49,Entity_0049,1.0,L2-ALL,-11283.29
2021,8,49,Entity_0049,1.0,L2-ALL,-6626.95
2021,9,49,Entity_0049,1.0,L2-ALL,-10459.27
2021,10,49,Entity_0049,1.0,L2-ALL,-11349.39
2021,11,49,Entity_0049,1.0,L2-ALL,-10849.57
2021,12,49,Entity_0049,1.0,L2-ALL,-11394.63
2021,1,51,Entity_0051,1.0,L2-ALL,-11598.88
2021,2,51,Entity_0051,1.0,L2-ALL,-11619.65
2021,3,51,Entity_0051,1.0,L2-ALL,-13185.38
2021,4,51,Entity_0051,1.0,L2-ALL,-9992.91
2021,5,51,Entity_0051,1.0,L2-ALL,-12202.37
2021,6,51,Entity_0051,1.0,L2-ALL,-11712.27
2021,7,51,Entity_0051,1.0,L2-ALL,-12245.47
2021,8,51,Entity_0051,1.0,L2-ALL,-10734.93
2021,9,51,Entity_0051,1.0,L2-ALL,-10810.67
2021,10,51,Entity_0051,1.0,L2-ALL,-12309.76
2021,11,51,Entity_0051,1.0,L2-ALL,-11823.69
2021,12,51,Entity_0051,1.0,L2-ALL,-12353.75
2021,1,55,Entity_0055,1.0,L2-ALL,-9353.38
2021,2,55,Entity_0055,1.0,L2-ALL,-9720.11
2021,3,55,Entity_0055,1.0,L2-ALL,-9742.28
2021,4,55,Entity_0055,1.0,L2-ALL,-6029.09
2021,5,55,Entity_0055,1.0,L2-ALL,-8880.92
2021,6,55,Entity_0055,1.0,L2-ALL,-8952.1
2021,7,55,Entity_0055,1.0,L2-ALL,-5846.51
2021,8,55,Entity_0055,1.0,L2-ALL,-8807.34
2021,9,55,Entity_0055,1.0,L2-ALL,-9134.53
2021,10,55,Entity_0055,1.0,L2-ALL,-9050.47
2021,11,55,Entity_0055,1.0,L2-ALL,-8901.42
2021,12,55,Entity_0055,1.0,L2-ALL,-9137.63
2021,1,57,Entity_0057,1.0,L2-ALL,-13292.36
2021,2,57,Entity_0057,1.0,L2-ALL,-13328.32
2021,3,57,Entity_0057,1.0,L2-ALL,-10133.54
2021,4,57,Entity_0057,1.0,L2-ALL,-4296.45
2021,5,57,Entity_0057,1.0,L2-ALL,-12360.5
2021,6,57,Entity_0057,1.0,L2-ALL,-12387.94
2021,7,57,Entity_0057,1.0,L2-ALL,-9411.53
2021,8,57,Entity_0057,1.0,L2-ALL,-12046.9
2021,9,57,Entity_0057,1.0,L2-ALL,-12803.56
2021,10,57,Entity_0057,1.0,L2-ALL,-12627.83
2021,11,57,Entity_0057,1.0,L2-ALL,-12249.33
2021,12,57,Entity_0057,1.0,L2-ALL,-12840.38
2021,1,60,Entity_0060,1.0,L2-ALL,-10694.81
2021,2,60,Entity_0060,1.0,L2-ALL,-11334.33
2021,3,60,Entity_0060,1.0,L2-ALL,-11370.57
2021,4,60,Entity_0060,1.0,L2-ALL,-5773.36
2021,5,60,Entity_0060,1.0,L2-ALL,-10409.26
2021,6,60,Entity_0060,1.0,L2-ALL,-10425.14
2021,7,60,Entity_0060,1.0,L2-ALL,14491.58
2021,8,60,Entity_0060,1.0,L2-ALL,-10198.28
2021,9,60,Entity_0060,1.0,L2-ALL,13342.27
2021,10,60,Entity_0060,1.0,L2-ALL,-10579.81
2021,11,60,Entity_0060,1.0,L2-ALL,-10331.13
2021,12,60,Entity_0060,1.0,L2-ALL,-10701.69
2021,1,63,Entity_0063,1.0,L2-ALL,-10171.41
2021,2,63,Entity_0063,1.0,L2-ALL,-10181.41
2021,3,63,Entity_0063,1.0,L2-ALL,-71410.41
2021,4,63,Entity_0063,1.0,L2-ALL,-10171.41
2021,5,63,Entity_0063,1.0,L2-ALL,-10181.41
2021,6,63,Entity_0063,1.0,L2-ALL,-10181.41
2021,7,63,Entity_0063,1.0,L2-ALL,-10181.41
2021,8,63,Entity_0063,1.0,L2-ALL,-7929.0
2021,9,63,Entity_0063,1.0,L2-ALL,-9943.66
2021,10,63,Entity_0063,1.0,L2-ALL,-10181.41
2021,11,63,Entity_0063,1.0,L2-ALL,-10181.41
2021,12,63,Entity_0063,1.0,L2-ALL,-10181.41
2021,1,64,Entity_0064,1.0,L2-ALL,-14033.47
2021,2,64,Entity_0064,1.0,L2-ALL,-14379.95
2021,3,64,Entity_0064,1.0,L2-ALL,-14127.98
2021,4,64,Entity_0064,1.0,L2-ALL,-14087.48
2021,5,64,Entity_0064,1.0,L2-ALL,-14234.34
2021,6,64,Entity_0064,1.0,L2-ALL,-13906.08
2021,7,64,Entity_0064,1.0,L2-ALL,-12029.62
2021,8,64,Entity_0064,1.0,L2-ALL,-14522.58
2021,9,64,Entity_0064,1.0,L2-ALL,-13827.04
2021,10,64,Entity_0064,1.0,L2-ALL,-14482.64
2021,11,64,Entity_0064,1.0,L2-ALL,-14455.97
2021,12,64,Entity_0064,1.0,L2-ALL,-14001.04
2021,1,65,Entity_0065,1.0,L2-ALL,-24363.18
2021,2,65,Entity_0065,1.0,L2-ALL,-24556.05
2021,3,65,Entity_0065,1.0,L2-ALL,-24016.32
2021,4,65,Entity_0065,1.0,L2-ALL,-24132.33
2021,5,65,Entity_0065,1.0,L2-ALL,-24834.26
2021,6,65,Entity_0065,1.0,L2-ALL,-23622.3
2021,7,65,Entity_0065,1.0,L2-ALL,-23439.93
2021,8,65,Entity_0065,1.0,L2-ALL,-25065.1
2021,9,65,Entity_0065,1.0,L2-ALL,-23475.77
2021,10,65,Entity_0065,1.0,L2-ALL,-24891.85
2021,11,65,Entity_0065,1.0,L2-ALL,-24814.44
2021,12,65,Entity_0065,1.0,L2-ALL,-23800.5
2021,1,66,Entity_0066,1.0,L2-ALL,-26024.23
2021,2,66,Entity_0066,1.0,L2-ALL,-24655.59
2021,3,66,Entity_0066,1.0,L2-ALL,-24641.65
2021,4,66,Entity_0066,1.0,L2-ALL,-24702.09
2021,5,66,Entity_0066,1.0,L2-ALL,-25702.49
2021,6,66,Entity_0066,1.0,L2-ALL,-23362.32
2021,7,66,Entity_0066,1.0,L2-ALL,-23318.54
2021,8,66,Entity_0066,1.0,L2-ALL,-25640.36
2021,9,66,Entity_0066,1.0,L2-ALL,-23700.62
2021,10,66,Entity_0066,1.0,L2-ALL,-26215.39
2021,11,66,Entity_0066,1.0,L2-ALL,-24860.55
2021,12,66,Entity_0066,1.0,L2-ALL,-24035.2
2021,1,88,Entity_0088,1.0,L2-ALL,-20059.29
2021,2,88,Entity_0088,1.0,L2-ALL,-20069.75
2021,3,88,Entity_0088,1.0,L2-ALL,-20660.36
2021,4,88,Entity_0088,1.0,L2-ALL,-20188.54
2021,5,88,Entity_0088,1.0,L2-ALL,-20368.59
2021,6,88,Entity_0088,1.0,L2-ALL,-20178.33
2021,7,88,Entity_0088,1.0,L2-ALL,-20451.3
2021,8,88,Entity_0088,1.0,L2-ALL,-20275.51
2021,9,88,Entity_0088,1.0,L2-ALL,-18068.22
2021,10,88,Entity_0088,1.0,L2-ALL,-20514.97
2021,11,88,Entity_0088,1.0,L2-ALL,-20390.96
2021,12,88,Entity_0088,1.0,L2-ALL,-20554.19
2021,1,99,Entity_0099,3.0,L2B,-8527.39
2021,2,99,Entity_0099,3.0,L2B,-8542.84
2021,3,99,Entity_0099,3.0,L2B,-9235.99
2021,4,99,Entity_0099,3.0,L2B,-8575.08
2021,5,99,Entity_0099,3.0,L2B,-8577.14
2021,6,99,Entity_0099,3.0,L2B,-7904.86
2021,7,99,Entity_0099,3.0,L2B,-8491.24
2021,8,99,Entity_0099,3.0,L2B,-5514.78
2021,9,99,Entity_0099,3.0,L2B,-8026.36
2021,10,99,Entity_0099,3.0,L2B,-8893.37
2021,11,99,Entity_0099,3.0,L2B,-8484.08
2021,12,99,Entity_0099,3.0,L2B,-8924.17
2021,1,101,Entity_0101,3.0,L2B,-11962.99
2021,2,101,Entity_0101,3.0,L2B,-11992.32
2021,3,101,Entity_0101,3.0,L2B,-12824.14
2021,4,101,Entity_0101,3.0,L2B,-12051.88
2021,5,101,Entity_0101,3.0,L2B,-11337.94
2021,6,101,Entity_0101,3.0,L2B,-10262.49
2021,7,101,Entity_0101,3.0,L2B,-12548.4
2021,8,101,Entity_0101,3.0,L2B,-8609.03
2021,9,101,Entity_0101,3.0,L2B,-12185.73
2021,10,101,Entity_0101,3.0,L2B,-12450.06
2021,11,101,Entity_0101,3.0,L2B,-12260.8
2021,12,101,Entity_0101,3.0,L2B,-12707.18
2021,1,102,Entity_0102,3.0,L2B,-19229.77
2021,2,102,Entity_0102,3.0,L2B,-13697.81
2021,3,102,Entity_0102,3.0,L2B,-13728.07
2021,4,102,Entity_0102,3.0,L2B,-13756.31
2021,5,102,Entity_0102,3.0,L2B,-13784.5
2021,6,102,Entity_0102,3.0,L2B,-13574.32
2021,7,102,Entity_0102,3.0,L2B,-13488.37
2021,8,102,Entity_0102,3.0,L2B,5345.24
2021,9,102,Entity_0102,3.0,L2B,-14604.99
2021,10,102,Entity_0102,3.0,L2B,-13900.99
2021,11,102,Entity_0102,3.0,L2B,-13926.09
2021,12,102,Entity_0102,3.0,L2B,-13941.37
2021,1,103,Entity_0103,3.0,L2B,-12269.88
2021,2,103,Entity_0103,3.0,L2B,-11925.66
2021,3,103,Entity_0103,3.0,L2B,-13728.97
2021,4,103,Entity_0103,3.0,L2B,-10888.69
2021,5,103,Entity_0103,3.0,L2B,-13754.41
2021,6,103,Entity_0103,3.0,L2B,-11370.89
2021,7,103,Entity_0103,3.0,L2B,-9853.27
2021,8,103,Entity_0103,3.0,L2B,-14900.49
2021,9,103,Entity_0103,3.0,L2B,-10959.81
2021,10,103,Entity_0103,3.0,L2B,-13451.66
2021,11,103,Entity_0103,3.0,L2B,-13484.4
2021,12,103,Entity_0103,3.0,L2B,-7698.93
2021,1,104,Entity_0104,3.0,L2B,-6766.41
2021,2,104,Entity_0104,3.0,L2B,-6774.48
2021,3,104,Entity_0104,3.0,L2B,-6782.79
2021,4,104,Entity_0104,3.0,L2B,-6790.72
2021,5,104,Entity_0104,3.0,L2B,-6020.94
2021,6,104,Entity_0104,3.0,L2B,-6807.15
2021,7,104,Entity_0104,3.0,L2B,-6815.12
2021,8,104,Entity_0104,3.0,L2B,-4551.03
2021,9,104,Entity_0104,3.0,L2B,-7135.55
2021,10,104,Entity_0104,3.0,L2B,-6535.58
2021,11,104,Entity_0104,3.0,L2B,-6848.24
2021,12,104,Entity_0104,3.0,L2B,-6856.51
2021,1,105,Entity_0105,1.0,L2-ALL,-12729.91
2021,2,105,Entity_0105,1.0,L2-ALL,-12145.17
2021,3,105,Entity_0105,1.0,L2-ALL,-11769.34
2021,4,105,Entity_0105,1.0,L2-ALL,-12179.08
2021,5,105,Entity_0105,1.0,L2-ALL,-12478.06
2021,6,105,Entity_0105,1.0,L2-ALL,-11909.1
2021,7,105,Entity_0105,1.0,L2-ALL,-12509.16
2021,8,105,Entity_0105,1.0,L2-ALL,-9990.95
2021,9,105,Entity_0105,1.0,L2-ALL,-12259.05
2021,10,105,Entity_0105,1.0,L2-ALL,-12555.73
2021,11,105,Entity_0105,1.0,L2-ALL,-12291.66
2021,12,105,Entity_0105,1.0,L2-ALL,-12587.41
2021,1,107,Entity_0107,1.0,L2-ALL,-7356.0
2021,2,107,Entity_0107,1.0,L2-ALL,-7170.18
2021,3,107,Entity_0107,1.0,L2-ALL,-7382.98
2021,4,107,Entity_0107,1.0,L2-ALL,-7403.3
2021,5,107,Entity_0107,1.0,L2-ALL,-7090.73
2021,6,107,Entity_0107,1.0,L2-ALL,-7433.69
2021,7,107,Entity_0107,1.0,L2-ALL,-6756.96
2021,8,107,Entity_0107,1.0,L2-ALL,-7464.34
2021,9,107,Entity_0107,1.0,L2-ALL,-7479.02
2021,10,107,Entity_0107,1.0,L2-ALL,-7724.09
2021,11,107,Entity_0107,1.0,L2-ALL,-7510.08
2021,12,107,Entity_0107,1.0,L2-ALL,-7853.29
2021,1,108,Entity_0108,1.0,L2-ALL,-14464.44
2021,2,108,Entity_0108,1.0,L2-ALL,-14285.03
2021,3,108,Entity_0108,1.0,L2-ALL,-14878.94
2021,4,108,Entity_0108,1.0,L2-ALL,-14532.23
2021,5,108,Entity_0108,1.0,L2-ALL,-14592.63
2021,6,108,Entity_0108,1.0,L2-ALL,-14575.98
2021,7,108,Entity_0108,1.0,L2-ALL,-12799.43
2021,8,108,Entity_0108,1.0,L2-ALL,-14620.1
2021,9,108,Entity_0108,1.0,L2-ALL,-14641.34
2021,10,108,Entity_0108,1.0,L2-ALL,-15115.35
2021,11,108,Entity_0108,1.0,L2-ALL,-14685.99
2021,12,108,Entity_0108,1.0,L2-ALL,-15158.74
2021,1,110,Entity_0110,1.0,L2-ALL,-5486.31
2021,2,110,Entity_0110,1.0,L2-ALL,-6729.57
2021,3,110,Entity_0110,1.0,L2-ALL,-4594.45
2021,4,110,Entity_0110,1.0,L2-ALL,-1913.87
2021,5,110,Entity_0110,1.0,L2-ALL,-6756.96
2021,6,110,Entity_0110,1.0,L2-ALL,-824.44
2021,7,110,Entity_0110,1.0,L2-ALL,-3615.73
2021,8,110,Entity_0110,1.0,L2-ALL,2258.03
2021,9,110,Entity_0110,1.0,L2-ALL,-15051.06
2021,10,110,Entity_0110,1.0,L2-ALL,-6743.42
2021,11,110,Entity_0110,1.0,L2-ALL,-7107.17
2021,12,110,Entity_0110,1.0,L2-ALL,-6855.83
2021,1,111,Entity_0111,1.0,L2-ALL,-9770.96
2021,2,111,Entity_0111,1.0,L2-ALL,-10265.55
2021,3,111,Entity_0111,1.0,L2-ALL,-10286.72
2021,4,111,Entity_0111,1.0,L2-ALL,-10495.07
2021,5,111,Entity_0111,1.0,L2-ALL,-10776.82
2021,6,111,Entity_0111,1.0,L2-ALL,-9068.47
2021,7,111,Entity_0111,1.0,L2-ALL,-7555.78
2021,8,111,Entity_0111,1.0,L2-ALL,-10050.48
2021,9,111,Entity_0111,1.0,L2-ALL,-10564.53
2021,10,111,Entity_0111,1.0,L2-ALL,-10745.27
2021,11,111,Entity_0111,1.0,L2-ALL,-10592.84
2021,12,111,Entity_0111,1.0,L2-ALL,-10871.77
2021,1,113,Entity_0113,1.0,L2-ALL,-9959.38
2021,2,113,Entity_0113,1.0,L2-ALL,-17808.92
2021,3,113,Entity_0113,1.0,L2-ALL,-2723.97
2021,4,113,Entity_0113,1.0,L2-ALL,-8999.82
2021,5,113,Entity_0113,1.0,L2-ALL,-9329.04
2021,6,113,Entity_0113,1.0,L2-ALL,-10026.09
2021,7,113,Entity_0113,1.0,L2-ALL,-6847.63
2021,8,113,Entity_0113,1.0,L2-ALL,-10052.55
2021,9,113,Entity_0113,1.0,L2-ALL,-10065.39
2021,10,113,Entity_0113,1.0,L2-ALL,-10334.1
2021,11,113,Entity_0113,1.0,L2-ALL,-10092.12
2021,12,113,Entity_0113,1.0,L2-ALL,-10360.07
2021,1,115,Entity_0115,1.0,L2-ALL,-12502.66
2021,2,115,Entity_0115,1.0,L2-ALL,-12502.66
2021,3,115,Entity_0115,1.0,L2-ALL,-10868.16
2021,4,115,Entity_0115,1.0,L2-ALL,-12502.66
2021,5,115,Entity_0115,1.0,L2-ALL,-12502.66
2021,6,115,Entity_0115,1.0,L2-ALL,-12264.91
2021,7,115,Entity_0115,1.0,L2-ALL,-12502.66
2021,8,115,Entity_0115,1.0,L2-ALL,-10220.25
2021,9,115,Entity_0115,1.0,L2-ALL,-12502.66
2021,10,115,Entity_0115,1.0,L2-ALL,-12502.66
2021,11,115,Entity_0115,1.0,L2-ALL,-13145.39
2021,12,115,Entity_0115,1.0,L2-ALL,-11859.93
2021,1,121,Entity_0121,1.0,L2-ALL,-9301.6
2021,2,121,Entity_0121,1.0,L2-ALL,-9455.44
2021,3,121,Entity_0121,1.0,L2-ALL,-17218.97
2021,4,121,Entity_0121,1.0,L2-ALL,-9490.59
2021,5,121,Entity_0121,1.0,L2-ALL,-9886.61
2021,6,121,Entity_0121,1.0,L2-ALL,-9324.84
2021,7,121,Entity_0121,1.0,L2-ALL,-8895.89
2021,8,121,Entity_0121,1.0,L2-ALL,-9555.36
2021,9,121,Entity_0121,1.0,L2-ALL,-9570.93
2021,10,121,Entity_0121,1.0,L2-ALL,-9964.68
2021,11,121,Entity_0121,1.0,L2-ALL,-9603.84
2021,12,121,Entity_0121,1.0,L2-ALL,-9996.67
2021,1,129,Entity_0129,1.0,L2-ALL,-13096.51
2021,2,129,Entity_0129,1.0,L2-ALL,-13108.31
2021,3,129,Entity_0129,1.0,L2-ALL,-13778.68
2021,4,129,Entity_0129,1.0,L2-ALL,-13132.02
2021,5,129,Entity_0129,1.0,L2-ALL,-13362.67
2021,6,129,Entity_0129,1.0,L2-ALL,-13155.85
2021,7,129,Entity_0129,1.0,L2-ALL,-13385.8
2021,8,129,Entity_0129,1.0,L2-ALL,-13179.82
2021,9,129,Entity_0129,1.0,L2-ALL,-13191.85
2021,10,129,Entity_0129,1.0,L2-ALL,-13420.71
2021,11,129,Entity_0129,1.0,L2-ALL,-13216.0
2021,12,129,Entity_0129,1.0,L2-ALL,65037.85
2021,1,131,Entity_0131,1.0,L2-ALL,-18505.84
2021,2,131,Entity_0131,1.0,L2-ALL,-18779.98
2021,3,131,Entity_0131,1.0,L2-ALL,-19866.05
2021,4,131,Entity_0131,1.0,L2-ALL,-18818.39
2021,5,131,Entity_0131,1.0,L2-ALL,-18893.86
2021,6,131,Entity_0131,1.0,L2-ALL,-18857.01
2021,7,131,Entity_0131,1.0,L2-ALL,-19229.53
2021,8,131,Entity_0131,1.0,L2-ALL,-18895.82
2021,9,131,Entity_0131,1.0,L2-ALL,-18915.31
2021,10,131,Entity_0131,1.0,L2-ALL,-19286.1
2021,11,131,Entity_0131,1.0,L2-ALL,-18954.43
2021,12,131,Entity_0131,1.0,L2-ALL,103035.93
2021,1,132,Entity_0132,1.0,L2-ALL,-9046.55
2021,2,132,Entity_0132,1.0,L2-ALL,-9054.49
2021,3,132,Entity_0132,1.0,L2-ALL,-9505.48
2021,4,132,Entity_0132,1.0,L2-ALL,-9070.44
2021,5,132,Entity_0132,1.0,L2-ALL,-9116.62
2021,6,132,Entity_0132,1.0,L2-ALL,-9086.47
2021,7,132,Entity_0132,1.0,L2-ALL,-9241.16
2021,8,132,Entity_0132,1.0,L2-ALL,-9102.6
2021,9,132,Entity_0132,1.0,L2-ALL,-8935.69
2021,10,132,Entity_0132,1.0,L2-ALL,-9264.65
2021,11,132,Entity_0132,1.0,L2-ALL,-9126.94
2021,12,132,Entity_0132,1.0,L2-ALL,64965.58
2021,1,139,Entity_0139,1.0,L2-ALL,-6481.1
2021,2,139,Entity_0139,1.0,L2-ALL,-6091.26
2021,3,139,Entity_0139,1.0,L2-ALL,-7182.61
2021,4,139,Entity_0139,1.0,L2-ALL,-6511.74
2021,5,139,Entity_0139,1.0,L2-ALL,-6040.76
2021,6,139,Entity_0139,1.0,L2-ALL,-6537.7
2021,7,139,Entity_0139,1.0,L2-ALL,-5744.48
2021,8,139,Entity_0139,1.0,L2-ALL,-6550.48
2021,9,139,Entity_0139,1.0,L2-ALL,-6560.4
2021,10,139,Entity_0139,1.0,L2-ALL,-6151.14
2021,11,139,Entity_0139,1.0,L2-ALL,-6579.75
2021,12,139,Entity_0139,1.0,L2-ALL,30350.42
2021,1,142,Entity_0142,3.0,L2B,-30308.98
2021,2,142,Entity_0142,3.0,L2B,-28977.21
2021,3,142,Entity_0142,3.0,L2B,-31340.59
2021,4,142,Entity_0142,3.0,L2B,-27677.86
2021,5,142,Entity_0142,3.0,L2B,-29516.33
2021,6,142,Entity_0142,3.0,L2B,-29099.7
2021,7,142,Entity_0142,3.0,L2B,-25000.74
2021,8,142,Entity_0142,3.0,L2B,-30519.71
2021,9,142,Entity_0142,3.0,L2B,-29191.19
2021,10,142,Entity_0142,3.0,L2B,-29992.16
2021,11,142,Entity_0142,3.0,L2B,-29252.86
2021,12,142,Entity_0142,3.0,L2B,96792.41
2021,1,144,Entity_0144,1.0,L2-ALL,-12002.99
2021,2,144,Entity_0144,1.0,L2-ALL,-12019.88
2021,3,144,Entity_0144,1.0,L2-ALL,-13364.54
2021,4,144,Entity_0144,1.0,L2-ALL,-12059.61
2021,5,144,Entity_0144,1.0,L2-ALL,-12018.03
2021,6,144,Entity_0144,1.0,L2-ALL,-11858.12
2021,7,144,Entity_0144,1.0,L2-ALL,-10300.85
2021,8,144,Entity_0144,1.0,L2-ALL,-12132.43
2021,9,144,Entity_0144,1.0,L2-ALL,-12149.88
2021,10,144,Entity_0144,1.0,L2-ALL,-12605.76
2021,11,144,Entity_0144,1.0,L2-ALL,-12186.9
2021,12,144,Entity_0144,1.0,L2-ALL,-12641.74
2021,1,145,Entity_0145,1.0,L2-ALL,-6390.82
2021,2,145,Entity_0145,1.0,L2-ALL,-6935.99
2021,3,145,Entity_0145,1.0,L2-ALL,-7737.27
2021,4,145,Entity_0145,1.0,L2-ALL,-6959.67
2021,5,145,Entity_0145,1.0,L2-ALL,-6532.84
2021,6,145,Entity_0145,1.0,L2-ALL,-6678.53
2021,7,145,Entity_0145,1.0,L2-ALL,-4109.28
2021,8,145,Entity_0145,1.0,L2-ALL,-7003.07
2021,9,145,Entity_0145,1.0,L2-ALL,-7013.47
2021,10,145,Entity_0145,1.0,L2-ALL,-7285.13
2021,11,145,Entity_0145,1.0,L2-ALL,-7035.53
2021,12,145,Entity_0145,1.0,L2-ALL,-7306.57
2021,1,146,Entity_0146,1.0,L2-ALL,-7550.27
2021,2,146,Entity_0146,1.0,L2-ALL,-7562.2
2021,3,146,Entity_0146,1.0,L2-ALL,-8511.6
2021,4,146,Entity_0146,1.0,L2-ALL,-7590.25
2021,5,146,Entity_0146,1.0,L2-ALL,-5965.92
2021,6,146,Entity_0146,1.0,L2-ALL,-7279.1
2021,7,146,Entity_0146,1.0,L2-ALL,-5686.39
2021,8,146,Entity_0146,1.0,L2-ALL,-6871.67
2021,9,146,Entity_0146,1.0,L2-ALL,-6964.5
2021,10,146,Entity_0146,1.0,L2-ALL,-7975.87
2021,11,146,Entity_0146,1.0,L2-ALL,-7680.14
2021,12,146,Entity_0146,1.0,L2-ALL,-8001.28
2021,1,148,Entity_0148,1.0,L2-ALL,-9173.46
2021,2,148,Entity_0148,1.0,L2-ALL,-8492.64
2021,3,148,Entity_0148,1.0,L2-ALL,-10624.27
2021,4,148,Entity_0148,1.0,L2-ALL,-9231.25
2021,5,148,Entity_0148,1.0,L2-ALL,-9720.23
2021,6,148,Entity_0148,1.0,L2-ALL,-8829.46
2021,7,148,Entity_0148,1.0,L2-ALL,-7505.69
2021,8,148,Entity_0148,1.0,L2-ALL,-9309.51
2021,9,148,Entity_0148,1.0,L2-ALL,-9329.29
2021,10,148,Entity_0148,1.0,L2-ALL,-9805.45
2021,11,148,Entity_0148,1.0,L2-ALL,-9340.74
2021,12,148,Entity_0148,1.0,L2-ALL,-9828.81
2021,1,153,Entity_0153,1.0,L2-ALL,-13572.72
2021,2,153,Entity_0153,1.0,L2-ALL,-13186.39
2021,3,153,Entity_0153,1.0,L2-ALL,-12203.62
2021,4,153,Entity_0153,1.0,L2-ALL,-14430.72
2021,5,153,Entity_0153,1.0,L2-ALL,-12988.07
2021,6,153,Entity_0153,1.0,L2-ALL,-13669.24
2021,7,153,Entity_0153,1.0,L2-ALL,-11023.28
2021,8,153,Entity_0153,1.0,L2-ALL,-13694.98
2021,9,153,Entity_0153,1.0,L2-ALL,-13310.25
2021,10,153,Entity_0153,1.0,L2-ALL,-13329.25
2021,11,153,Entity_0153,1.0,L2-ALL,-13746.98
2021,12,153,Entity_0153,1.0,L2-ALL,-13364.2
2021,1,155,Entity_0155,1.0,L2-ALL,-20787.71
2021,2,155,Entity_0155,1.0,L2-ALL,-20492.23
2021,3,155,Entity_0155,1.0,L2-ALL,-21454.83
2021,4,155,Entity_0155,1.0,L2-ALL,-20522.96
2021,5,155,Entity_0155,1.0,L2-ALL,-20851.99
2021,6,155,Entity_0155,1.0,L2-ALL,-20551.56
2021,7,155,Entity_0155,1.0,L2-ALL,-19857.71
2021,8,155,Entity_0155,1.0,L2-ALL,-20580.37
2021,9,155,Entity_0155,1.0,L2-ALL,-20594.27
2021,10,155,Entity_0155,1.0,L2-ALL,-20921.26
2021,11,155,Entity_0155,1.0,L2-ALL,-20623.39
2021,12,155,Entity_0155,1.0,L2-ALL,-20949.55
2021,1,157,Entity_0157,1.0,L2-ALL,-13445.02
2021,2,157,Entity_0157,1.0,L2-ALL,-13459.5
2021,3,157,Entity_0157,1.0,L2-ALL,-14501.22
2021,4,157,Entity_0157,1.0,L2-ALL,-13492.45
2021,5,157,Entity_0157,1.0,L2-ALL,-13413.69
2021,6,157,Entity_0157,1.0,L2-ALL,-13523.09
2021,7,157,Entity_0157,1.0,L2-ALL,-11292.96
2021,8,157,Entity_0157,1.0,L2-ALL,-13553.96
2021,9,157,Entity_0157,1.0,L2-ALL,-13568.84
2021,10,157,Entity_0157,1.0,L2-ALL,-13922.64
2021,11,157,Entity_0157,1.0,L2-ALL,-13321.46
2021,12,157,Entity_0157,1.0,L2-ALL,-13952.95
2021,1,160,Entity_0160,1.0,L2-ALL,-15065.94
2021,2,160,Entity_0160,1.0,L2-ALL,-15084.22
2021,3,160,Entity_0160,1.0,L2-ALL,-11345.1
2021,4,160,Entity_0160,1.0,L2-ALL,-13449.89
2021,5,160,Entity_0160,1.0,L2-ALL,-15532.9
2021,6,160,Entity_0160,1.0,L2-ALL,-15163.22
2021,7,160,Entity_0160,1.0,L2-ALL,-15570.12
2021,8,160,Entity_0160,1.0,L2-ALL,-12949.39
2021,9,160,Entity_0160,1.0,L2-ALL,-14673.79
2021,10,160,Entity_0160,1.0,L2-ALL,-15625.77
2021,11,160,Entity_0160,1.0,L2-ALL,-15259.49
2021,12,160,Entity_0160,1.0,L2-ALL,-15663.6
2021,1,164,Entity_0164,1.0,L2-ALL,-12866.06
2021,2,164,Entity_0164,1.0,L2-ALL,-22741.87
2021,3,164,Entity_0164,1.0,L2-ALL,-3987.66
2021,4,164,Entity_0164,1.0,L2-ALL,-11238.94
2021,5,164,Entity_0164,1.0,L2-ALL,-13245.48
2021,6,164,Entity_0164,1.0,L2-ALL,-12945.05
2021,7,164,Entity_0164,1.0,L2-ALL,-13077.69
2021,8,164,Entity_0164,1.0,L2-ALL,-10723.96
2021,9,164,Entity_0164,1.0,L2-ALL,-12612.83
2021,10,164,Entity_0164,1.0,L2-ALL,-13320.87
2021,11,164,Entity_0164,1.0,L2-ALL,-13023.21
2021,12,164,Entity_0164,1.0,L2-ALL,-13434.36
2021,1,165,Entity_0165,1.0,L2-ALL,-8670.3
2021,2,165,Entity_0165,1.0,L2-ALL,-8260.79
2021,3,165,Entity_0165,1.0,L2-ALL,-9149.8
2021,4,165,Entity_0165,1.0,L2-ALL,-8447.33
2021,5,165,Entity_0165,1.0,L2-ALL,-8449.66
2021,6,165,Entity_0165,1.0,L2-ALL,-8472.85
2021,7,165,Entity_0165,1.0,L2-ALL,-6471.04
2021,8,165,Entity_0165,1.0,L2-ALL,-8498.55
2021,9,165,Entity_0165,1.0,L2-ALL,-8511.04
2021,10,165,Entity_0165,1.0,L2-ALL,-8760.54
2021,11,165,Entity_0165,1.0,L2-ALL,-8537.02
2021,12,165,Entity_0165,1.0,L2-ALL,-8785.78
2021,1,166,Entity_0166,1.0,L2-ALL,-23163.43
2021,2,166,Entity_0166,1.0,L2-ALL,-22935.48
2021,3,166,Entity_0166,1.0,L2-ALL,-22634.98
2021,4,166,Entity_0166,1.0,L2-ALL,-23850.51
2021,5,166,Entity_0166,1.0,L2-ALL,-23850.5
2021,6,166,Entity_0166,1.0,L2-ALL,-23850.5
2021,7,166,Entity_0166,1.0,L2-ALL,18497.53
2021,8,166,Entity_0166,1.0,L2-ALL,-13666.04
2021,9,166,Entity_0166,1.0,L2-ALL,-11707.37
2021,10,166,Entity_0166,1.0,L2-ALL,-14689.87
2021,11,166,Entity_0166,1.0,L2-ALL,-14422.64
2021,12,166,Entity_0166,1.0,L2-ALL,1085131.32
2021,1,167,Entity_0167,1.0,L2-ALL,-18430.0
2021,2,167,Entity_0167,1.0,L2-ALL,-18430.0
2021,3,167,Entity_0167,1.0,L2-ALL,-17900.0
2021,4,167,Entity_0167,1.0,L2-ALL,-18430.0
2021,5,167,Entity_0167,1.0,L2-ALL,-13838.44
2021,6,167,Entity_0167,1.0,L2-ALL,-12591.47
2021,7,167,Entity_0167,1.0,L2-ALL,-13171.45
2021,8,167,Entity_0167,1.0,L2-ALL,-9368.02
2021,9,167,Entity_0167,1.0,L2-ALL,-9388.57
2021,10,167,Entity_0167,1.0,L2-ALL,-11538.27
2021,11,167,Entity_0167,1.0,L2-ALL,-11467.56
2021,12,167,Entity_0167,1.0,L2-ALL,949654.85
2021,1,169,Entity_0169,1.0,L2-ALL,-16570.7
2021,2,169,Entity_0169,1.0,L2-ALL,-15757.77
2021,3,169,Entity_0169,1.0,L2-ALL,-16845.39
2021,4,169,Entity_0169,1.0,L2-ALL,-13676.45
2021,5,169,Entity_0169,1.0,L2-ALL,-15310.61
2021,6,169,Entity_0169,1.0,L2-ALL,-15831.19
2021,7,169,Entity_0169,1.0,L2-ALL,-13398.13
2021,8,169,Entity_0169,1.0,L2-ALL,-15867.1
2021,9,169,Entity_0169,1.0,L2-ALL,-15884.58
2021,10,169,Entity_0169,1.0,L2-ALL,-16254.84
2021,11,169,Entity_0169,1.0,L2-ALL,-15920.83
2021,12,169,Entity_0169,1.0,L2-ALL,52225.97
2021,1,173,Entity_0173,1.0,L2-ALL,-11511.22
2021,2,173,Entity_0173,1.0,L2-ALL,-11524.51
2021,3,173,Entity_0173,1.0,L2-ALL,-12411.82
2021,4,173,Entity_0173,1.0,L2-ALL,-11554.2
2021,5,173,Entity_0173,1.0,L2-ALL,-11593.2
2021,6,173,Entity_0173,1.0,L2-ALL,-10353.47
2021,7,173,Entity_0173,1.0,L2-ALL,-9632.69
2021,8,173,Entity_0173,1.0,L2-ALL,-11610.2
2021,9,173,Entity_0173,1.0,L2-ALL,-11623.83
2021,10,173,Entity_0173,1.0,L2-ALL,-11925.61
2021,11,173,Entity_0173,1.0,L2-ALL,-11652.2
2021,12,173,Entity_0173,1.0,L2-ALL,-11953.16
2021,1,174,Entity_0174,1.0,L2-ALL,-13793.58
2021,2,174,Entity_0174,1.0,L2-ALL,-13809.02
2021,3,174,Entity_0174,1.0,L2-ALL,-14856.24
2021,4,174,Entity_0174,1.0,L2-ALL,-13842.65
2021,5,174,Entity_0174,1.0,L2-ALL,-14200.96
2021,6,174,Entity_0174,1.0,L2-ALL,-13874.03
2021,7,174,Entity_0174,1.0,L2-ALL,-13209.68
2021,8,174,Entity_0174,1.0,L2-ALL,-13907.25
2021,9,174,Entity_0174,1.0,L2-ALL,-13923.19
2021,10,174,Entity_0174,1.0,L2-ALL,-14279.6
2021,11,174,Entity_0174,1.0,L2-ALL,-13956.78
2021,12,174,Entity_0174,1.0,L2-ALL,-14312.42
2021,1,175,Entity_0175,1.0,L2-ALL,-10234.78
2021,2,175,Entity_0175,1.0,L2-ALL,-16368.75
2021,3,175,Entity_0175,1.0,L2-ALL,-4722.64
2021,4,175,Entity_0175,1.0,L2-ALL,-8591.74
2021,5,175,Entity_0175,1.0,L2-ALL,-10473.39
2021,6,175,Entity_0175,1.0,L2-ALL,-9702.62
2021,7,175,Entity_0175,1.0,L2-ALL,-10493.66
2021,8,175,Entity_0175,1.0,L2-ALL,-7122.3
2021,9,175,Entity_0175,1.0,L2-ALL,-9876.14
2021,10,175,Entity_0175,1.0,L2-ALL,-10524.0
2021,11,175,Entity_0175,1.0,L2-ALL,-10340.07
2021,12,175,Entity_0175,1.0,L2-ALL,-10394.56
2021,1,176,Entity_0176,1.0,L2-ALL,-26106.42
2021,2,176,Entity_0176,1.0,L2-ALL,-26626.47
2021,3,176,Entity_0176,1.0,L2-ALL,-67671.92
2021,4,176,Entity_0176,1.0,L2-ALL,-26170.75
2021,5,176,Entity_0176,1.0,L2-ALL,13668.65
2021,6,176,Entity_0176,1.0,L2-ALL,-21957.64
2021,7,176,Entity_0176,1.0,L2-ALL,-48371.65
2021,8,176,Entity_0176,1.0,L2-ALL,-26254.8
2021,9,176,Entity_0176,1.0,L2-ALL,13999.68
2021,10,176,Entity_0176,1.0,L2-ALL,-26704.87
2021,11,176,Entity_0176,1.0,L2-ALL,-26317.88
2021,12,176,Entity_0176,1.0,L2-ALL,-26749.19
2021,1,177,Entity_0177,1.0,L2-ALL,-12125.98
2021,2,177,Entity_0177,1.0,L2-ALL,-12139.5
2021,3,177,Entity_0177,1.0,L2-ALL,-13018.66
2021,4,177,Entity_0177,1.0,L2-ALL,-12169.51
2021,5,177,Entity_0177,1.0,L2-ALL,-12331.99
2021,6,177,Entity_0177,1.0,L2-ALL,-12197.83
2021,7,177,Entity_0177,1.0,L2-ALL,-11476.17
2021,8,177,Entity_0177,1.0,L2-ALL,-12226.33
2021,9,177,Entity_0177,1.0,L2-ALL,-11915.82
2021,10,177,Entity_0177,1.0,L2-ALL,-12539.34
2021,11,177,Entity_0177,1.0,L2-ALL,-12268.95
2021,12,177,Entity_0177,1.0,L2-ALL,-12567.28
2021,1,178,Entity_0178,1.0,L2-ALL,-14141.23
2021,2,178,Entity_0178,1.0,L2-ALL,-13673.69
2021,3,178,Entity_0178,1.0,L2-ALL,-14007.49
2021,4,178,Entity_0178,1.0,L2-ALL,-14193.38
2021,5,178,Entity_0178,1.0,L2-ALL,-14553.19
2021,6,178,Entity_0178,1.0,L2-ALL,-14088.56
2021,7,178,Entity_0178,1.0,L2-ALL,-14586.13
2021,8,178,Entity_0178,1.0,L2-ALL,-12009.04
2021,9,178,Entity_0178,1.0,L2-ALL,-14278.05
2021,10,178,Entity_0178,1.0,L2-ALL,-14001.7
2021,11,178,Entity_0178,1.0,L2-ALL,-14312.53
2021,12,178,Entity_0178,1.0,L2-ALL,-14668.87
2021,1,186,Entity_0186,1.0,L2-ALL,-2804.48
2021,2,186,Entity_0186,1.0,L2-ALL,-2513.32
2021,3,186,Entity_0186,1.0,L2-ALL,-2787.11
2021,4,186,Entity_0186,1.0,L2-ALL,-2812.97
2021,5,186,Entity_0186,1.0,L2-ALL,-2613.49
2021,6,186,Entity_0186,1.0,L2-ALL,-2818.52
2021,7,186,Entity_0186,1.0,L2-ALL,-2871.63
2021,8,186,Entity_0186,1.0,L2-ALL,-2824.11
2021,9,186,Entity_0186,1.0,L2-ALL,-797.85
2021,10,186,Entity_0186,1.0,L2-ALL,-2879.7
2021,11,186,Entity_0186,1.0,L2-ALL,-2832.48
2021,12,186,Entity_0186,1.0,L2-ALL,425.83
2021,1,188,Entity_0188,1.0,L2-ALL,-7830.84
2021,2,188,Entity_0188,1.0,L2-ALL,-7854.82
2021,3,188,Entity_0188,1.0,L2-ALL,-8167.86
2021,4,188,Entity_0188,1.0,L2-ALL,-7889.58
2021,5,188,Entity_0188,1.0,L2-ALL,-7940.87
2021,6,188,Entity_0188,1.0,L2-ALL,-7906.95
2021,7,188,Entity_0188,1.0,L2-ALL,-2617.61
2021,8,188,Entity_0188,1.0,L2-ALL,-7924.43
2021,9,188,Entity_0188,1.0,L2-ALL,-7933.0
2021,10,188,Entity_0188,1.0,L2-ALL,-4242.66
2021,11,188,Entity_0188,1.0,L2-ALL,-7950.63
2021,12,188,Entity_0188,1.0,L2-ALL,-8099.13
2021,1,189,Entity_0189,1.0,L2-ALL,-12243.8
2021,2,189,Entity_0189,1.0,L2-ALL,-12257.94
2021,3,189,Entity_0189,1.0,L2-ALL,-12272.11
2021,4,189,Entity_0189,1.0,L2-ALL,-12286.33
2021,5,189,Entity_0189,1.0,L2-ALL,-12124.9
2021,6,189,Entity_0189,1.0,L2-ALL,-12314.89
2021,7,189,Entity_0189,1.0,L2-ALL,-11300.17
2021,8,189,Entity_0189,1.0,L2-ALL,-12342.61
2021,9,189,Entity_0189,1.0,L2-ALL,-12356.03
2021,10,189,Entity_0189,1.0,L2-ALL,-12372.5
2021,11,189,Entity_0189,1.0,L2-ALL,-12384.0
2021,12,189,Entity_0189,1.0,L2-ALL,-12399.55
2021,1,190,Entity_0190,1.0,L2-ALL,-14408.18
2021,2,190,Entity_0190,1.0,L2-ALL,-14422.53
2021,3,190,Entity_0190,1.0,L2-ALL,-14886.58
2021,4,190,Entity_0190,1.0,L2-ALL,-14454.3
2021,5,190,Entity_0190,1.0,L2-ALL,-14784.32
2021,6,190,Entity_0190,1.0,L2-ALL,-14038.69
2021,7,190,Entity_0190,1.0,L2-ALL,-11572.88
2021,8,190,Entity_0190,1.0,L2-ALL,-14514.5
2021,9,190,Entity_0190,1.0,L2-ALL,-14529.17
2021,10,190,Entity_0190,1.0,L2-ALL,-14857.0
2021,11,190,Entity_0190,1.0,L2-ALL,-14559.64
2021,12,190,Entity_0190,1.0,L2-ALL,-14886.57
2021,1,192,Entity_0192,1.0,L2-ALL,-5459.71
2021,2,192,Entity_0192,1.0,L2-ALL,-6116.56
2021,3,192,Entity_0192,1.0,L2-ALL,-6380.74
2021,4,192,Entity_0192,1.0,L2-ALL,-6127.73
2021,5,192,Entity_0192,1.0,L2-ALL,-4825.71
2021,6,192,Entity_0192,1.0,L2-ALL,-6181.49
2021,7,192,Entity_0192,1.0,L2-ALL,-6229.24
2021,8,192,Entity_0192,1.0,L2-ALL,-6149.12
2021,9,192,Entity_0192,1.0,L2-ALL,-5749.37
2021,10,192,Entity_0192,1.0,L2-ALL,-6244.76
2021,11,192,Entity_0192,1.0,L2-ALL,-6165.21
2021,12,192,Entity_0192,1.0,L2-ALL,35240.71
2021,1,193,Entity_0193,1.0,L2-ALL,-6316.59
2021,2,193,Entity_0193,1.0,L2-ALL,-5872.41
2021,3,193,Entity_0193,1.0,L2-ALL,-6075.52
2021,4,193,Entity_0193,1.0,L2-ALL,-5884.62
2021,5,193,Entity_0193,1.0,L2-ALL,-5955.85
2021,6,193,Entity_0193,1.0,L2-ALL,-5504.66
2021,7,193,Entity_0193,1.0,L2-ALL,-5961.71
2021,8,193,Entity_0193,1.0,L2-ALL,-5896.55
2021,9,193,Entity_0193,1.0,L2-ALL,-5021.55
2021,10,193,Entity_0193,1.0,L2-ALL,-5961.71
2021,11,193,Entity_0193,1.0,L2-ALL,-5896.55
2021,12,193,Entity_0193,1.0,L2-ALL,28071.79
2021,1,196,Entity_0196,1.0,L2-ALL,-11530.59
2021,2,196,Entity_0196,1.0,L2-ALL,-11542.54
2021,3,196,Entity_0196,1.0,L2-ALL,-9921.37
2021,4,196,Entity_0196,1.0,L2-ALL,-11568.83
2021,5,196,Entity_0196,1.0,L2-ALL,-11827.33
2021,6,196,Entity_0196,1.0,L2-ALL,-11291.01
2021,7,196,Entity_0196,1.0,L2-ALL,-11851.53
2021,8,196,Entity_0196,1.0,L2-ALL,-10596.78
2021,9,196,Entity_0196,1.0,L2-ALL,-11631.07
2021,10,196,Entity_0196,1.0,L2-ALL,-11887.74
2021,11,196,Entity_0196,1.0,L2-ALL,-11656.37
2021,12,196,Entity_0196,1.0,L2-ALL,-11912.31
2021,1,200,Entity_0200,1.0,L2-ALL,-16934.72
2021,2,200,Entity_0200,1.0,L2-ALL,-16636.89
2021,3,200,Entity_0200,1.0,L2-ALL,-16655.06
2021,4,200,Entity_0200,1.0,L2-ALL,-17616.4
2021,5,200,Entity_0200,1.0,L2-ALL,-14999.12
2021,6,200,Entity_0200,1.0,L2-ALL,-17014.55
2021,7,200,Entity_0200,1.0,L2-ALL,-14469.94
2021,8,200,Entity_0200,1.0,L2-ALL,-17051.11
2021,9,200,Entity_0200,1.0,L2-ALL,-16754.67
2021,10,200,Entity_0200,1.0,L2-ALL,-16770.45
2021,11,200,Entity_0200,1.0,L2-ALL,-17099.08
2021,12,200,Entity_0200,1.0,L2-ALL,56508.82
2021,1,201,Entity_0201,1.0,L2-ALL,-9482.14
2021,2,201,Entity_0201,1.0,L2-ALL,-9353.4
2021,3,201,Entity_0201,1.0,L2-ALL,-10132.65
2021,4,201,Entity_0201,1.0,L2-ALL,-9514.23
2021,5,201,Entity_0201,1.0,L2-ALL,-9634.77
2021,6,201,Entity_0201,1.0,L2-ALL,-9535.13
2021,7,201,Entity_0201,1.0,L2-ALL,-8732.01
2021,8,201,Entity_0201,1.0,L2-ALL,-9556.17
2021,9,201,Entity_0201,1.0,L2-ALL,-9566.41
2021,10,201,Entity_0201,1.0,L2-ALL,-9784.43
2021,11,201,Entity_0201,1.0,L2-ALL,-9587.64
2021,12,201,Entity_0201,1.0,L2-ALL,-9705.04
2021,1,212,Entity_0212,1.0,L2-ALL,-64022.06
2021,2,212,Entity_0212,1.0,L2-ALL,-60337.56
2021,3,212,Entity_0212,1.0,L2-ALL,-81898.99
2021,4,212,Entity_0212,1.0,L2-ALL,-62355.66
2021,5,212,Entity_0212,1.0,L2-ALL,-61590.12
2021,6,212,Entity_0212,1.0,L2-ALL,-79924.85
2021,7,212,Entity_0212,1.0,L2-ALL,-79065.28
2021,8,212,Entity_0212,1.0,L2-ALL,-76929.18
2021,9,212,Entity_0212,1.0,L2-ALL,-79683.04
2021,10,212,Entity_0212,1.0,L2-ALL,-79773.71
2021,11,212,Entity_0212,1.0,L2-ALL,-79485.8
2021,12,212,Entity_0212,1.0,L2-ALL,78016.32
2021,1,214,Entity_0214,1.0,L2-ALL,-10888.43
2021,2,214,Entity_0214,1.0,L2-ALL,-11646.05
2021,3,214,Entity_0214,1.0,L2-ALL,-12083.66
2021,4,214,Entity_0214,1.0,L2-ALL,-10010.44
2021,5,214,Entity_0214,1.0,L2-ALL,-11812.91
2021,6,214,Entity_0214,1.0,L2-ALL,-8789.68
2021,7,214,Entity_0214,1.0,L2-ALL,-11828.19
2021,8,214,Entity_0214,1.0,L2-ALL,-12710.0
2021,9,214,Entity_0214,1.0,L2-ALL,-10451.76
2021,10,214,Entity_0214,1.0,L2-ALL,-12653.56
2021,11,214,Entity_0214,1.0,L2-ALL,-10624.7
2021,12,214,Entity_0214,1.0,L2-ALL,12473.47
2021,1,216,Entity_0216,1.0,L2-ALL,-12508.08
2021,2,216,Entity_0216,1.0,L2-ALL,-12519.77
2021,3,216,Entity_0216,1.0,L2-ALL,-12346.14
2021,4,216,Entity_0216,1.0,L2-ALL,-12545.33
2021,5,216,Entity_0216,1.0,L2-ALL,-12796.11
2021,6,216,Entity_0216,1.0,L2-ALL,-12142.96
2021,7,216,Entity_0216,1.0,L2-ALL,-12819.71
2021,8,216,Entity_0216,1.0,L2-ALL,-11572.04
2021,9,216,Entity_0216,1.0,L2-ALL,-12606.03
2021,10,216,Entity_0216,1.0,L2-ALL,-12855.03
2021,11,216,Entity_0216,1.0,L2-ALL,-12630.7
2021,12,216,Entity_0216,1.0,L2-ALL,-12878.97
2021,1,218,Entity_0218,1.0,L2-ALL,-16670.8
2021,2,218,Entity_0218,1.0,L2-ALL,-16684.06
2021,3,218,Entity_0218,1.0,L2-ALL,-17451.72
2021,4,218,Entity_0218,1.0,L2-ALL,-16712.62
2021,5,218,Entity_0218,1.0,L2-ALL,-15288.77
2021,6,218,Entity_0218,1.0,L2-ALL,-16740.04
2021,7,218,Entity_0218,1.0,L2-ALL,-14750.71
2021,8,218,Entity_0218,1.0,L2-ALL,-16767.59
2021,9,218,Entity_0218,1.0,L2-ALL,-16781.1
2021,10,218,Entity_0218,1.0,L2-ALL,-17042.96
2021,11,218,Entity_0218,1.0,L2-ALL,-16808.86
2021,12,218,Entity_0218,1.0,L2-ALL,44021.1
2021,1,224,Entity_0224,3.0,L2B,-51906.76
2021,2,224,Entity_0224,3.0,L2B,-51906.76
2021,3,224,Entity_0224,3.0,L2B,-53592.36
2021,4,224,Entity_0224,3.0,L2B,-51906.75
2021,5,224,Entity_0224,3.0,L2B,-50885.69
2021,6,224,Entity_0224,3.0,L2B,-63169.68
2021,7,224,Entity_0224,3.0,L2B,-40443.36
2021,8,224,Entity_0224,3.0,L2B,-51815.03
2021,9,224,Entity_0224,3.0,L2B,-64539.06
2021,10,224,Entity_0224,3.0,L2B,-40586.56
2021,11,224,Entity_0224,3.0,L2B,-52169.54
2021,12,224,Entity_0224,3.0,L2B,120471.23
2021,1,226,Entity_0226,1.0,L2-ALL,-9401.42
2021,2,226,Entity_0226,1.0,L2-ALL,-9191.62
2021,3,226,Entity_0226,1.0,L2-ALL,-9194.5
2021,4,226,Entity_0226,1.0,L2-ALL,-9919.57
2021,5,226,Entity_0226,1.0,L2-ALL,-9080.63
2021,6,226,Entity_0226,1.0,L2-ALL,-9468.64
2021,7,226,Entity_0226,1.0,L2-ALL,-9244.23
2021,8,226,Entity_0226,1.0,L2-ALL,-9493.09
2021,9,226,Entity_0226,1.0,L2-ALL,-8018.01
2021,10,226,Entity_0226,1.0,L2-ALL,-9181.72
2021,11,226,Entity_0226,1.0,L2-ALL,-9526.84
2021,12,226,Entity_0226,1.0,L2-ALL,63543.32
2021,1,231,Entity_0231,1.0,L2-ALL,-16525.51
2021,2,231,Entity_0231,1.0,L2-ALL,-16549.51
2021,3,231,Entity_0231,1.0,L2-ALL,-16572.51
2021,4,231,Entity_0231,1.0,L2-ALL,-16595.51
2021,5,231,Entity_0231,1.0,L2-ALL,-16618.51
2021,6,231,Entity_0231,1.0,L2-ALL,-16642.51
2021,7,231,Entity_0231,1.0,L2-ALL,-14403.1
2021,8,231,Entity_0231,1.0,L2-ALL,-16688.51
2021,9,231,Entity_0231,1.0,L2-ALL,-16710.51
2021,10,231,Entity_0231,1.0,L2-ALL,-16736.51
2021,11,231,Entity_0231,1.0,L2-ALL,-16757.51
2021,12,231,Entity_0231,1.0,L2-ALL,-16782.51
2021,1,237,Entity_0237,1.0,L2-ALL,1248.54
2021,2,237,Entity_0237,1.0,L2-ALL,1248.55
2021,3,237,Entity_0237,1.0,L2-ALL,-4541.25
2021,4,237,Entity_0237,1.0,L2-ALL,4834.33
2021,5,237,Entity_0237,1.0,L2-ALL,7.26
2021,6,237,Entity_0237,1.0,L2-ALL,5823.85
2021,7,237,Entity_0237,1.0,L2-ALL,1046.11
2021,8,237,Entity_0237,1.0,L2-ALL,-218641.94
2021,9,237,Entity_0237,1.0,L2-ALL,-20369.0
2021,10,237,Entity_0237,1.0,L2-ALL,7846.13
2021,11,237,Entity_0237,1.0,L2-ALL,-3933.93
2021,12,237,Entity_0237,1.0,L2-ALL,49459.59
2021,1,239,Entity_0239,1.0,L2-ALL,-14744.17
2021,2,239,Entity_0239,1.0,L2-ALL,-14758.17
2021,3,239,Entity_0239,1.0,L2-ALL,-14772.17
2021,4,239,Entity_0239,1.0,L2-ALL,-14785.17
2021,5,239,Entity_0239,1.0,L2-ALL,-14700.17
2021,6,239,Entity_0239,1.0,L2-ALL,-14813.17
2021,7,239,Entity_0239,1.0,L2-ALL,-12562.76
2021,8,239,Entity_0239,1.0,L2-ALL,-14839.17
2021,9,239,Entity_0239,1.0,L2-ALL,-14853.17
2021,10,239,Entity_0239,1.0,L2-ALL,-14868.17
2021,11,239,Entity_0239,1.0,L2-ALL,-14879.17
2021,12,239,Entity_0239,1.0,L2-ALL,-14893.17
2021,1,242,Entity_0242,1.0,L2-ALL,-10647.68
2021,2,242,Entity_0242,1.0,L2-ALL,-10508.96
2021,3,242,Entity_0242,1.0,L2-ALL,-10521.48
2021,4,242,Entity_0242,1.0,L2-ALL,-10958.71
2021,5,242,Entity_0242,1.0,L2-ALL,-10397.24
2021,6,242,Entity_0242,1.0,L2-ALL,-9237.0
2021,7,242,Entity_0242,1.0,L2-ALL,-7726.35
2021,8,242,Entity_0242,1.0,L2-ALL,-10702.34
2021,9,242,Entity_0242,1.0,L2-ALL,-9067.93
2021,10,242,Entity_0242,1.0,L2-ALL,-10575.35
2021,11,242,Entity_0242,1.0,L2-ALL,-10289.66
2021,12,242,Entity_0242,1.0,L2-ALL,31285.27
2021,1,245,Entity_0245,1.0,L2-ALL,-10576.19
2021,2,245,Entity_0245,1.0,L2-ALL,-10110.09
2021,3,245,Entity_0245,1.0,L2-ALL,-9426.04
2021,4,245,Entity_0245,1.0,L2-ALL,-9654.23
2021,5,245,Entity_0245,1.0,L2-ALL,-10781.59
2021,6,245,Entity_0245,1.0,L2-ALL,-10147.62
2021,7,245,Entity_0245,1.0,L2-ALL,-10324.43
2021,8,245,Entity_0245,1.0,L2-ALL,-9144.04
2021,9,245,Entity_0245,1.0,L2-ALL,-10175.16
2021,10,245,Entity_0245,1.0,L2-ALL,-10351.15
2021,11,245,Entity_0245,1.0,L2-ALL,-10193.77
2021,12,245,Entity_0245,1.0,L2-ALL,-9894.21
2021,1,249,Entity_0249,1.0,L2-ALL,-28067.38
2021,2,249,Entity_0249,1.0,L2-ALL,-28090.0
2021,3,249,Entity_0249,1.0,L2-ALL,-29371.57
2021,4,249,Entity_0249,1.0,L2-ALL,-49305.1
2021,5,249,Entity_0249,1.0,L2-ALL,-7258.88
2021,6,249,Entity_0249,1.0,L2-ALL,-26735.09
2021,7,249,Entity_0249,1.0,L2-ALL,-48178.79
2021,8,249,Entity_0249,1.0,L2-ALL,-28231.97
2021,9,249,Entity_0249,1.0,L2-ALL,-7088.33
2021,10,249,Entity_0249,1.0,L2-ALL,-28692.37
2021,11,249,Entity_0249,1.0,L2-ALL,-28302.2
2021,12,249,Entity_0249,1.0,L2-ALL,42027.84
2021,1,254,Entity_0254,1.0,L2-ALL,-7608.23
2021,2,254,Entity_0254,1.0,L2-ALL,-6864.84
2021,3,254,Entity_0254,1.0,L2-ALL,-7617.78
2021,4,254,Entity_0254,1.0,L2-ALL,-7229.19
2021,5,254,Entity_0254,1.0,L2-ALL,-7025.75
2021,6,254,Entity_0254,1.0,L2-ALL,-7242.9
2021,7,254,Entity_0254,1.0,L2-ALL,-4324.43
2021,8,254,Entity_0254,1.0,L2-ALL,-7256.68
2021,9,254,Entity_0254,1.0,L2-ALL,-7263.42
2021,10,254,Entity_0254,1.0,L2-ALL,-7400.71
2021,11,254,Entity_0254,1.0,L2-ALL,-7277.31
2021,12,254,Entity_0254,1.0,L2-ALL,-7414.19
2021,1,284,Entity_0284,1.0,L2-ALL,-22126.08
2021,2,284,Entity_0284,1.0,L2-ALL,-21889.34
2021,3,284,Entity_0284,1.0,L2-ALL,-22028.08
2021,4,284,Entity_0284,1.0,L2-ALL,-21367.24
2021,5,284,Entity_0284,1.0,L2-ALL,-17492.82
2021,6,284,Entity_0284,1.0,L2-ALL,-2527.31
2021,7,284,Entity_0284,1.0,L2-ALL,-14504.01
2021,8,284,Entity_0284,1.0,L2-ALL,-17636.39
2021,9,284,Entity_0284,1.0,L2-ALL,-17642.3
2021,10,284,Entity_0284,1.0,L2-ALL,-17768.01
2021,11,284,Entity_0284,1.0,L2-ALL,-11914.7
2021,12,284,Entity_0284,1.0,L2-ALL,-17779.5
2021,1,291,Entity_0291,1.0,L2-ALL,-39188.76
2021,2,291,Entity_0291,1.0,L2-ALL,-14252.06
2021,3,291,Entity_0291,1.0,L2-ALL,9239.74
2021,4,291,Entity_0291,1.0,L2-ALL,-11751.3
2021,5,291,Entity_0291,1.0,L2-ALL,-14020.87
2021,6,291,Entity_0291,1.0,L2-ALL,-13708.66
2021,7,291,Entity_0291,1.0,L2-ALL,-14052.28
2021,8,291,Entity_0291,1.0,L2-ALL,-11488.81
2021,9,291,Entity_0291,1.0,L2-ALL,-12389.37
2021,10,291,Entity_0291,1.0,L2-ALL,-14099.28
2021,11,291,Entity_0291,1.0,L2-ALL,-13789.92
2021,12,291,Entity_0291,1.0,L2-ALL,-14131.15
2021,1,294,Entity_0294,1.0,L2-ALL,-6546.23
2021,2,294,Entity_0294,1.0,L2-ALL,-3667.2
2021,3,294,Entity_0294,1.0,L2-ALL,-1908.29
2021,4,294,Entity_0294,1.0,L2-ALL,-4005.97
2021,5,294,Entity_0294,1.0,L2-ALL,-6071.8
2021,6,294,Entity_0294,1.0,L2-ALL,-1867.89
2021,7,294,Entity_0294,1.0,L2-ALL,-12171.1
2021,8,294,Entity_0294,1.0,L2-ALL,4272.07
2021,9,294,Entity_0294,1.0,L2-ALL,-8859.19
2021,10,294,Entity_0294,1.0,L2-ALL,3500.0
2021,11,294,Entity_0294,1.0,L2-ALL,-1903.94
2021,12,294,Entity_0294,1.0,L2-ALL,11336.89
2021,1,295,Entity_0295,1.0,L2-ALL,-3499.79
2021,2,295,Entity_0295,1.0,L2-ALL,-34397.98
2021,3,295,Entity_0295,1.0,L2-ALL,-18174.6
2021,4,295,Entity_0295,1.0,L2-ALL,-86594.07
2021,5,295,Entity_0295,1.0,L2-ALL,-2792.64
2021,6,295,Entity_0295,1.0,L2-ALL,-33710.37
2021,7,295,Entity_0295,1.0,L2-ALL,-36371.13
2021,8,295,Entity_0295,1.0,L2-ALL,-30604.11
2021,9,295,Entity_0295,1.0,L2-ALL,-35842.37
2021,10,295,Entity_0295,1.0,L2-ALL,-36479.1
2021,11,295,Entity_0295,1.0,L2-ALL,-35909.74
2021,12,295,Entity_0295,1.0,L2-ALL,108612.93
2021,1,306,Entity_0306,1.0,L2-ALL,8223.5
2021,2,306,Entity_0306,1.0,L2-ALL,-21666.67
2021,3,306,Entity_0306,1.0,L2-ALL,-4611.66
2021,4,306,Entity_0306,1.0,L2-ALL,-12834.16
2021,5,306,Entity_0306,1.0,L2-ALL,-12848.16
2021,6,306,Entity_0306,1.0,L2-ALL,-12862.16
2021,7,306,Entity_0306,1.0,L2-ALL,-9149.95
2021,8,306,Entity_0306,1.0,L2-ALL,-12888.16
2021,9,306,Entity_0306,1.0,L2-ALL,-12901.16
2021,10,306,Entity_0306,1.0,L2-ALL,-12917.16
2021,11,306,Entity_0306,1.0,L2-ALL,-12928.16
2021,12,306,Entity_0306,1.0,L2-ALL,-12943.16
2021,1,307,Entity_0307,1.0,L2-ALL,-76992.4
2021,2,307,Entity_0307,1.0,L2-ALL,-26430.72
2021,3,307,Entity_0307,1.0,L2-ALL,-22666.08
2021,4,307,Entity_0307,1.0,L2-ALL,16396.1
2021,5,307,Entity_0307,1.0,L2-ALL,-75164.53
2021,6,307,Entity_0307,1.0,L2-ALL,-10432.39
2021,7,307,Entity_0307,1.0,L2-ALL,-37464.41
2021,8,307,Entity_0307,1.0,L2-ALL,-16291.54
2021,9,307,Entity_0307,1.0,L2-ALL,-25872.55
2021,10,307,Entity_0307,1.0,L2-ALL,-37464.41
2021,11,307,Entity_0307,1.0,L2-ALL,-16439.74
2021,12,307,Entity_0307,1.0,L2-ALL,-39189.73
2021,1,309,Entity_0309,1.0,L2-ALL,8161.55
2021,2,309,Entity_0309,1.0,L2-ALL,209094.51
2021,3,309,Entity_0309,1.0,L2-ALL,-10323.86
2021,4,309,Entity_0309,1.0,L2-ALL,-9578.2
2021,5,309,Entity_0309,1.0,L2-ALL,-9862.85
2021,6,309,Entity_0309,1.0,L2-ALL,99726.87
2021,7,309,Entity_0309,1.0,L2-ALL,-13128.69
2021,8,309,Entity_0309,1.0,L2-ALL,-9140.93
2021,9,309,Entity_0309,1.0,L2-ALL,-7583.15
2021,10,309,Entity_0309,1.0,L2-ALL,-8002.29
2021,11,309,Entity_0309,1.0,L2-ALL,-5743.0
2021,12,309,Entity_0309,1.0,L2-ALL,-10394.23
2021,4,311,Entity_0311,1.0,L2-ALL,293225.21
2021,5,311,Entity_0311,1.0,L2-ALL,-19320.85
2021,6,311,Entity_0311,1.0,L2-ALL,9573.1
2021,7,311,Entity_0311,1.0,L2-ALL,-19921.92
2021,8,311,Entity_0311,1.0,L2-ALL,-8985.39
2021,9,311,Entity_0311,1.0,L2-ALL,-18800.92
2021,10,311,Entity_0311,1.0,L2-ALL,-17558.39
2021,11,311,Entity_0311,1.0,L2-ALL,-18352.1
2021,12,311,Entity_0311,1.0,L2-ALL,-19137.33
2021,4,315,Entity_0315,1.0,L2-ALL,-3225.6
2021,5,315,Entity_0315,1.0,L2-ALL,-18143.96
2021,6,315,Entity_0315,1.0,L2-ALL,-15675.16
2021,7,315,Entity_0315,1.0,L2-ALL,-13256.82
2021,8,315,Entity_0315,1.0,L2-ALL,-15711.23
2021,9,315,Entity_0315,1.0,L2-ALL,-15513.19
2021,10,315,Entity_0315,1.0,L2-ALL,-15543.8
2021,11,315,Entity_0315,1.0,L2-ALL,-15769.19
2021,12,315,Entity_0315,1.0,L2-ALL,1239087.67
2021,4,316,Entity_0316,1.0,L2-ALL,-9364.84
2021,5,316,Entity_0316,1.0,L2-ALL,645.7
2021,6,316,Entity_0316,1.0,L2-ALL,-3970.03
2021,7,316,Entity_0316,1.0,L2-ALL,-2582.2
2021,8,316,Entity_0316,1.0,L2-ALL,164.46
2021,9,316,Entity_0316,1.0,L2-ALL,-5230.47
2021,10,316,Entity_0316,1.0,L2-ALL,-3518.78
2021,11,316,Entity_0316,1.0,L2-ALL,-5022.25
2021,12,316,Entity_0316,1.0,L2-ALL,307392.98
2021,5,318,Entity_0318,1.0,L2-ALL,-7282.8
2021,6,318,Entity_0318,1.0,L2-ALL,-12715.79
2021,7,318,Entity_0318,1.0,L2-ALL,-5790.31
2021,8,318,Entity_0318,1.0,L2-ALL,-14915.27
2021,9,318,Entity_0318,1.0,L2-ALL,-9943.46
2021,10,318,Entity_0318,1.0,L2-ALL,-6100.04
2021,11,318,Entity_0318,1.0,L2-ALL,-4038.06
2021,12,318,Entity_0318,1.0,L2-ALL,855726.94
2021,5,319,Entity_0319,1.0,L2-ALL,272384.7
2021,6,319,Entity_0319,1.0,L2-ALL,-20864.5
2021,7,319,Entity_0319,1.0,L2-ALL,-14551.94
2021,8,319,Entity_0319,1.0,L2-ALL,-17311.19
2021,9,319,Entity_0319,1.0,L2-ALL,-17140.21
2021,10,319,Entity_0319,1.0,L2-ALL,-17168.62
2021,11,319,Entity_0319,1.0,L2-ALL,-17358.84
2021,12,319,Entity_0319,1.0,L2-ALL,-17159.54
2021,5,320,Entity_0320,1.0,L2-ALL,252847.34
2021,6,320,Entity_0320,1.0,L2-ALL,-13306.37
2021,7,320,Entity_0320,1.0,L2-ALL,-12318.89
2021,8,320,Entity_0320,1.0,L2-ALL,-14392.12
2021,9,320,Entity_0320,1.0,L2-ALL,-5780.31
2021,10,320,Entity_0320,1.0,L2-ALL,-10270.24
2021,11,320,Entity_0320,1.0,L2-ALL,-10112.97
2021,12,320,Entity_0320,1.0,L2-ALL,-10295.99
2021,5,323,Entity_0323,1.0,L2-ALL,-3976.74
2021,6,323,Entity_0323,1.0,L2-ALL,-20898.74
2021,7,323,Entity_0323,1.0,L2-ALL,-6976.16
2021,8,323,Entity_0323,1.0,L2-ALL,-10884.95
2021,9,323,Entity_0323,1.0,L2-ALL,-11139.87
2021,10,323,Entity_0323,1.0,L2-ALL,-17933.63
2021,11,323,Entity_0323,1.0,L2-ALL,-17043.87
2021,12,323,Entity_0323,1.0,L2-ALL,1467429.95
2021,6,324,Entity_0324,1.0,L2-ALL,11582.79
2021,7,324,Entity_0324,1.0,L2-ALL,-12064.75
2021,8,324,Entity_0324,1.0,L2-ALL,-2531.93
2021,9,324,Entity_0324,1.0,L2-ALL,-7112.0
2021,10,324,Entity_0324,1.0,L2-ALL,-2942.58
2021,11,324,Entity_0324,1.0,L2-ALL,-7125.59
2021,12,324,Entity_0324,1.0,L2-ALL,763560.03
2021,7,329,Entity_0329,1.0,L2-ALL,1094.95
2021,8,329,Entity_0329,1.0,L2-ALL,-109871.96
2021,9,329,Entity_0329,1.0,L2-ALL,-188366.92
2021,10,329,Entity_0329,1.0,L2-ALL,-110632.4
2021,11,329,Entity_0329,1.0,L2-ALL,-64709.68
2021,12,329,Entity_0329,1.0,L2-ALL,6055573.7
2021,8,334,Entity_0334,3.0,L2B,-12553.26
2021,9,334,Entity_0334,3.0,L2B,-65464.07
2021,10,334,Entity_0334,3.0,L2B,-60810.61
2021,11,334,Entity_0334,3.0,L2B,-41861.78
2021,12,334,Entity_0334,3.0,L2B,-41753.13
2021,10,343,Entity_0343,1.0,L2-ALL,232453.88
2021,11,343,Entity_0343,1.0,L2-ALL,-19663.67
2021,12,343,Entity_0343,1.0,L2-ALL,-21563.17
2021,11,349,Entity_0349,1.0,L2-ALL,-16984.94
2021,12,349,Entity_0349,1.0,L2-ALL,807842.73
2021,12,353,Entity_0353,3.0,L2B,-14952.45
2021,12,355,Entity_0355,3.0,L2B,-26482.39
2021,12,357,Entity_0357,3.0,L2B,-29094.64
2021,12,360,Entity_0360,3.0,L2B,-6827.63
2021,12,361,Entity_0361,3.0,L2B,-7129.04
2021,12,362,Entity_0362,3.0,L2B,-15770.37
2021,12,363,Entity_0363,3.0,L2B,-2442.83
2021,12,364,Entity_0364,1.0,L2-ALL,536492.86
2021,12,369,Entity_0369,1.0,L2-ALL,1719108.94
2021,12,370,Entity_0370,3.0,L2B,-15669.74
2021,12,371,Entity_0371,1.0,L2-ALL,-2561.68
2021,12,372,Entity_0372,1.0,L2-ALL,-3255.08
2022,1,2,Entity_0002,1.0,L2-ALL,-17783.15
2022,2,2,Entity_0002,1.0,L2-ALL,-19875.89
2022,3,2,Entity_0002,1.0,L2-ALL,-20616.76
2022,4,2,Entity_0002,1.0,L2-ALL,-11287.0
2022,5,2,Entity_0002,1.0,L2-ALL,-25668.07
2022,6,2,Entity_0002,1.0,L2-ALL,-25108.75
2022,7,2,Entity_0002,1.0,L2-ALL,-24459.07
2022,8,2,Entity_0002,1.0,L2-ALL,-23411.27
2022,9,2,Entity_0002,1.0,L2-ALL,-21776.18
2022,10,2,Entity_0002,1.0,L2-ALL,-21095.24
2022,11,2,Entity_0002,1.0,L2-ALL,-20599.77
2022,12,2,Entity_0002,1.0,L2-ALL,-19402.48
2022,1,3,Entity_0003,1.0,L2-ALL,-18740.49
2022,2,3,Entity_0003,1.0,L2-ALL,-18593.01
2022,3,3,Entity_0003,1.0,L2-ALL,-19644.61
2022,4,3,Entity_0003,1.0,L2-ALL,-325050.41
2022,5,3,Entity_0003,1.0,L2-ALL,-14149.52
2022,6,3,Entity_0003,1.0,L2-ALL,22251.61
2022,7,3,Entity_0003,1.0,L2-ALL,-23851.24
2022,8,3,Entity_0003,1.0,L2-ALL,-16778.82
2022,9,3,Entity_0003,1.0,L2-ALL,-9310.88
2022,10,3,Entity_0003,1.0,L2-ALL,-14495.35
2022,11,3,Entity_0003,1.0,L2-ALL,-10673.09
2022,12,3,Entity_0003,1.0,L2-ALL,-11063.11
2022,1,6,ADMIN_ENTITY_0006,1.0,L2-ALL,-151415.04
2022,1,6,ADMIN_ENTITY_0006,3.0,L2B,-5238.13
2022,2,6,ADMIN_ENTITY_0006,1.0,L2-ALL,-94618.93
2022,2,6,ADMIN_ENTITY_0006,3.0,L2B,-6599.63
2022,3,6,ADMIN_ENTITY_0006,1.0,L2-ALL,-71284.97
2022,3,6,ADMIN_ENTITY_0006,3.0,L2B,-6599.63
2022,4,6,ADMIN_ENTITY_0006,1.0,L2-ALL,-159016.83
2022,4,6,ADMIN_ENTITY_0006,3.0,L2B,-7961.13
2022,5,6,ADMIN_ENTITY_0006,1.0,L2-ALL,-77915.66
2022,5,6,ADMIN_ENTITY_0006,3.0,L2B,-5238.13
2022,6,6,ADMIN_ENTITY_0006,1.0,L2-ALL,-74640.65
2022,6,6,ADMIN_ENTITY_0006,3.0,L2B,-6599.63
2022,7,6,ADMIN_ENTITY_0006,1.0,L2-ALL,-157387.58
2022,7,6,ADMIN_ENTITY_0006,3.0,L2B,-6599.63
2022,8,6,ADMIN_ENTITY_0006,1.0,L2-ALL,-77260.64
2022,8,6,ADMIN_ENTITY_0006,3.0,L2B,-6599.63
2022,9,6,ADMIN_ENTITY_0006,1.0,L2-ALL,-78420.48
2022,9,6,ADMIN_ENTITY_0006,3.0,L2B,-7961.13
2022,10,6,ADMIN_ENTITY_0006,1.0,L2-ALL,-155004.43
2022,10,6,ADMIN_ENTITY_0006,3.0,L2B,-5238.13
2022,11,6,ADMIN_ENTITY_0006,1.0,L2-ALL,-74233.59
2022,11,6,ADMIN_ENTITY_0006,3.0,L2B,-6599.63
2022,12,6,ADMIN_ENTITY_0006,1.0,L2-ALL,-81090.86
2022,12,6,ADMIN_ENTITY_0006,3.0,L2B,-7961.13
2022,1,7,Entity_0007,1.0,L2-ALL,-18893.82
2022,2,7,Entity_0007,1.0,L2-ALL,-18583.7
2022,3,7,Entity_0007,1.0,L2-ALL,-19809.34
2022,4,7,Entity_0007,1.0,L2-ALL,-18976.61
2022,5,7,Entity_0007,1.0,L2-ALL,-19150.32
2022,6,7,Entity_0007,1.0,L2-ALL,-19031.34
2022,7,7,Entity_0007,1.0,L2-ALL,-19342.2
2022,8,7,Entity_0007,1.0,L2-ALL,-19086.4
2022,9,7,Entity_0007,1.0,L2-ALL,-19113.62
2022,10,7,Entity_0007,1.0,L2-ALL,-18172.07
2022,11,7,Entity_0007,1.0,L2-ALL,-19099.18
2022,12,7,Entity_0007,1.0,L2-ALL,-19449.41
2022,1,11,Entity_0011,1.0,L2-ALL,-11705.73
2022,2,11,Entity_0011,1.0,L2-ALL,-12407.92
2022,3,11,Entity_0011,1.0,L2-ALL,-13182.56
2022,4,11,Entity_0011,1.0,L2-ALL,-12615.68
2022,5,11,Entity_0011,1.0,L2-ALL,-12680.52
2022,6,11,Entity_0011,1.0,L2-ALL,-12238.58
2022,7,11,Entity_0011,1.0,L2-ALL,-9860.56
2022,8,11,Entity_0011,1.0,L2-ALL,-11411.59
2022,9,11,Entity_0011,1.0,L2-ALL,-12672.89
2022,10,11,Entity_0011,1.0,L2-ALL,-12874.79
2022,11,11,Entity_0011,1.0,L2-ALL,-12471.08
2022,12,11,Entity_0011,1.0,L2-ALL,-12897.29
2022,1,19,Entity_0019,1.0,L2-ALL,-13876.14
2022,2,19,Entity_0019,1.0,L2-ALL,-13888.97
2022,3,19,Entity_0019,1.0,L2-ALL,-14512.06
2022,4,19,Entity_0019,1.0,L2-ALL,-202280.1
2022,5,19,Entity_0019,1.0,L2-ALL,37764.41
2022,6,19,Entity_0019,1.0,L2-ALL,-17000.0
2022,7,19,Entity_0019,1.0,L2-ALL,-18147.83
2022,8,19,Entity_0019,1.0,L2-ALL,-11566.04
2022,9,19,Entity_0019,1.0,L2-ALL,-11332.98
2022,10,19,Entity_0019,1.0,L2-ALL,-11347.51
2022,11,19,Entity_0019,1.0,L2-ALL,-10052.94
2022,12,19,Entity_0019,1.0,L2-ALL,-8761.79
2022,1,20,Entity_0020,1.0,L2-ALL,-8730.13
2022,2,20,Entity_0020,1.0,L2-ALL,-9303.91
2022,3,20,Entity_0020,1.0,L2-ALL,-9996.57
2022,4,20,Entity_0020,1.0,L2-ALL,-9330.54
2022,5,20,Entity_0020,1.0,L2-ALL,-9568.73
2022,6,20,Entity_0020,1.0,L2-ALL,-9355.78
2022,7,20,Entity_0020,1.0,L2-ALL,-9593.25
2022,8,20,Entity_0020,1.0,L2-ALL,-8131.2
2022,9,20,Entity_0020,1.0,L2-ALL,-9393.58
2022,10,20,Entity_0020,1.0,L2-ALL,-9629.96
2022,11,20,Entity_0020,1.0,L2-ALL,-9349.25
2022,12,20,Entity_0020,1.0,L2-ALL,-9654.88
2022,1,21,Entity_0021,1.0,L2-ALL,-12054.25
2022,2,21,Entity_0021,1.0,L2-ALL,-13748.26
2022,3,21,Entity_0021,1.0,L2-ALL,-13605.84
2022,4,21,Entity_0021,1.0,L2-ALL,-13774.0
2022,5,21,Entity_0021,1.0,L2-ALL,-13999.19
2022,6,21,Entity_0021,1.0,L2-ALL,-13798.78
2022,7,21,Entity_0021,1.0,L2-ALL,-14023.24
2022,8,21,Entity_0021,1.0,L2-ALL,-13823.69
2022,9,21,Entity_0021,1.0,L2-ALL,-13835.92
2022,10,21,Entity_0021,1.0,L2-ALL,-14059.27
2022,11,21,Entity_0021,1.0,L2-ALL,-13861.01
2022,12,21,Entity_0021,1.0,L2-ALL,-14083.61
2022,1,22,Entity_0022,1.0,L2-ALL,-14017.79
2022,2,22,Entity_0022,1.0,L2-ALL,-10436.35
2022,3,22,Entity_0022,1.0,L2-ALL,-13003.41
2022,4,22,Entity_0022,1.0,L2-ALL,796.05
2022,5,22,Entity_0022,1.0,L2-ALL,-21637.42
2022,6,22,Entity_0022,1.0,L2-ALL,-20893.58
2022,7,22,Entity_0022,1.0,L2-ALL,-19751.48
2022,8,22,Entity_0022,1.0,L2-ALL,-17038.89
2022,9,22,Entity_0022,1.0,L2-ALL,-15496.34
2022,10,22,Entity_0022,1.0,L2-ALL,-14504.13
2022,11,22,Entity_0022,1.0,L2-ALL,-11783.95
2022,12,22,Entity_0022,1.0,L2-ALL,-9351.15
2022,1,23,Entity_0023,1.0,L2-ALL,-13111.71
2022,2,23,Entity_0023,1.0,L2-ALL,-13260.6
2022,3,23,Entity_0023,1.0,L2-ALL,-13918.37
2022,4,23,Entity_0023,1.0,L2-ALL,-5635.02
2022,5,23,Entity_0023,1.0,L2-ALL,-18173.38
2022,6,23,Entity_0023,1.0,L2-ALL,-18110.53
2022,7,23,Entity_0023,1.0,L2-ALL,-17329.73
2022,8,23,Entity_0023,1.0,L2-ALL,-16399.46
2022,9,23,Entity_0023,1.0,L2-ALL,-11689.75
2022,10,23,Entity_0023,1.0,L2-ALL,-13093.18
2022,11,23,Entity_0023,1.0,L2-ALL,-13833.29
2022,12,23,Entity_0023,1.0,L2-ALL,-12840.28
2022,1,24,Entity_0024,1.0,L2-ALL,-11073.75
2022,2,24,Entity_0024,1.0,L2-ALL,-10632.15
2022,3,24,Entity_0024,1.0,L2-ALL,-11672.34
2022,4,24,Entity_0024,1.0,L2-ALL,461.13
2022,5,24,Entity_0024,1.0,L2-ALL,-18011.89
2022,6,24,Entity_0024,1.0,L2-ALL,-17813.04
2022,7,24,Entity_0024,1.0,L2-ALL,-16669.32
2022,8,24,Entity_0024,1.0,L2-ALL,-15306.65
2022,9,24,Entity_0024,1.0,L2-ALL,-13110.19
2022,10,24,Entity_0024,1.0,L2-ALL,-11044.62
2022,11,24,Entity_0024,1.0,L2-ALL,-11650.26
2022,12,24,Entity_0024,1.0,L2-ALL,-10093.16
2022,1,25,Entity_0025,1.0,L2-ALL,-13761.23
2022,2,25,Entity_0025,1.0,L2-ALL,-13382.62
2022,3,25,Entity_0025,1.0,L2-ALL,-14382.28
2022,4,25,Entity_0025,1.0,L2-ALL,-1793.5
2022,5,25,Entity_0025,1.0,L2-ALL,-6240.11
2022,6,25,Entity_0025,1.0,L2-ALL,-20753.41
2022,7,25,Entity_0025,1.0,L2-ALL,-19566.77
2022,8,25,Entity_0025,1.0,L2-ALL,-18272.97
2022,9,25,Entity_0025,1.0,L2-ALL,-15946.71
2022,10,25,Entity_0025,1.0,L2-ALL,-13777.91
2022,11,25,Entity_0025,1.0,L2-ALL,-14359.37
2022,12,25,Entity_0025,1.0,L2-ALL,-12743.84
2022,1,26,Entity_0026,1.0,L2-ALL,-7619.15
2022,2,26,Entity_0026,1.0,L2-ALL,-7292.87
2022,3,26,Entity_0026,1.0,L2-ALL,-8028.61
2022,4,26,Entity_0026,1.0,L2-ALL,270.74
2022,5,26,Entity_0026,1.0,L2-ALL,-12292.25
2022,6,26,Entity_0026,1.0,L2-ALL,-12228.84
2022,7,26,Entity_0026,1.0,L2-ALL,-11446.53
2022,8,26,Entity_0026,1.0,L2-ALL,-10514.46
2022,9,26,Entity_0026,1.0,L2-ALL,-9059.95
2022,10,26,Entity_0026,1.0,L2-ALL,-8454.22
2022,11,26,Entity_0026,1.0,L2-ALL,-7943.48
2022,12,26,Entity_0026,1.0,L2-ALL,-5638.42
2022,1,27,Entity_0027,1.0,L2-ALL,-14410.37
2022,2,27,Entity_0027,1.0,L2-ALL,-13639.84
2022,3,27,Entity_0027,1.0,L2-ALL,-5901.39
2022,4,27,Entity_0027,1.0,L2-ALL,9532.49
2022,5,27,Entity_0027,1.0,L2-ALL,-13110.29
2022,6,27,Entity_0027,1.0,L2-ALL,-12361.64
2022,7,27,Entity_0027,1.0,L2-ALL,-10067.74
2022,8,27,Entity_0027,1.0,L2-ALL,-7432.0
2022,9,27,Entity_0027,1.0,L2-ALL,-6208.57
2022,10,27,Entity_0027,1.0,L2-ALL,-5910.44
2022,11,27,Entity_0027,1.0,L2-ALL,-7077.61
2022,12,27,Entity_0027,1.0,L2-ALL,-5757.61
2022,1,28,Entity_0028,1.0,L2-ALL,-10610.9
2022,2,28,Entity_0028,1.0,L2-ALL,-10618.72
2022,3,28,Entity_0028,1.0,L2-ALL,-11040.61
2022,4,28,Entity_0028,1.0,L2-ALL,-156196.05
2022,5,28,Entity_0028,1.0,L2-ALL,-9409.29
2022,6,28,Entity_0028,1.0,L2-ALL,30559.11
2022,7,28,Entity_0028,1.0,L2-ALL,-12461.92
2022,8,28,Entity_0028,1.0,L2-ALL,-8494.47
2022,9,28,Entity_0028,1.0,L2-ALL,-7046.42
2022,10,28,Entity_0028,1.0,L2-ALL,-6636.96
2022,11,28,Entity_0028,1.0,L2-ALL,-5679.07
2022,12,28,Entity_0028,1.0,L2-ALL,-4299.06
2022,1,29,Entity_0029,1.0,L2-ALL,-8451.57
2022,2,29,Entity_0029,1.0,L2-ALL,-8464.32
2022,3,29,Entity_0029,1.0,L2-ALL,-8881.77
2022,4,29,Entity_0029,1.0,L2-ALL,-152512.47
2022,5,29,Entity_0029,1.0,L2-ALL,-8079.65
2022,6,29,Entity_0029,1.0,L2-ALL,33234.43
2022,7,29,Entity_0029,1.0,L2-ALL,-11552.81
2022,8,29,Entity_0029,1.0,L2-ALL,-8331.34
2022,9,29,Entity_0029,1.0,L2-ALL,-7269.25
2022,10,29,Entity_0029,1.0,L2-ALL,-6823.1
2022,11,29,Entity_0029,1.0,L2-ALL,-5975.32
2022,12,29,Entity_0029,1.0,L2-ALL,-5087.99
2022,1,30,Entity_0030,4.0,LJL,9226.52
2022,2,30,Entity_0030,4.0,LJL,12741.89
2022,3,30,Entity_0030,4.0,LJL,48005.36
2022,4,30,Entity_0030,4.0,LJL,1895.56
2022,5,30,Entity_0030,4.0,LJL,9561.49
2022,6,30,Entity_0030,4.0,LJL,7779.66
2022,7,30,Entity_0030,4.0,LJL,9565.96
2022,8,30,Entity_0030,4.0,LJL,7619.66
2022,9,30,Entity_0030,4.0,LJL,9776.42
2022,10,30,Entity_0030,4.0,LJL,7480.96
2022,11,30,Entity_0030,4.0,LJL,71963.83
2022,12,30,Entity_0030,4.0,LJL,7480.96
2022,1,32,Entity_0032,1.0,L2-ALL,-18655.01
2022,2,32,Entity_0032,1.0,L2-ALL,-18655.01
2022,3,32,Entity_0032,1.0,L2-ALL,-18668.45
2022,4,32,Entity_0032,1.0,L2-ALL,-17669.56
2022,5,32,Entity_0032,1.0,L2-ALL,-19012.8
2022,6,32,Entity_0032,1.0,L2-ALL,-15734.76
2022,7,32,Entity_0032,1.0,L2-ALL,-14779.06
2022,8,32,Entity_0032,1.0,L2-ALL,-18690.98
2022,9,32,Entity_0032,1.0,L2-ALL,-18151.18
2022,10,32,Entity_0032,1.0,L2-ALL,-17210.3
2022,11,32,Entity_0032,1.0,L2-ALL,-16004.4
2022,12,32,Entity_0032,1.0,L2-ALL,-13911.8
2022,1,34,Entity_0034,1.0,L2-ALL,-19090.2
2022,2,34,Entity_0034,1.0,L2-ALL,-19110.51
2022,3,34,Entity_0034,1.0,L2-ALL,-19426.18
2022,4,34,Entity_0034,1.0,L2-ALL,-19130.89
2022,5,34,Entity_0034,1.0,L2-ALL,-19475.94
2022,6,34,Entity_0034,1.0,L2-ALL,-19130.89
2022,7,34,Entity_0034,1.0,L2-ALL,-16395.12
2022,8,34,Entity_0034,1.0,L2-ALL,-17880.89
2022,9,34,Entity_0034,1.0,L2-ALL,-18754.02
2022,10,34,Entity_0034,1.0,L2-ALL,-19475.94
2022,11,34,Entity_0034,1.0,L2-ALL,-19130.89
2022,12,34,Entity_0034,1.0,L2-ALL,-29827.5
2022,1,35,Entity_0035,1.0,L2-ALL,-15082.75
2022,2,35,Entity_0035,1.0,L2-ALL,-15107.64
2022,3,35,Entity_0035,1.0,L2-ALL,-10812.35
2022,4,35,Entity_0035,1.0,L2-ALL,-15162.16
2022,5,35,Entity_0035,1.0,L2-ALL,-16314.07
2022,6,35,Entity_0035,1.0,L2-ALL,-15219.85
2022,7,35,Entity_0035,1.0,L2-ALL,-15774.32
2022,8,35,Entity_0035,1.0,L2-ALL,-12901.45
2022,9,35,Entity_0035,1.0,L2-ALL,-13348.71
2022,10,35,Entity_0035,1.0,L2-ALL,-15870.32
2022,11,35,Entity_0035,1.0,L2-ALL,-15127.15
2022,12,35,Entity_0035,1.0,L2-ALL,-15935.69
2022,1,41,Entity_0041,1.0,L2-ALL,-26668.23
2022,2,41,Entity_0041,1.0,L2-ALL,-34985.31
2022,3,41,Entity_0041,1.0,L2-ALL,-38012.47
2022,4,41,Entity_0041,1.0,L2-ALL,-86356.78
2022,5,41,Entity_0041,1.0,L2-ALL,28393.36
2022,6,41,Entity_0041,1.0,L2-ALL,-43310.32
2022,7,41,Entity_0041,1.0,L2-ALL,-39100.73
2022,8,41,Entity_0041,1.0,L2-ALL,-28250.17
2022,9,41,Entity_0041,1.0,L2-ALL,-95592.25
2022,10,41,Entity_0041,1.0,L2-ALL,13273.79
2022,11,41,Entity_0041,1.0,L2-ALL,-38931.86
2022,12,41,Entity_0041,1.0,L2-ALL,155511.15
2022,1,43,Entity_0043,1.0,L2-ALL,-11586.52
2022,2,43,Entity_0043,1.0,L2-ALL,-12660.75
2022,3,43,Entity_0043,1.0,L2-ALL,-12676.82
2022,4,43,Entity_0043,1.0,L2-ALL,-12167.03
2022,5,43,Entity_0043,1.0,L2-ALL,-12183.14
2022,6,43,Entity_0043,1.0,L2-ALL,-10773.59
2022,7,43,Entity_0043,1.0,L2-ALL,-12389.86
2022,8,43,Entity_0043,1.0,L2-ALL,-8308.51
2022,9,43,Entity_0043,1.0,L2-ALL,-12249.35
2022,10,43,Entity_0043,1.0,L2-ALL,-12093.63
2022,11,43,Entity_0043,1.0,L2-ALL,-12416.08
2022,12,43,Entity_0043,1.0,L2-ALL,60690.68
2022,1,44,Entity_0044,1.0,L2-ALL,-10141.39
2022,2,44,Entity_0044,1.0,L2-ALL,-13127.31
2022,3,44,Entity_0044,1.0,L2-ALL,-13145.21
2022,4,44,Entity_0044,1.0,L2-ALL,-12577.21
2022,5,44,Entity_0044,1.0,L2-ALL,-12595.16
2022,6,44,Entity_0044,1.0,L2-ALL,-11207.35
2022,7,44,Entity_0044,1.0,L2-ALL,-11591.48
2022,8,44,Entity_0044,1.0,L2-ALL,-11559.26
2022,9,44,Entity_0044,1.0,L2-ALL,-12668.92
2022,10,44,Entity_0044,1.0,L2-ALL,-12495.42
2022,11,44,Entity_0044,1.0,L2-ALL,-12878.53
2022,12,44,Entity_0044,1.0,L2-ALL,71649.75
2022,1,46,Entity_0046,1.0,L2-ALL,-15984.77
2022,2,46,Entity_0046,1.0,L2-ALL,-17547.54
2022,3,46,Entity_0046,1.0,L2-ALL,-17570.93
2022,4,46,Entity_0046,1.0,L2-ALL,-16849.26
2022,5,46,Entity_0046,1.0,L2-ALL,-16852.73
2022,6,46,Entity_0046,1.0,L2-ALL,-13929.77
2022,7,46,Entity_0046,1.0,L2-ALL,-17153.45
2022,8,46,Entity_0046,1.0,L2-ALL,-13157.52
2022,9,46,Entity_0046,1.0,L2-ALL,-16663.61
2022,10,46,Entity_0046,1.0,L2-ALL,-16722.5
2022,11,46,Entity_0046,1.0,L2-ALL,-17495.29
2022,12,46,Entity_0046,1.0,L2-ALL,83671.49
2022,1,47,Entity_0047,1.0,L2-ALL,-9737.41
2022,2,47,Entity_0047,1.0,L2-ALL,-10675.36
2022,3,47,Entity_0047,1.0,L2-ALL,-10655.79
2022,4,47,Entity_0047,1.0,L2-ALL,-10258.33
2022,5,47,Entity_0047,1.0,L2-ALL,-10272.78
2022,6,47,Entity_0047,1.0,L2-ALL,-8643.68
2022,7,47,Entity_0047,1.0,L2-ALL,-10458.27
2022,8,47,Entity_0047,1.0,L2-ALL,-6815.39
2022,9,47,Entity_0047,1.0,L2-ALL,-10332.19
2022,10,47,Entity_0047,1.0,L2-ALL,-10192.46
2022,11,47,Entity_0047,1.0,L2-ALL,-10434.39
2022,12,47,Entity_0047,1.0,L2-ALL,54989.51
2022,1,48,Entity_0048,1.0,L2-ALL,-8706.02
2022,2,48,Entity_0048,1.0,L2-ALL,-9814.59
2022,3,48,Entity_0048,1.0,L2-ALL,-9831.15
2022,4,48,Entity_0048,1.0,L2-ALL,-9305.08
2022,5,48,Entity_0048,1.0,L2-ALL,-9321.72
2022,6,48,Entity_0048,1.0,L2-ALL,-9518.21
2022,7,48,Entity_0048,1.0,L2-ALL,-9535.05
2022,8,48,Entity_0048,1.0,L2-ALL,-6987.0
2022,9,48,Entity_0048,1.0,L2-ALL,-9390.02
2022,10,48,Entity_0048,1.0,L2-ALL,-9229.33
2022,11,48,Entity_0048,1.0,L2-ALL,-9777.56
2022,12,48,Entity_0048,1.0,L2-ALL,-9619.47
2022,1,49,Entity_0049,1.0,L2-ALL,-10896.5
2022,2,49,Entity_0049,1.0,L2-ALL,-10699.02
2022,3,49,Entity_0049,1.0,L2-ALL,-3507.11
2022,4,49,Entity_0049,1.0,L2-ALL,-10970.88
2022,5,49,Entity_0049,1.0,L2-ALL,-11512.51
2022,6,49,Entity_0049,1.0,L2-ALL,-11018.81
2022,7,49,Entity_0049,1.0,L2-ALL,-11559.09
2022,8,49,Entity_0049,1.0,L2-ALL,-6674.08
2022,9,49,Entity_0049,1.0,L2-ALL,-11090.37
2022,10,49,Entity_0049,1.0,L2-ALL,-11628.64
2022,11,49,Entity_0049,1.0,L2-ALL,-11139.28
2022,12,49,Entity_0049,1.0,L2-ALL,-11676.17
2022,1,51,Entity_0051,1.0,L2-ALL,-11869.33
2022,2,51,Entity_0051,1.0,L2-ALL,-11671.23
2022,3,51,Entity_0051,1.0,L2-ALL,-11681.71
2022,4,51,Entity_0051,1.0,L2-ALL,-11941.66
2022,5,51,Entity_0051,1.0,L2-ALL,-12468.39
2022,6,51,Entity_0051,1.0,L2-ALL,-11988.27
2022,7,51,Entity_0051,1.0,L2-ALL,-12513.69
2022,8,51,Entity_0051,1.0,L2-ALL,-10943.81
2022,9,51,Entity_0051,1.0,L2-ALL,-12057.86
2022,10,51,Entity_0051,1.0,L2-ALL,-12581.32
2022,11,51,Entity_0051,1.0,L2-ALL,-12105.43
2022,12,51,Entity_0051,1.0,L2-ALL,-12627.54
2022,1,55,Entity_0055,1.0,L2-ALL,-8989.31
2022,2,55,Entity_0055,1.0,L2-ALL,-8994.6
2022,3,55,Entity_0055,1.0,L2-ALL,-9151.83
2022,4,55,Entity_0055,1.0,L2-ALL,-9005.83
2022,5,55,Entity_0055,1.0,L2-ALL,-7018.05
2022,6,55,Entity_0055,1.0,L2-ALL,-9168.19
2022,7,55,Entity_0055,1.0,L2-ALL,-5642.35
2022,8,55,Entity_0055,1.0,L2-ALL,-8952.06
2022,9,55,Entity_0055,1.0,L2-ALL,-9108.24
2022,10,55,Entity_0055,1.0,L2-ALL,-9113.67
2022,11,55,Entity_0055,1.0,L2-ALL,-8974.06
2022,12,55,Entity_0055,1.0,L2-ALL,-9124.37
2022,1,57,Entity_0057,1.0,L2-ALL,-12493.68
2022,2,57,Entity_0057,1.0,L2-ALL,-12491.56
2022,3,57,Entity_0057,1.0,L2-ALL,-9186.42
2022,4,57,Entity_0057,1.0,L2-ALL,-12518.96
2022,5,57,Entity_0057,1.0,L2-ALL,-8629.63
2022,6,57,Entity_0057,1.0,L2-ALL,-12914.91
2022,7,57,Entity_0057,1.0,L2-ALL,-9299.09
2022,8,57,Entity_0057,1.0,L2-ALL,-12387.83
2022,9,57,Entity_0057,1.0,L2-ALL,-12768.71
2022,10,57,Entity_0057,1.0,L2-ALL,-12781.94
2022,11,57,Entity_0057,1.0,L2-ALL,-12489.18
2022,12,57,Entity_0057,1.0,L2-ALL,-12808.03
2022,1,60,Entity_0060,1.0,L2-ALL,-6113.98
2022,2,60,Entity_0060,1.0,L2-ALL,-37677.67
2022,3,60,Entity_0060,1.0,L2-ALL,-7299.26
2022,4,60,Entity_0060,1.0,L2-ALL,-10510.38
2022,5,60,Entity_0060,1.0,L2-ALL,-10399.49
2022,6,60,Entity_0060,1.0,L2-ALL,-10430.17
2022,7,60,Entity_0060,1.0,L2-ALL,-488.92
2022,8,60,Entity_0060,1.0,L2-ALL,-10426.48
2022,9,60,Entity_0060,1.0,L2-ALL,-1088.42
2022,10,60,Entity_0060,1.0,L2-ALL,-9390.7
2022,11,60,Entity_0060,1.0,L2-ALL,-10376.03
2022,12,60,Entity_0060,1.0,L2-ALL,-10712.04
2022,1,63,Entity_0063,1.0,L2-ALL,-10181.41
2022,2,63,Entity_0063,1.0,L2-ALL,-71410.41
2022,3,63,Entity_0063,1.0,L2-ALL,-10141.41
2022,4,63,Entity_0063,1.0,L2-ALL,-10181.41
2022,5,63,Entity_0063,1.0,L2-ALL,-10181.41
2022,6,63,Entity_0063,1.0,L2-ALL,-10554.74
2022,7,63,Entity_0063,1.0,L2-ALL,-4026.41
2022,8,63,Entity_0063,1.0,L2-ALL,-10629.41
2022,9,63,Entity_0063,1.0,L2-ALL,-8243.25
2022,10,63,Entity_0063,1.0,L2-ALL,-629.41
2022,11,63,Entity_0063,1.0,L2-ALL,-10360.66
2022,12,63,Entity_0063,1.0,L2-ALL,380.59
2022,1,64,Entity_0064,1.0,L2-ALL,-14354.6
2022,2,64,Entity_0064,1.0,L2-ALL,-14563.89
2022,3,64,Entity_0064,1.0,L2-ALL,-14318.45
2022,4,64,Entity_0064,1.0,L2-ALL,-14060.22
2022,5,64,Entity_0064,1.0,L2-ALL,-15101.03
2022,6,64,Entity_0064,1.0,L2-ALL,-13963.57
2022,7,64,Entity_0064,1.0,L2-ALL,-14501.05
2022,8,64,Entity_0064,1.0,L2-ALL,-14366.56
2022,9,64,Entity_0064,1.0,L2-ALL,-11574.82
2022,10,64,Entity_0064,1.0,L2-ALL,-15414.6
2022,11,64,Entity_0064,1.0,L2-ALL,-14279.98
2022,12,64,Entity_0064,1.0,L2-ALL,-14605.45
2022,1,65,Entity_0065,1.0,L2-ALL,-24986.88
2022,2,65,Entity_0065,1.0,L2-ALL,-24669.9
2022,3,65,Entity_0065,1.0,L2-ALL,-24249.96
2022,4,65,Entity_0065,1.0,L2-ALL,-24043.23
2022,5,65,Entity_0065,1.0,L2-ALL,-26024.4
2022,6,65,Entity_0065,1.0,L2-ALL,-23751.99
2022,7,65,Entity_0065,1.0,L2-ALL,-26857.41
2022,8,65,Entity_0065,1.0,L2-ALL,-23247.76
2022,9,65,Entity_0065,1.0,L2-ALL,-23594.13
2022,10,65,Entity_0065,1.0,L2-ALL,-25504.14
2022,11,65,Entity_0065,1.0,L2-ALL,-23670.69
2022,12,65,Entity_0065,1.0,L2-ALL,-24981.0
2022,1,66,Entity_0066,1.0,L2-ALL,-26016.98
2022,2,66,Entity_0066,1.0,L2-ALL,-24404.17
2022,3,66,Entity_0066,1.0,L2-ALL,-24789.15
2022,4,66,Entity_0066,1.0,L2-ALL,-25497.96
2022,5,66,Entity_0066,1.0,L2-ALL,-26108.64
2022,6,66,Entity_0066,1.0,L2-ALL,-23916.89
2022,7,66,Entity_0066,1.0,L2-ALL,-26412.07
2022,8,66,Entity_0066,1.0,L2-ALL,-24223.51
2022,9,66,Entity_0066,1.0,L2-ALL,-21701.56
2022,10,66,Entity_0066,1.0,L2-ALL,-25514.41
2022,11,66,Entity_0066,1.0,L2-ALL,-25486.35
2022,12,66,Entity_0066,1.0,L2-ALL,-25953.74
2022,1,88,Entity_0088,1.0,L2-ALL,-20127.32
2022,2,88,Entity_0088,1.0,L2-ALL,-20386.08
2022,3,88,Entity_0088,1.0,L2-ALL,-20855.96
2022,4,88,Entity_0088,1.0,L2-ALL,-20126.36
2022,5,88,Entity_0088,1.0,L2-ALL,-19876.75
2022,6,88,Entity_0088,1.0,L2-ALL,-18908.33
2022,7,88,Entity_0088,1.0,L2-ALL,-18462.83
2022,8,88,Entity_0088,1.0,L2-ALL,-14386.28
2022,9,88,Entity_0088,1.0,L2-ALL,-15346.32
2022,10,88,Entity_0088,1.0,L2-ALL,-15336.43
2022,11,88,Entity_0088,1.0,L2-ALL,-13928.48
2022,12,88,Entity_0088,1.0,L2-ALL,-12861.4
2022,1,99,Entity_0099,3.0,L2B,-8720.73
2022,2,99,Entity_0099,3.0,L2B,-8736.43
2022,3,99,Entity_0099,3.0,L2B,-9312.96
2022,4,99,Entity_0099,3.0,L2B,-8755.62
2022,5,99,Entity_0099,3.0,L2B,-9006.21
2022,6,99,Entity_0099,3.0,L2B,-8375.15
2022,7,99,Entity_0099,3.0,L2B,-9038.21
2022,8,99,Entity_0099,3.0,L2B,-8837.75
2022,9,99,Entity_0099,3.0,L2B,23808.51
2022,10,99,Entity_0099,3.0,L2B,-9568.04
2022,11,99,Entity_0099,3.0,L2B,-8252.14
2022,12,99,Entity_0099,3.0,L2B,-5068.98
2022,1,101,Entity_0101,3.0,L2B,-12319.83
2022,2,101,Entity_0101,3.0,L2B,-12349.31
2022,3,101,Entity_0101,3.0,L2B,-13360.06
2022,4,101,Entity_0101,3.0,L2B,-12398.03
2022,5,101,Entity_0101,3.0,L2B,-20117.9
2022,6,101,Entity_0101,3.0,L2B,-5191.83
2022,7,101,Entity_0101,3.0,L2B,-22161.53
2022,8,101,Entity_0101,3.0,L2B,-14658.02
2022,9,101,Entity_0101,3.0,L2B,-9164.5
2022,10,101,Entity_0101,3.0,L2B,-13657.47
2022,11,101,Entity_0101,3.0,L2B,-14610.12
2022,12,101,Entity_0101,3.0,L2B,-13720.52
2022,1,102,Entity_0102,3.0,L2B,-10853.75
2022,2,102,Entity_0102,3.0,L2B,-14013.15
2022,3,102,Entity_0102,3.0,L2B,-21977.53
2022,4,102,Entity_0102,3.0,L2B,-14089.58
2022,5,102,Entity_0102,3.0,L2B,-14324.73
2022,6,102,Entity_0102,3.0,L2B,-13947.71
2022,7,102,Entity_0102,3.0,L2B,-14193.37
2022,8,102,Entity_0102,3.0,L2B,-14220.93
2022,9,102,Entity_0102,3.0,L2B,41443.39
2022,10,102,Entity_0102,3.0,L2B,-15767.41
2022,11,102,Entity_0102,3.0,L2B,-14828.39
2022,12,102,Entity_0102,3.0,L2B,-7742.86
2022,1,103,Entity_0103,3.0,L2B,-14300.93
2022,2,103,Entity_0103,3.0,L2B,-12822.49
2022,3,103,Entity_0103,3.0,L2B,-12104.05
2022,4,103,Entity_0103,3.0,L2B,-9698.22
2022,5,103,Entity_0103,3.0,L2B,-14968.32
2022,6,103,Entity_0103,3.0,L2B,-11835.98
2022,7,103,Entity_0103,3.0,L2B,-13248.9
2022,8,103,Entity_0103,3.0,L2B,-12403.67
2022,9,103,Entity_0103,3.0,L2B,30930.0
2022,10,103,Entity_0103,3.0,L2B,-15914.53
2022,11,103,Entity_0103,3.0,L2B,-13371.4
2022,12,103,Entity_0103,3.0,L2B,-8727.26
2022,1,104,Entity_0104,3.0,L2B,-6864.85
2022,2,104,Entity_0104,3.0,L2B,-6872.93
2022,3,104,Entity_0104,3.0,L2B,-6881.71
2022,4,104,Entity_0104,3.0,L2B,-6892.98
2022,5,104,Entity_0104,3.0,L2B,-6903.19
2022,6,104,Entity_0104,3.0,L2B,-6911.65
2022,7,104,Entity_0104,3.0,L2B,-6911.52
2022,8,104,Entity_0104,3.0,L2B,-6916.57
2022,9,104,Entity_0104,3.0,L2B,-3822.83
2022,10,104,Entity_0104,3.0,L2B,-6936.1
2022,11,104,Entity_0104,3.0,L2B,-6874.83
2022,12,104,Entity_0104,3.0,L2B,-6933.95
2022,1,105,Entity_0105,1.0,L2-ALL,-12324.51
2022,2,105,Entity_0105,1.0,L2-ALL,-12340.51
2022,3,105,Entity_0105,1.0,L2-ALL,-11945.47
2022,4,105,Entity_0105,1.0,L2-ALL,-11100.82
2022,5,105,Entity_0105,1.0,L2-ALL,-12669.17
2022,6,105,Entity_0105,1.0,L2-ALL,-12409.3
2022,7,105,Entity_0105,1.0,L2-ALL,-12701.69
2022,8,105,Entity_0105,1.0,L2-ALL,-10056.87
2022,9,105,Entity_0105,1.0,L2-ALL,-12459.47
2022,10,105,Entity_0105,1.0,L2-ALL,-9623.38
2022,11,105,Entity_0105,1.0,L2-ALL,-13021.63
2022,12,105,Entity_0105,1.0,L2-ALL,-12783.55
2022,1,107,Entity_0107,1.0,L2-ALL,-7291.43
2022,2,107,Entity_0107,1.0,L2-ALL,-6456.46
2022,3,107,Entity_0107,1.0,L2-ALL,-8551.99
2022,4,107,Entity_0107,1.0,L2-ALL,-7591.2
2022,5,107,Entity_0107,1.0,L2-ALL,-7932.14
2022,6,107,Entity_0107,1.0,L2-ALL,-7623.27
2022,7,107,Entity_0107,1.0,L2-ALL,-6871.86
2022,8,107,Entity_0107,1.0,L2-ALL,-7655.63
2022,9,107,Entity_0107,1.0,L2-ALL,-7671.18
2022,10,107,Entity_0107,1.0,L2-ALL,-8009.9
2022,11,107,Entity_0107,1.0,L2-ALL,-7113.98
2022,12,107,Entity_0107,1.0,L2-ALL,-8041.78
2022,1,108,Entity_0108,1.0,L2-ALL,-14731.01
2022,2,108,Entity_0108,1.0,L2-ALL,-13381.01
2022,3,108,Entity_0108,1.0,L2-ALL,-16005.76
2022,4,108,Entity_0108,1.0,L2-ALL,-13742.01
2022,5,108,Entity_0108,1.0,L2-ALL,-15181.49
2022,6,108,Entity_0108,1.0,L2-ALL,-14731.01
2022,7,108,Entity_0108,1.0,L2-ALL,-12795.33
2022,8,108,Entity_0108,1.0,L2-ALL,-14731.01
2022,9,108,Entity_0108,1.0,L2-ALL,-14731.01
2022,10,108,Entity_0108,1.0,L2-ALL,1027.56
2022,11,108,Entity_0108,1.0,L2-ALL,-2824.19
2022,12,108,Entity_0108,1.0,L2-ALL,-13484.61
2022,1,110,Entity_0110,1.0,L2-ALL,-6881.74
2022,2,110,Entity_0110,1.0,L2-ALL,-5780.45
2022,3,110,Entity_0110,1.0,L2-ALL,-6893.07
2022,4,110,Entity_0110,1.0,L2-ALL,-6773.75
2022,5,110,Entity_0110,1.0,L2-ALL,-6920.0
2022,6,110,Entity_0110,1.0,L2-ALL,-7196.03
2022,7,110,Entity_0110,1.0,L2-ALL,-3490.84
2022,8,110,Entity_0110,1.0,L2-ALL,-7220.92
2022,9,110,Entity_0110,1.0,L2-ALL,-6632.1
2022,10,110,Entity_0110,1.0,L2-ALL,2360.53
2022,11,110,Entity_0110,1.0,L2-ALL,-7068.71
2022,12,110,Entity_0110,1.0,L2-ALL,-7012.18
2022,1,111,Entity_0111,1.0,L2-ALL,-10371.35
2022,2,111,Entity_0111,1.0,L2-ALL,-9535.21
2022,3,111,Entity_0111,1.0,L2-ALL,-11354.5
2022,4,111,Entity_0111,1.0,L2-ALL,-10665.88
2022,5,111,Entity_0111,1.0,L2-ALL,-10561.24
2022,6,111,Entity_0111,1.0,L2-ALL,-10694.89
2022,7,111,Entity_0111,1.0,L2-ALL,-7432.74
2022,8,111,Entity_0111,1.0,L2-ALL,-10724.11
2022,9,111,Entity_0111,1.0,L2-ALL,-10529.58
2022,10,111,Entity_0111,1.0,L2-ALL,-11013.06
2022,11,111,Entity_0111,1.0,L2-ALL,-10741.85
2022,12,111,Entity_0111,1.0,L2-ALL,-11041.73
2022,1,113,Entity_0113,1.0,L2-ALL,-9869.05
2022,2,113,Entity_0113,1.0,L2-ALL,-9032.13
2022,3,113,Entity_0113,1.0,L2-ALL,-10906.25
2022,4,113,Entity_0113,1.0,L2-ALL,-10161.16
2022,5,113,Entity_0113,1.0,L2-ALL,-10427.12
2022,6,113,Entity_0113,1.0,L2-ALL,-10188.58
2022,7,113,Entity_0113,1.0,L2-ALL,-6683.92
2022,8,113,Entity_0113,1.0,L2-ALL,-10216.18
2022,9,113,Entity_0113,1.0,L2-ALL,-10229.61
2022,10,113,Entity_0113,1.0,L2-ALL,-10493.6
2022,11,113,Entity_0113,1.0,L2-ALL,-10048.76
2022,12,113,Entity_0113,1.0,L2-ALL,-10520.7
2022,1,115,Entity_0115,1.0,L2-ALL,-13145.39
2022,2,115,Entity_0115,1.0,L2-ALL,-12502.66
2022,3,115,Entity_0115,1.0,L2-ALL,-13145.39
2022,4,115,Entity_0115,1.0,L2-ALL,-11217.2
2022,5,115,Entity_0115,1.0,L2-ALL,-12502.66
2022,6,115,Entity_0115,1.0,L2-ALL,-13997.16
2022,7,115,Entity_0115,1.0,L2-ALL,-12502.66
2022,8,115,Entity_0115,1.0,L2-ALL,-10116.5
2022,9,115,Entity_0115,1.0,L2-ALL,-12502.66
2022,10,115,Entity_0115,1.0,L2-ALL,-12502.66
2022,11,115,Entity_0115,1.0,L2-ALL,-12293.91
2022,12,115,Entity_0115,1.0,L2-ALL,-12502.66
2022,1,121,Entity_0121,1.0,L2-ALL,-9637.03
2022,2,121,Entity_0121,1.0,L2-ALL,-9514.19
2022,3,121,Entity_0121,1.0,L2-ALL,-10795.3
2022,4,121,Entity_0121,1.0,L2-ALL,-9689.66
2022,5,121,Entity_0121,1.0,L2-ALL,-10080.06
2022,6,121,Entity_0121,1.0,L2-ALL,-9723.55
2022,7,121,Entity_0121,1.0,L2-ALL,-9021.53
2022,8,121,Entity_0121,1.0,L2-ALL,-9757.72
2022,9,121,Entity_0121,1.0,L2-ALL,-9774.13
2022,10,121,Entity_0121,1.0,L2-ALL,-10162.15
2022,11,121,Entity_0121,1.0,L2-ALL,-9738.71
2022,12,121,Entity_0121,1.0,L2-ALL,-10195.76
2022,1,129,Entity_0129,1.0,L2-ALL,-13240.27
2022,2,129,Entity_0129,1.0,L2-ALL,-13088.51
2022,3,129,Entity_0129,1.0,L2-ALL,-13849.22
2022,4,129,Entity_0129,1.0,L2-ALL,-239875.97
2022,5,129,Entity_0129,1.0,L2-ALL,-11871.82
2022,6,129,Entity_0129,1.0,L2-ALL,30150.41
2022,7,129,Entity_0129,1.0,L2-ALL,-17228.24
2022,8,129,Entity_0129,1.0,L2-ALL,-12148.83
2022,9,129,Entity_0129,1.0,L2-ALL,-11404.96
2022,10,129,Entity_0129,1.0,L2-ALL,-10798.45
2022,11,129,Entity_0129,1.0,L2-ALL,-9741.09
2022,12,129,Entity_0129,1.0,L2-ALL,-8439.66
2022,1,131,Entity_0131,1.0,L2-ALL,-18993.76
2022,2,131,Entity_0131,1.0,L2-ALL,-18849.57
2022,3,131,Entity_0131,1.0,L2-ALL,-19577.54
2022,4,131,Entity_0131,1.0,L2-ALL,-386168.07
2022,5,131,Entity_0131,1.0,L2-ALL,-18202.97
2022,6,131,Entity_0131,1.0,L2-ALL,24358.43
2022,7,131,Entity_0131,1.0,L2-ALL,-25239.27
2022,8,131,Entity_0131,1.0,L2-ALL,-17094.25
2022,9,131,Entity_0131,1.0,L2-ALL,-15339.68
2022,10,131,Entity_0131,1.0,L2-ALL,-14308.61
2022,11,131,Entity_0131,1.0,L2-ALL,-12511.11
2022,12,131,Entity_0131,1.0,L2-ALL,-10298.69
2022,1,132,Entity_0132,1.0,L2-ALL,-9143.27
2022,2,132,Entity_0132,1.0,L2-ALL,-8987.52
2022,3,132,Entity_0132,1.0,L2-ALL,-9593.3
2022,4,132,Entity_0132,1.0,L2-ALL,-161610.07
2022,5,132,Entity_0132,1.0,L2-ALL,-7969.95
2022,6,132,Entity_0132,1.0,L2-ALL,32558.99
2022,7,132,Entity_0132,1.0,L2-ALL,-11567.5
2022,8,132,Entity_0132,1.0,L2-ALL,-7501.29
2022,9,132,Entity_0132,1.0,L2-ALL,-6896.47
2022,10,132,Entity_0132,1.0,L2-ALL,-6625.28
2022,11,132,Entity_0132,1.0,L2-ALL,-5812.55
2022,12,132,Entity_0132,1.0,L2-ALL,-4812.21
2022,1,139,Entity_0139,1.0,L2-ALL,-7384.77
2022,2,139,Entity_0139,1.0,L2-ALL,-6609.59
2022,3,139,Entity_0139,1.0,L2-ALL,-6230.07
2022,4,139,Entity_0139,1.0,L2-ALL,-6631.07
2022,5,139,Entity_0139,1.0,L2-ALL,-6864.32
2022,6,139,Entity_0139,1.0,L2-ALL,-6721.08
2022,7,139,Entity_0139,1.0,L2-ALL,-5792.72
2022,8,139,Entity_0139,1.0,L2-ALL,-6672.52
2022,9,139,Entity_0139,1.0,L2-ALL,-6683.27
2022,10,139,Entity_0139,1.0,L2-ALL,-6913.83
2022,11,139,Entity_0139,1.0,L2-ALL,-6326.41
2022,12,139,Entity_0139,1.0,L2-ALL,-6934.09
2022,1,142,Entity_0142,3.0,L2B,-30676.55
2022,2,142,Entity_0142,3.0,L2B,-29336.36
2022,3,142,Entity_0142,3.0,L2B,-31673.34
2022,4,142,Entity_0142,3.0,L2B,-28047.88
2022,5,142,Entity_0142,3.0,L2B,-31426.99
2022,6,142,Entity_0142,3.0,L2B,-29472.95
2022,7,142,Entity_0142,3.0,L2B,-25395.15
2022,8,142,Entity_0142,3.0,L2B,-28287.08
2022,9,142,Entity_0142,3.0,L2B,-28137.84
2022,10,142,Entity_0142,3.0,L2B,-31721.21
2022,11,142,Entity_0142,3.0,L2B,-29634.31
2022,12,142,Entity_0142,3.0,L2B,-29061.4
2022,1,144,Entity_0144,1.0,L2-ALL,-12224.24
2022,2,144,Entity_0144,1.0,L2-ALL,-11242.09
2022,3,144,Entity_0144,1.0,L2-ALL,-13566.1
2022,4,144,Entity_0144,1.0,L2-ALL,-12283.64
2022,5,144,Entity_0144,1.0,L2-ALL,-12735.76
2022,6,144,Entity_0144,1.0,L2-ALL,-12321.8
2022,7,144,Entity_0144,1.0,L2-ALL,-12772.84
2022,8,144,Entity_0144,1.0,L2-ALL,-12360.28
2022,9,144,Entity_0144,1.0,L2-ALL,-9992.55
2022,10,144,Entity_0144,1.0,L2-ALL,-12828.16
2022,11,144,Entity_0144,1.0,L2-ALL,-12208.92
2022,12,144,Entity_0144,1.0,L2-ALL,-12866.03
2022,1,145,Entity_0145,1.0,L2-ALL,-7057.78
2022,2,145,Entity_0145,1.0,L2-ALL,-6068.42
2022,3,145,Entity_0145,1.0,L2-ALL,-7797.4
2022,4,145,Entity_0145,1.0,L2-ALL,-7093.18
2022,5,145,Entity_0145,1.0,L2-ALL,-7362.6
2022,6,145,Entity_0145,1.0,L2-ALL,-7115.92
2022,7,145,Entity_0145,1.0,L2-ALL,-7384.7
2022,8,145,Entity_0145,1.0,L2-ALL,-7138.86
2022,9,145,Entity_0145,1.0,L2-ALL,-3731.46
2022,10,145,Entity_0145,1.0,L2-ALL,-7417.67
2022,11,145,Entity_0145,1.0,L2-ALL,-6839.32
2022,12,145,Entity_0145,1.0,L2-ALL,-7440.24
2022,1,146,Entity_0146,1.0,L2-ALL,-7706.5
2022,2,146,Entity_0146,1.0,L2-ALL,-6719.11
2022,3,146,Entity_0146,1.0,L2-ALL,-8653.93
2022,4,146,Entity_0146,1.0,L2-ALL,-7748.45
2022,5,146,Entity_0146,1.0,L2-ALL,-8067.67
2022,6,146,Entity_0146,1.0,L2-ALL,-7105.39
2022,7,146,Entity_0146,1.0,L2-ALL,-8093.86
2022,8,146,Entity_0146,1.0,L2-ALL,-7802.56
2022,9,146,Entity_0146,1.0,L2-ALL,-5429.42
2022,10,146,Entity_0146,1.0,L2-ALL,-8132.92
2022,11,146,Entity_0146,1.0,L2-ALL,-7843.1
2022,12,146,Entity_0146,1.0,L2-ALL,-7890.91
2022,1,148,Entity_0148,1.0,L2-ALL,-9463.0
2022,2,148,Entity_0148,1.0,L2-ALL,-8429.47
2022,3,148,Entity_0148,1.0,L2-ALL,-10839.1
2022,4,148,Entity_0148,1.0,L2-ALL,-10112.45
2022,5,148,Entity_0148,1.0,L2-ALL,-10394.77
2022,6,148,Entity_0148,1.0,L2-ALL,-9511.2
2022,7,148,Entity_0148,1.0,L2-ALL,-11910.91
2022,8,148,Entity_0148,1.0,L2-ALL,-10741.71
2022,9,148,Entity_0148,1.0,L2-ALL,-9573.42
2022,10,148,Entity_0148,1.0,L2-ALL,-9181.62
2022,11,148,Entity_0148,1.0,L2-ALL,-9992.87
2022,12,148,Entity_0148,1.0,L2-ALL,-10093.56
2022,1,153,Entity_0153,1.0,L2-ALL,-13781.55
2022,2,153,Entity_0153,1.0,L2-ALL,-12051.85
2022,3,153,Entity_0153,1.0,L2-ALL,-13418.81
2022,4,153,Entity_0153,1.0,L2-ALL,-14625.73
2022,5,153,Entity_0153,1.0,L2-ALL,-13456.79
2022,6,153,Entity_0153,1.0,L2-ALL,-13871.05
2022,7,153,Entity_0153,1.0,L2-ALL,-11107.79
2022,8,153,Entity_0153,1.0,L2-ALL,-13905.96
2022,9,153,Entity_0153,1.0,L2-ALL,-13532.61
2022,10,153,Entity_0153,1.0,L2-ALL,-13551.3
2022,11,153,Entity_0153,1.0,L2-ALL,-13753.42
2022,12,153,Entity_0153,1.0,L2-ALL,-13588.51
2022,1,155,Entity_0155,1.0,L2-ALL,-20970.99
2022,2,155,Entity_0155,1.0,L2-ALL,-20666.89
2022,3,155,Entity_0155,1.0,L2-ALL,-21613.19
2022,4,155,Entity_0155,1.0,L2-ALL,-20698.87
2022,5,155,Entity_0155,1.0,L2-ALL,-21022.86
2022,6,155,Entity_0155,1.0,L2-ALL,-20728.76
2022,7,155,Entity_0155,1.0,L2-ALL,-19960.44
2022,8,155,Entity_0155,1.0,L2-ALL,-20758.87
2022,9,155,Entity_0155,1.0,L2-ALL,-20773.44
2022,10,155,Entity_0155,1.0,L2-ALL,-21095.3
2022,11,155,Entity_0155,1.0,L2-ALL,-20803.88
2022,12,155,Entity_0155,1.0,L2-ALL,-21124.86
2022,1,157,Entity_0157,1.0,L2-ALL,-13631.47
2022,2,157,Entity_0157,1.0,L2-ALL,-13646.65
2022,3,157,Entity_0157,1.0,L2-ALL,-13727.84
2022,4,157,Entity_0157,1.0,L2-ALL,-13680.93
2022,5,157,Entity_0157,1.0,L2-ALL,-14031.51
2022,6,157,Entity_0157,1.0,L2-ALL,-13712.95
2022,7,157,Entity_0157,1.0,L2-ALL,-11676.46
2022,8,157,Entity_0157,1.0,L2-ALL,-13745.21
2022,9,157,Entity_0157,1.0,L2-ALL,-13760.81
2022,10,157,Entity_0157,1.0,L2-ALL,-14109.11
2022,11,157,Entity_0157,1.0,L2-ALL,-13072.42
2022,12,157,Entity_0157,1.0,L2-ALL,-14140.79
2022,1,160,Entity_0160,1.0,L2-ALL,-15298.7
2022,2,160,Entity_0160,1.0,L2-ALL,-10047.77
2022,3,160,Entity_0160,1.0,L2-ALL,-14736.75
2022,4,160,Entity_0160,1.0,L2-ALL,-15359.92
2022,5,160,Entity_0160,1.0,L2-ALL,-15761.11
2022,6,160,Entity_0160,1.0,L2-ALL,-15399.79
2022,7,160,Entity_0160,1.0,L2-ALL,-15799.82
2022,8,160,Entity_0160,1.0,L2-ALL,-13053.77
2022,9,160,Entity_0160,1.0,L2-ALL,-15459.46
2022,10,160,Entity_0160,1.0,L2-ALL,-15857.76
2022,11,160,Entity_0160,1.0,L2-ALL,-15499.99
2022,12,160,Entity_0160,1.0,L2-ALL,-15897.11
2022,1,165,Entity_0165,1.0,L2-ALL,-8285.69
2022,2,165,Entity_0165,1.0,L2-ALL,-8575.92
2022,3,165,Entity_0165,1.0,L2-ALL,-9293.3
2022,4,165,Entity_0165,1.0,L2-ALL,-8604.1
2022,5,165,Entity_0165,1.0,L2-ALL,-8850.93
2022,6,165,Entity_0165,1.0,L2-ALL,-8630.76
2022,7,165,Entity_0165,1.0,L2-ALL,-6490.67
2022,8,165,Entity_0165,1.0,L2-ALL,-8657.61
2022,9,165,Entity_0165,1.0,L2-ALL,-8829.13
2022,10,165,Entity_0165,1.0,L2-ALL,-9135.31
2022,11,165,Entity_0165,1.0,L2-ALL,-8823.06
2022,12,165,Entity_0165,1.0,L2-ALL,-9199.55
2022,1,166,Entity_0166,1.0,L2-ALL,-14450.5
2022,2,166,Entity_0166,1.0,L2-ALL,-14464.08
2022,3,166,Entity_0166,1.0,L2-ALL,-15315.5
2022,4,166,Entity_0166,1.0,L2-ALL,-13843.24
2022,5,166,Entity_0166,1.0,L2-ALL,-14647.04
2022,6,166,Entity_0166,1.0,L2-ALL,-14522.04
2022,7,166,Entity_0166,1.0,L2-ALL,-12427.06
2022,8,166,Entity_0166,1.0,L2-ALL,-13300.45
2022,9,166,Entity_0166,1.0,L2-ALL,-14564.32
2022,10,166,Entity_0166,1.0,L2-ALL,-14056.76
2022,11,166,Entity_0166,1.0,L2-ALL,-14592.98
2022,12,166,Entity_0166,1.0,L2-ALL,-14903.97
2022,1,167,Entity_0167,1.0,L2-ALL,-10921.78
2022,2,167,Entity_0167,1.0,L2-ALL,-10933.31
2022,3,167,Entity_0167,1.0,L2-ALL,-11669.24
2022,4,167,Entity_0167,1.0,L2-ALL,-258066.21
2022,5,167,Entity_0167,1.0,L2-ALL,-12913.16
2022,6,167,Entity_0167,1.0,L2-ALL,-11435.71
2022,7,167,Entity_0167,1.0,L2-ALL,-8105.88
2022,8,167,Entity_0167,1.0,L2-ALL,-8012.6
2022,9,167,Entity_0167,1.0,L2-ALL,-8661.52
2022,10,167,Entity_0167,1.0,L2-ALL,-7760.65
2022,11,167,Entity_0167,1.0,L2-ALL,-6439.92
2022,12,167,Entity_0167,1.0,L2-ALL,252533.57
2022,1,169,Entity_0169,1.0,L2-ALL,-15330.54
2022,2,169,Entity_0169,1.0,L2-ALL,-15975.07
2022,3,169,Entity_0169,1.0,L2-ALL,-16009.75
2022,4,169,Entity_0169,1.0,L2-ALL,-14217.84
2022,5,169,Entity_0169,1.0,L2-ALL,-16380.62
2022,6,169,Entity_0169,1.0,L2-ALL,-16051.21
2022,7,169,Entity_0169,1.0,L2-ALL,-13240.12
2022,8,169,Entity_0169,1.0,L2-ALL,-14838.51
2022,9,169,Entity_0169,1.0,L2-ALL,-15206.7
2022,10,169,Entity_0169,1.0,L2-ALL,-14956.44
2022,11,169,Entity_0169,1.0,L2-ALL,-16144.35
2022,12,169,Entity_0169,1.0,L2-ALL,-15677.04
2022,1,173,Entity_0173,1.0,L2-ALL,-11680.76
2022,2,173,Entity_0173,1.0,L2-ALL,-11694.63
2022,3,173,Entity_0173,1.0,L2-ALL,-12566.0
2022,4,173,Entity_0173,1.0,L2-ALL,-11725.43
2022,5,173,Entity_0173,1.0,L2-ALL,-12024.27
2022,6,173,Entity_0173,1.0,L2-ALL,-11754.49
2022,7,173,Entity_0173,1.0,L2-ALL,-9666.33
2022,8,173,Entity_0173,1.0,L2-ALL,-11783.74
2022,9,173,Entity_0173,1.0,L2-ALL,-11797.96
2022,10,173,Entity_0173,1.0,L2-ALL,-12094.7
2022,11,173,Entity_0173,1.0,L2-ALL,-11618.75
2022,12,173,Entity_0173,1.0,L2-ALL,-12123.38
2022,1,174,Entity_0174,1.0,L2-ALL,-13990.85
2022,2,174,Entity_0174,1.0,L2-ALL,-14007.37
2022,3,174,Entity_0174,1.0,L2-ALL,-15036.6
2022,4,174,Entity_0174,1.0,L2-ALL,-14043.67
2022,5,174,Entity_0174,1.0,L2-ALL,-14396.78
2022,6,174,Entity_0174,1.0,L2-ALL,-14078.34
2022,7,174,Entity_0174,1.0,L2-ALL,-13338.98
2022,8,174,Entity_0174,1.0,L2-ALL,-14113.23
2022,9,174,Entity_0174,1.0,L2-ALL,-14130.2
2022,10,174,Entity_0174,1.0,L2-ALL,-14480.78
2022,11,174,Entity_0174,1.0,L2-ALL,-14035.4
2022,12,174,Entity_0174,1.0,L2-ALL,-14514.58
2022,1,175,Entity_0175,1.0,L2-ALL,-10361.37
2022,2,175,Entity_0175,1.0,L2-ALL,-10151.79
2022,3,175,Entity_0175,1.0,L2-ALL,-9211.58
2022,4,175,Entity_0175,1.0,L2-ALL,-10394.41
2022,5,175,Entity_0175,1.0,L2-ALL,-10597.3
2022,6,175,Entity_0175,1.0,L2-ALL,-10416.03
2022,7,175,Entity_0175,1.0,L2-ALL,-10618.29
2022,8,175,Entity_0175,1.0,L2-ALL,-6971.08
2022,9,175,Entity_0175,1.0,L2-ALL,-10448.41
2022,10,175,Entity_0175,1.0,L2-ALL,-10649.72
2022,11,175,Entity_0175,1.0,L2-ALL,-10470.34
2022,12,175,Entity_0175,1.0,L2-ALL,-10671.0
2022,1,176,Entity_0176,1.0,L2-ALL,-27609.95
2022,2,176,Entity_0176,1.0,L2-ALL,-25173.31
2022,3,176,Entity_0176,1.0,L2-ALL,-67804.06
2022,4,176,Entity_0176,1.0,L2-ALL,-29012.39
2022,5,176,Entity_0176,1.0,L2-ALL,13497.04
2022,6,176,Entity_0176,1.0,L2-ALL,-71838.36
2022,7,176,Entity_0176,1.0,L2-ALL,-25137.31
2022,8,176,Entity_0176,1.0,L2-ALL,-29022.14
2022,9,176,Entity_0176,1.0,L2-ALL,-29043.49
2022,10,176,Entity_0176,1.0,L2-ALL,-29468.44
2022,11,176,Entity_0176,1.0,L2-ALL,12275.31
2022,12,176,Entity_0176,1.0,L2-ALL,-29511.35
2022,1,177,Entity_0177,1.0,L2-ALL,-11556.9
2022,2,177,Entity_0177,1.0,L2-ALL,-12212.99
2022,3,177,Entity_0177,1.0,L2-ALL,-11499.96
2022,4,177,Entity_0177,1.0,L2-ALL,-12343.07
2022,5,177,Entity_0177,1.0,L2-ALL,-10914.25
2022,6,177,Entity_0177,1.0,L2-ALL,-12372.51
2022,7,177,Entity_0177,1.0,L2-ALL,-11576.37
2022,8,177,Entity_0177,1.0,L2-ALL,-12402.13
2022,9,177,Entity_0177,1.0,L2-ALL,-12416.56
2022,10,177,Entity_0177,1.0,L2-ALL,-12710.59
2022,11,177,Entity_0177,1.0,L2-ALL,-12237.72
2022,12,177,Entity_0177,1.0,L2-ALL,-12739.63
2022,1,178,Entity_0178,1.0,L2-ALL,-14347.22
2022,2,178,Entity_0178,1.0,L2-ALL,-14364.1
2022,3,178,Entity_0178,1.0,L2-ALL,-15269.77
2022,4,178,Entity_0178,1.0,L2-ALL,-13201.33
2022,5,178,Entity_0178,1.0,L2-ALL,-14755.09
2022,6,178,Entity_0178,1.0,L2-ALL,-14436.59
2022,7,178,Entity_0178,1.0,L2-ALL,-14789.32
2022,8,178,Entity_0178,1.0,L2-ALL,-12085.92
2022,9,178,Entity_0178,1.0,L2-ALL,-14463.37
2022,10,178,Entity_0178,1.0,L2-ALL,-14840.56
2022,11,178,Entity_0178,1.0,L2-ALL,-14316.44
2022,12,178,Entity_0178,1.0,L2-ALL,-14875.35
2022,1,186,Entity_0186,1.0,L2-ALL,-2838.13
2022,2,186,Entity_0186,1.0,L2-ALL,1542.22
2022,3,186,Entity_0186,1.0,L2-ALL,-7594.92
2022,4,186,Entity_0186,1.0,L2-ALL,-3066.0
2022,5,186,Entity_0186,1.0,L2-ALL,-3118.27
2022,6,186,Entity_0186,1.0,L2-ALL,-3071.74
2022,7,186,Entity_0186,1.0,L2-ALL,-3123.83
2022,8,186,Entity_0186,1.0,L2-ALL,-3077.5
2022,9,186,Entity_0186,1.0,L2-ALL,-2895.33
2022,10,186,Entity_0186,1.0,L2-ALL,-1882.17
2022,11,186,Entity_0186,1.0,L2-ALL,-2941.15
2022,12,186,Entity_0186,1.0,L2-ALL,-3137.81
2022,1,188,Entity_0188,1.0,L2-ALL,-7968.37
2022,2,188,Entity_0188,1.0,L2-ALL,-7977.07
2022,3,188,Entity_0188,1.0,L2-ALL,-8402.79
2022,4,188,Entity_0188,1.0,L2-ALL,-7995.81
2022,5,188,Entity_0188,1.0,L2-ALL,-8142.98
2022,6,188,Entity_0188,1.0,L2-ALL,-8013.82
2022,7,188,Entity_0188,1.0,L2-ALL,-7069.01
2022,8,188,Entity_0188,1.0,L2-ALL,-8031.94
2022,9,188,Entity_0188,1.0,L2-ALL,-8173.5
2022,10,188,Entity_0188,1.0,L2-ALL,-8351.93
2022,11,188,Entity_0188,1.0,L2-ALL,-8173.71
2022,12,188,Entity_0188,1.0,L2-ALL,-8400.63
2022,1,189,Entity_0189,1.0,L2-ALL,-12414.14
2022,2,189,Entity_0189,1.0,L2-ALL,-11854.03
2022,3,189,Entity_0189,1.0,L2-ALL,-13018.2
2022,4,189,Entity_0189,1.0,L2-ALL,-12457.17
2022,5,189,Entity_0189,1.0,L2-ALL,-12473.93
2022,6,189,Entity_0189,1.0,L2-ALL,-12487.73
2022,7,189,Entity_0189,1.0,L2-ALL,-11411.12
2022,8,189,Entity_0189,1.0,L2-ALL,-12518.47
2022,9,189,Entity_0189,1.0,L2-ALL,-12532.4
2022,10,189,Entity_0189,1.0,L2-ALL,-12548.37
2022,11,189,Entity_0189,1.0,L2-ALL,-12411.7
2022,12,189,Entity_0189,1.0,L2-ALL,-13614.4
2022,1,190,Entity_0190,1.0,L2-ALL,-14590.28
2022,2,190,Entity_0190,1.0,L2-ALL,-13605.2
2022,3,190,Entity_0190,1.0,L2-ALL,-15552.07
2022,4,190,Entity_0190,1.0,L2-ALL,-14638.05
2022,5,190,Entity_0190,1.0,L2-ALL,-14962.68
2022,6,190,Entity_0190,1.0,L2-ALL,-14669.17
2022,7,190,Entity_0190,1.0,L2-ALL,-14992.9
2022,8,190,Entity_0190,1.0,L2-ALL,-14700.49
2022,9,190,Entity_0190,1.0,L2-ALL,-11186.29
2022,10,190,Entity_0190,1.0,L2-ALL,-15038.11
2022,11,190,Entity_0190,1.0,L2-ALL,-14241.72
2022,12,190,Entity_0190,1.0,L2-ALL,-15068.78
2022,1,192,Entity_0192,1.0,L2-ALL,-3819.59
2022,2,192,Entity_0192,1.0,L2-ALL,-4552.13
2022,3,192,Entity_0192,1.0,L2-ALL,-4810.22
2022,4,192,Entity_0192,1.0,L2-ALL,-4563.71
2022,5,192,Entity_0192,1.0,L2-ALL,-4583.6
2022,6,192,Entity_0192,1.0,L2-ALL,-4574.81
2022,7,192,Entity_0192,1.0,L2-ALL,-4663.75
2022,8,192,Entity_0192,1.0,L2-ALL,-4585.97
2022,9,192,Entity_0192,1.0,L2-ALL,-4591.45
2022,10,192,Entity_0192,1.0,L2-ALL,-3954.91
2022,11,192,Entity_0192,1.0,L2-ALL,-4602.72
2022,12,192,Entity_0192,1.0,L2-ALL,-4690.86
2022,1,193,Entity_0193,1.0,L2-ALL,-5896.55
2022,2,193,Entity_0193,1.0,L2-ALL,-5896.55
2022,3,193,Entity_0193,1.0,L2-ALL,-6092.04
2022,4,193,Entity_0193,1.0,L2-ALL,-5896.55
2022,5,193,Entity_0193,1.0,L2-ALL,4457.28
2022,6,193,Entity_0193,1.0,L2-ALL,-7293.74
2022,7,193,Entity_0193,1.0,L2-ALL,136.52
2022,8,193,Entity_0193,1.0,L2-ALL,-5875.09
2022,9,193,Entity_0193,1.0,L2-ALL,-5425.92
2022,10,193,Entity_0193,1.0,L2-ALL,-4539.83
2022,11,193,Entity_0193,1.0,L2-ALL,-4647.52
2022,12,193,Entity_0193,1.0,L2-ALL,-4514.7
2022,1,196,Entity_0196,1.0,L2-ALL,-11681.83
2022,2,196,Entity_0196,1.0,L2-ALL,-10502.73
2022,3,196,Entity_0196,1.0,L2-ALL,-10998.81
2022,4,196,Entity_0196,1.0,L2-ALL,-11721.42
2022,5,196,Entity_0196,1.0,L2-ALL,-11975.45
2022,6,196,Entity_0196,1.0,L2-ALL,-11747.27
2022,7,196,Entity_0196,1.0,L2-ALL,-12000.54
2022,8,196,Entity_0196,1.0,L2-ALL,-10681.82
2022,9,196,Entity_0196,1.0,L2-ALL,-9736.97
2022,10,196,Entity_0196,1.0,L2-ALL,-12038.11
2022,11,196,Entity_0196,1.0,L2-ALL,-11478.46
2022,12,196,Entity_0196,1.0,L2-ALL,-12063.58
2022,1,200,Entity_0200,1.0,L2-ALL,-17131.39
2022,2,200,Entity_0200,1.0,L2-ALL,-16838.43
2022,3,200,Entity_0200,1.0,L2-ALL,-16856.11
2022,4,200,Entity_0200,1.0,L2-ALL,-17797.43
2022,5,200,Entity_0200,1.0,L2-ALL,-16888.01
2022,6,200,Entity_0200,1.0,L2-ALL,-17215.44
2022,7,200,Entity_0200,1.0,L2-ALL,-14537.34
2022,8,200,Entity_0200,1.0,L2-ALL,-15997.15
2022,9,200,Entity_0200,1.0,L2-ALL,-16886.88
2022,10,200,Entity_0200,1.0,L2-ALL,-16976.45
2022,11,200,Entity_0200,1.0,L2-ALL,-17297.94
2022,12,200,Entity_0200,1.0,L2-ALL,-17010.7
2022,1,201,Entity_0201,1.0,L2-ALL,-9608.99
2022,2,201,Entity_0201,1.0,L2-ALL,-9480.65
2022,3,201,Entity_0201,1.0,L2-ALL,-7747.93
2022,4,201,Entity_0201,1.0,L2-ALL,-9642.22
2022,5,201,Entity_0201,1.0,L2-ALL,-9858.02
2022,6,201,Entity_0201,1.0,L2-ALL,-9663.91
2022,7,201,Entity_0201,1.0,L2-ALL,-8787.62
2022,8,201,Entity_0201,1.0,L2-ALL,-9685.73
2022,9,201,Entity_0201,1.0,L2-ALL,-9696.37
2022,10,201,Entity_0201,1.0,L2-ALL,-9910.59
2022,11,201,Entity_0201,1.0,L2-ALL,-9648.39
2022,12,201,Entity_0201,1.0,L2-ALL,-9931.96
2022,1,212,Entity_0212,1.0,L2-ALL,-72204.85
2022,2,212,Entity_0212,1.0,L2-ALL,-86257.05
2022,3,212,Entity_0212,1.0,L2-ALL,-77069.96
2022,4,212,Entity_0212,1.0,L2-ALL,-79793.42
2022,5,212,Entity_0212,1.0,L2-ALL,-82319.01
2022,6,212,Entity_0212,1.0,L2-ALL,-71654.92
2022,7,212,Entity_0212,1.0,L2-ALL,-68209.85
2022,8,212,Entity_0212,1.0,L2-ALL,-65946.08
2022,9,212,Entity_0212,1.0,L2-ALL,-63419.3
2022,10,212,Entity_0212,1.0,L2-ALL,-63655.23
2022,11,212,Entity_0212,1.0,L2-ALL,-65745.28
2022,12,212,Entity_0212,1.0,L2-ALL,146201.84
2022,1,214,Entity_0214,1.0,L2-ALL,-11733.72
2022,2,214,Entity_0214,1.0,L2-ALL,-11741.58
2022,3,214,Entity_0214,1.0,L2-ALL,-12170.17
2022,4,214,Entity_0214,1.0,L2-ALL,-11758.43
2022,5,214,Entity_0214,1.0,L2-ALL,-11906.04
2022,6,214,Entity_0214,1.0,L2-ALL,-8995.9
2022,7,214,Entity_0214,1.0,L2-ALL,-11921.78
2022,8,214,Entity_0214,1.0,L2-ALL,-11790.96
2022,9,214,Entity_0214,1.0,L2-ALL,-11798.96
2022,10,214,Entity_0214,1.0,L2-ALL,-10695.37
2022,11,214,Entity_0214,1.0,L2-ALL,-11695.39
2022,12,214,Entity_0214,1.0,L2-ALL,-11961.3
2022,1,216,Entity_0216,1.0,L2-ALL,-12655.5
2022,2,216,Entity_0216,1.0,L2-ALL,-12667.62
2022,3,216,Entity_0216,1.0,L2-ALL,-13384.87
2022,4,216,Entity_0216,1.0,L2-ALL,-12694.01
2022,5,216,Entity_0216,1.0,L2-ALL,-12940.41
2022,6,216,Entity_0216,1.0,L2-ALL,-12719.18
2022,7,216,Entity_0216,1.0,L2-ALL,-12964.84
2022,8,216,Entity_0216,1.0,L2-ALL,-11653.03
2022,9,216,Entity_0216,1.0,L2-ALL,-12337.17
2022,10,216,Entity_0216,1.0,L2-ALL,-13001.42
2022,11,216,Entity_0216,1.0,L2-ALL,-12782.39
2022,12,216,Entity_0216,1.0,L2-ALL,-13026.2
2022,1,218,Entity_0218,1.0,L2-ALL,-16836.77
2022,2,218,Entity_0218,1.0,L2-ALL,-16850.45
2022,3,218,Entity_0218,1.0,L2-ALL,-17602.4
2022,4,218,Entity_0218,1.0,L2-ALL,-16879.83
2022,5,218,Entity_0218,1.0,L2-ALL,-17138.76
2022,6,218,Entity_0218,1.0,L2-ALL,-16908.1
2022,7,218,Entity_0218,1.0,L2-ALL,-14780.02
2022,8,218,Entity_0218,1.0,L2-ALL,-15005.5
2022,9,218,Entity_0218,1.0,L2-ALL,-16501.52
2022,10,218,Entity_0218,1.0,L2-ALL,-17207.27
2022,11,218,Entity_0218,1.0,L2-ALL,-16979.07
2022,12,218,Entity_0218,1.0,L2-ALL,-17235.04
2022,1,224,Entity_0224,3.0,L2B,-40438.77
2022,2,224,Entity_0224,3.0,L2B,-40483.32
2022,3,224,Entity_0224,3.0,L2B,-43262.96
2022,4,224,Entity_0224,3.0,L2B,-40572.83
2022,5,224,Entity_0224,3.0,L2B,-41526.56
2022,6,224,Entity_0224,3.0,L2B,-40662.9
2022,7,224,Entity_0224,3.0,L2B,-41613.99
2022,8,224,Entity_0224,3.0,L2B,-39503.52
2022,9,224,Entity_0224,3.0,L2B,-40779.06
2022,10,224,Entity_0224,3.0,L2B,-41746.16
2022,11,224,Entity_0224,3.0,L2B,-40890.52
2022,12,224,Entity_0224,3.0,L2B,-41834.95
2022,1,226,Entity_0226,1.0,L2-ALL,-9551.34
2022,2,226,Entity_0226,1.0,L2-ALL,-9328.79
2022,3,226,Entity_0226,1.0,L2-ALL,-9341.34
2022,4,226,Entity_0226,1.0,L2-ALL,-9058.46
2022,5,226,Entity_0226,1.0,L2-ALL,-9366.84
2022,6,226,Entity_0226,1.0,L2-ALL,-9114.71
2022,7,226,Entity_0226,1.0,L2-ALL,-6509.85
2022,8,226,Entity_0226,1.0,L2-ALL,-9139.04
2022,9,226,Entity_0226,1.0,L2-ALL,-8423.27
2022,10,226,Entity_0226,1.0,L2-ALL,-8181.21
2022,11,226,Entity_0226,1.0,L2-ALL,-9175.46
2022,12,226,Entity_0226,1.0,L2-ALL,107180.36
2022,1,231,Entity_0231,1.0,L2-ALL,-16806.51
2022,2,231,Entity_0231,1.0,L2-ALL,-16141.22
2022,3,231,Entity_0231,1.0,L2-ALL,-17544.8
2022,4,231,Entity_0231,1.0,L2-ALL,-16878.51
2022,5,231,Entity_0231,1.0,L2-ALL,-16903.51
2022,6,231,Entity_0231,1.0,L2-ALL,-16926.51
2022,7,231,Entity_0231,1.0,L2-ALL,-14564.35
2022,8,231,Entity_0231,1.0,L2-ALL,-16974.51
2022,9,231,Entity_0231,1.0,L2-ALL,-16999.51
2022,10,231,Entity_0231,1.0,L2-ALL,-17023.51
2022,11,231,Entity_0231,1.0,L2-ALL,-17050.51
2022,12,231,Entity_0231,1.0,L2-ALL,-17063.51
2022,1,237,Entity_0237,1.0,L2-ALL,-3933.94
2022,2,237,Entity_0237,1.0,L2-ALL,1248.55
2022,3,237,Entity_0237,1.0,L2-ALL,641.24
2022,4,237,Entity_0237,1.0,L2-ALL,-275640.72
2022,5,237,Entity_0237,1.0,L2-ALL,-2281.54
2022,6,237,Entity_0237,1.0,L2-ALL,1178.46
2022,7,237,Entity_0237,1.0,L2-ALL,7785.88
2022,8,237,Entity_0237,1.0,L2-ALL,-380.37
2022,9,237,Entity_0237,1.0,L2-ALL,4917.84
2022,10,237,Entity_0237,1.0,L2-ALL,-8315.2
2022,11,237,Entity_0237,1.0,L2-ALL,-6177.06
2022,12,237,Entity_0237,1.0,L2-ALL,292745.18
2022,1,239,Entity_0239,1.0,L2-ALL,-14909.17
2022,2,239,Entity_0239,1.0,L2-ALL,-14210.67
2022,3,239,Entity_0239,1.0,L2-ALL,-15649.67
2022,4,239,Entity_0239,1.0,L2-ALL,-14951.17
2022,5,239,Entity_0239,1.0,L2-ALL,-15479.97
2022,6,239,Entity_0239,1.0,L2-ALL,-14980.17
2022,7,239,Entity_0239,1.0,L2-ALL,-12608.01
2022,8,239,Entity_0239,1.0,L2-ALL,-15008.17
2022,9,239,Entity_0239,1.0,L2-ALL,-15023.17
2022,10,239,Entity_0239,1.0,L2-ALL,-15037.17
2022,11,239,Entity_0239,1.0,L2-ALL,-15051.17
2022,12,239,Entity_0239,1.0,L2-ALL,-15066.17
2022,1,242,Entity_0242,1.0,L2-ALL,-10641.83
2022,2,242,Entity_0242,1.0,L2-ALL,-10607.8
2022,3,242,Entity_0242,1.0,L2-ALL,-10616.59
2022,4,242,Entity_0242,1.0,L2-ALL,-11045.04
2022,5,242,Entity_0242,1.0,L2-ALL,-10493.3
2022,6,242,Entity_0242,1.0,L2-ALL,-10779.7
2022,7,242,Entity_0242,1.0,L2-ALL,-7520.31
2022,8,242,Entity_0242,1.0,L2-ALL,-10791.35
2022,9,242,Entity_0242,1.0,L2-ALL,-10594.71
2022,10,242,Entity_0242,1.0,L2-ALL,-9423.56
2022,11,242,Entity_0242,1.0,L2-ALL,-10787.89
2022,12,242,Entity_0242,1.0,L2-ALL,-10689.21
2022,1,245,Entity_0245,1.0,L2-ALL,-10687.48
2022,2,245,Entity_0245,1.0,L2-ALL,-10221.66
2022,3,245,Entity_0245,1.0,L2-ALL,-6146.63
2022,4,245,Entity_0245,1.0,L2-ALL,-10241.34
2022,5,245,Entity_0245,1.0,L2-ALL,-9767.29
2022,6,245,Entity_0245,1.0,L2-ALL,-10260.29
2022,7,245,Entity_0245,1.0,L2-ALL,-10433.74
2022,8,245,Entity_0245,1.0,L2-ALL,-9135.6
2022,9,245,Entity_0245,1.0,L2-ALL,-9654.72
2022,10,245,Entity_0245,1.0,L2-ALL,-10988.54
2022,11,245,Entity_0245,1.0,L2-ALL,-10099.1
2022,12,245,Entity_0245,1.0,L2-ALL,-10004.89
2022,1,249,Entity_0249,1.0,L2-ALL,-28250.63
2022,2,249,Entity_0249,1.0,L2-ALL,-28372.94
2022,3,249,Entity_0249,1.0,L2-ALL,-50794.4
2022,4,249,Entity_0249,1.0,L2-ALL,-28422.65
2022,5,249,Entity_0249,1.0,L2-ALL,-7549.58
2022,6,249,Entity_0249,1.0,L2-ALL,-49637.31
2022,7,249,Entity_0249,1.0,L2-ALL,-27028.87
2022,8,249,Entity_0249,1.0,L2-ALL,-27268.86
2022,9,249,Entity_0249,1.0,L2-ALL,-28542.57
2022,10,249,Entity_0249,1.0,L2-ALL,-28971.32
2022,11,249,Entity_0249,1.0,L2-ALL,-7279.45
2022,12,249,Entity_0249,1.0,L2-ALL,-29018.42
2022,1,254,Entity_0254,1.0,L2-ALL,-7291.27
2022,2,254,Entity_0254,1.0,L2-ALL,-7298.11
2022,3,254,Entity_0254,1.0,L2-ALL,-7693.19
2022,4,254,Entity_0254,1.0,L2-ALL,-7312.89
2022,5,254,Entity_0254,1.0,L2-ALL,-7448.71
2022,6,254,Entity_0254,1.0,L2-ALL,-7327.04
2022,7,254,Entity_0254,1.0,L2-ALL,-4146.11
2022,8,254,Entity_0254,1.0,L2-ALL,-7138.27
2022,9,254,Entity_0254,1.0,L2-ALL,-7348.24
2022,10,254,Entity_0254,1.0,L2-ALL,-7483.02
2022,11,254,Entity_0254,1.0,L2-ALL,-7232.59
2022,12,254,Entity_0254,1.0,L2-ALL,-7496.94
2022,1,284,Entity_0284,1.0,L2-ALL,-17666.04
2022,2,284,Entity_0284,1.0,L2-ALL,-11884.43
2022,3,284,Entity_0284,1.0,L2-ALL,-10204.96
2022,4,284,Entity_0284,1.0,L2-ALL,-16358.76
2022,5,284,Entity_0284,1.0,L2-ALL,-17909.0
2022,6,284,Entity_0284,1.0,L2-ALL,-17696.6
2022,7,284,Entity_0284,1.0,L2-ALL,-10923.74
2022,8,284,Entity_0284,1.0,L2-ALL,-17708.74
2022,9,284,Entity_0284,1.0,L2-ALL,-17644.67
2022,10,284,Entity_0284,1.0,L2-ALL,-17838.25
2022,11,284,Entity_0284,1.0,L2-ALL,-17666.92
2022,12,284,Entity_0284,1.0,L2-ALL,-17850.13
2022,1,291,Entity_0291,1.0,L2-ALL,-13822.94
2022,2,291,Entity_0291,1.0,L2-ALL,-13619.05
2022,3,291,Entity_0291,1.0,L2-ALL,-13075.07
2022,4,291,Entity_0291,1.0,L2-ALL,-13874.23
2022,5,291,Entity_0291,1.0,L2-ALL,-14212.98
2022,6,291,Entity_0291,1.0,L2-ALL,-13907.74
2022,7,291,Entity_0291,1.0,L2-ALL,-14245.49
2022,8,291,Entity_0291,1.0,L2-ALL,-11555.27
2022,9,291,Entity_0291,1.0,L2-ALL,-13957.89
2022,10,291,Entity_0291,1.0,L2-ALL,-14294.17
2022,11,291,Entity_0291,1.0,L2-ALL,-13991.87
2022,12,291,Entity_0291,1.0,L2-ALL,-14327.15
2022,1,294,Entity_0294,1.0,L2-ALL,-3969.75
2022,2,294,Entity_0294,1.0,L2-ALL,-4101.1
2022,3,294,Entity_0294,1.0,L2-ALL,-4012.62
2022,4,294,Entity_0294,1.0,L2-ALL,-6184.32
2022,5,294,Entity_0294,1.0,L2-ALL,-1908.68
2022,6,294,Entity_0294,1.0,L2-ALL,-4155.18
2022,7,294,Entity_0294,1.0,L2-ALL,-6184.32
2022,8,294,Entity_0294,1.0,L2-ALL,-8186.53
2022,9,294,Entity_0294,1.0,L2-ALL,3193.22
2022,10,294,Entity_0294,1.0,L2-ALL,-2852.73
2022,11,294,Entity_0294,1.0,L2-ALL,-3936.87
2022,12,294,Entity_0294,1.0,L2-ALL,9118.68
2022,1,295,Entity_0295,1.0,L2-ALL,-50779.97
2022,2,295,Entity_0295,1.0,L2-ALL,-34789.67
2022,3,295,Entity_0295,1.0,L2-ALL,-36601.44
2022,4,295,Entity_0295,1.0,L2-ALL,-85716.29
2022,5,295,Entity_0295,1.0,L2-ALL,15531.06
2022,6,295,Entity_0295,1.0,L2-ALL,-34916.9
2022,7,295,Entity_0295,1.0,L2-ALL,-29296.25
2022,8,295,Entity_0295,1.0,L2-ALL,-33707.76
2022,9,295,Entity_0295,1.0,L2-ALL,-85843.73
2022,10,295,Entity_0295,1.0,L2-ALL,15237.33
2022,11,295,Entity_0295,1.0,L2-ALL,-35053.86
2022,12,295,Entity_0295,1.0,L2-ALL,-36328.77
2022,1,306,Entity_0306,1.0,L2-ALL,-12958.16
2022,2,306,Entity_0306,1.0,L2-ALL,-12323.16
2022,3,306,Entity_0306,1.0,L2-ALL,-13636.16
2022,4,306,Entity_0306,1.0,L2-ALL,-12999.16
2022,5,306,Entity_0306,1.0,L2-ALL,-13015.16
2022,6,306,Entity_0306,1.0,L2-ALL,-13028.16
2022,7,306,Entity_0306,1.0,L2-ALL,-9007.66
2022,8,306,Entity_0306,1.0,L2-ALL,-13057.16
2022,9,306,Entity_0306,1.0,L2-ALL,-13071.16
2022,10,306,Entity_0306,1.0,L2-ALL,-13086.16
2022,11,306,Entity_0306,1.0,L2-ALL,-13099.16
2022,12,306,Entity_0306,1.0,L2-ALL,-13116.16
2022,1,307,Entity_0307,1.0,L2-ALL,-22672.32
2022,2,307,Entity_0307,1.0,L2-ALL,-27660.5
2022,3,307,Entity_0307,1.0,L2-ALL,-28320.9
2022,5,307,Entity_0307,1.0,L2-ALL,-51777.52
2022,6,307,Entity_0307,1.0,L2-ALL,-23777.64
2022,7,307,Entity_0307,1.0,L2-ALL,-38401.0
2022,8,307,Entity_0307,1.0,L2-ALL,-1719.6
2022,9,307,Entity_0307,1.0,L2-ALL,-17432.12
2022,10,307,Entity_0307,1.0,L2-ALL,-15025.3
2022,11,307,Entity_0307,1.0,L2-ALL,-10787.53
2022,12,307,Entity_0307,1.0,L2-ALL,-38401.0
2022,1,309,Entity_0309,1.0,L2-ALL,-9495.2
2022,2,309,Entity_0309,1.0,L2-ALL,-10881.48
2022,3,309,Entity_0309,1.0,L2-ALL,-10912.37
2022,4,309,Entity_0309,1.0,L2-ALL,-10249.74
2022,5,309,Entity_0309,1.0,L2-ALL,-10270.7
2022,6,309,Entity_0309,1.0,L2-ALL,-10518.22
2022,7,309,Entity_0309,1.0,L2-ALL,-10539.37
2022,8,309,Entity_0309,1.0,L2-ALL,-7949.34
2022,9,309,Entity_0309,1.0,L2-ALL,-10356.75
2022,10,309,Entity_0309,1.0,L2-ALL,-10154.33
2022,11,309,Entity_0309,1.0,L2-ALL,-10989.36
2022,12,309,Entity_0309,1.0,L2-ALL,-10290.62
2022,1,311,Entity_0311,1.0,L2-ALL,-19338.7
2022,2,311,Entity_0311,1.0,L2-ALL,-14174.88
2022,3,311,Entity_0311,1.0,L2-ALL,-20043.91
2022,4,311,Entity_0311,1.0,L2-ALL,-19152.4
2022,5,311,Entity_0311,1.0,L2-ALL,-16327.73
2022,6,311,Entity_0311,1.0,L2-ALL,-16661.5
2022,7,311,Entity_0311,1.0,L2-ALL,-13487.45
2022,8,311,Entity_0311,1.0,L2-ALL,-11597.3
2022,9,311,Entity_0311,1.0,L2-ALL,-12456.0
2022,10,311,Entity_0311,1.0,L2-ALL,-11757.73
2022,11,311,Entity_0311,1.0,L2-ALL,-5693.98
2022,12,311,Entity_0311,1.0,L2-ALL,-10228.33
2022,1,315,Entity_0315,1.0,L2-ALL,-15739.87
2022,2,315,Entity_0315,1.0,L2-ALL,-15523.43
2022,3,315,Entity_0315,1.0,L2-ALL,-15893.05
2022,4,315,Entity_0315,1.0,L2-ALL,-15035.2
2022,5,315,Entity_0315,1.0,L2-ALL,-14294.16
2022,6,315,Entity_0315,1.0,L2-ALL,-13618.37
2022,7,315,Entity_0315,1.0,L2-ALL,-9636.56
2022,8,315,Entity_0315,1.0,L2-ALL,-9341.58
2022,9,315,Entity_0315,1.0,L2-ALL,-9088.26
2022,10,315,Entity_0315,1.0,L2-ALL,-7882.83
2022,11,315,Entity_0315,1.0,L2-ALL,-6754.67
2022,12,315,Entity_0315,1.0,L2-ALL,-4888.11
2022,1,316,Entity_0316,1.0,L2-ALL,-4914.36
2022,2,316,Entity_0316,1.0,L2-ALL,-5013.69
2022,3,316,Entity_0316,1.0,L2-ALL,-5079.71
2022,4,316,Entity_0316,1.0,L2-ALL,-4797.25
2022,5,316,Entity_0316,1.0,L2-ALL,-4580.64
2022,6,316,Entity_0316,1.0,L2-ALL,-4411.09
2022,7,316,Entity_0316,1.0,L2-ALL,-1723.42
2022,8,316,Entity_0316,1.0,L2-ALL,161.15
2022,9,316,Entity_0316,1.0,L2-ALL,-3279.66
2022,10,316,Entity_0316,1.0,L2-ALL,-3087.19
2022,11,316,Entity_0316,1.0,L2-ALL,-2573.36
2022,12,316,Entity_0316,1.0,L2-ALL,-2369.86
2022,1,318,Entity_0318,1.0,L2-ALL,-11449.14
2022,2,318,Entity_0318,1.0,L2-ALL,-11299.56
2022,3,318,Entity_0318,1.0,L2-ALL,-14940.0
2022,4,318,Entity_0318,1.0,L2-ALL,-7574.25
2022,5,318,Entity_0318,1.0,L2-ALL,-10496.96
2022,6,318,Entity_0318,1.0,L2-ALL,-6671.86
2022,7,318,Entity_0318,1.0,L2-ALL,-8981.3
2022,8,318,Entity_0318,1.0,L2-ALL,-7310.72
2022,9,318,Entity_0318,1.0,L2-ALL,-7574.74
2022,10,318,Entity_0318,1.0,L2-ALL,-6979.39
2022,11,318,Entity_0318,1.0,L2-ALL,-6170.05
2022,12,318,Entity_0318,1.0,L2-ALL,33022.45
2022,1,319,Entity_0319,1.0,L2-ALL,-17338.68
2022,2,319,Entity_0319,1.0,L2-ALL,-16437.23
2022,3,319,Entity_0319,1.0,L2-ALL,-17749.7
2022,4,319,Entity_0319,1.0,L2-ALL,-17166.12
2022,5,319,Entity_0319,1.0,L2-ALL,-16127.61
2022,6,319,Entity_0319,1.0,L2-ALL,-15523.02
2022,7,319,Entity_0319,1.0,L2-ALL,-10601.87
2022,8,319,Entity_0319,1.0,L2-ALL,-12943.71
2022,9,319,Entity_0319,1.0,L2-ALL,-11214.75
2022,10,319,Entity_0319,1.0,L2-ALL,-10532.94
2022,11,319,Entity_0319,1.0,L2-ALL,-9620.92
2022,12,319,Entity_0319,1.0,L2-ALL,-7693.34
2022,1,320,Entity_0320,1.0,L2-ALL,-10139.66
2022,2,320,Entity_0320,1.0,L2-ALL,-10153.07
2022,3,320,Entity_0320,1.0,L2-ALL,-11148.07
2022,4,320,Entity_0320,1.0,L2-ALL,-9708.84
2022,5,320,Entity_0320,1.0,L2-ALL,-10466.12
2022,6,320,Entity_0320,1.0,L2-ALL,-9559.2
2022,7,320,Entity_0320,1.0,L2-ALL,-7571.45
2022,8,320,Entity_0320,1.0,L2-ALL,-10200.82
2022,9,320,Entity_0320,1.0,L2-ALL,-10218.16
2022,10,320,Entity_0320,1.0,L2-ALL,-10446.51
2022,11,320,Entity_0320,1.0,L2-ALL,-10236.14
2022,12,320,Entity_0320,1.0,L2-ALL,-10442.93
2022,1,323,Entity_0323,1.0,L2-ALL,-17597.15
2022,2,323,Entity_0323,1.0,L2-ALL,-17667.19
2022,3,323,Entity_0323,1.0,L2-ALL,-18088.44
2022,4,323,Entity_0323,1.0,L2-ALL,-16640.88
2022,5,323,Entity_0323,1.0,L2-ALL,-16071.15
2022,6,323,Entity_0323,1.0,L2-ALL,-14883.44
2022,7,323,Entity_0323,1.0,L2-ALL,-12834.36
2022,8,323,Entity_0323,1.0,L2-ALL,-11053.69
2022,9,323,Entity_0323,1.0,L2-ALL,-8631.97
2022,10,323,Entity_0323,1.0,L2-ALL,-6675.83
2022,11,323,Entity_0323,1.0,L2-ALL,-6630.0
2022,12,323,Entity_0323,1.0,L2-ALL,-6131.96
2022,1,324,Entity_0324,1.0,L2-ALL,-2825.5
2022,2,324,Entity_0324,1.0,L2-ALL,-6926.91
2022,3,324,Entity_0324,1.0,L2-ALL,-7537.53
2022,4,324,Entity_0324,1.0,L2-ALL,-11474.23
2022,5,324,Entity_0324,1.0,L2-ALL,-2850.87
2022,6,324,Entity_0324,1.0,L2-ALL,-10688.71
2022,7,324,Entity_0324,1.0,L2-ALL,-1911.62
2022,8,324,Entity_0324,1.0,L2-ALL,-864.37
2022,9,324,Entity_0324,1.0,L2-ALL,-11438.83
2022,10,324,Entity_0324,1.0,L2-ALL,-3023.21
2022,11,324,Entity_0324,1.0,L2-ALL,-7209.14
2022,12,324,Entity_0324,1.0,L2-ALL,-19128.14
2022,1,329,Entity_0329,1.0,L2-ALL,-67359.96
2022,2,329,Entity_0329,1.0,L2-ALL,-114039.79
2022,3,329,Entity_0329,1.0,L2-ALL,-160056.62
2022,4,329,Entity_0329,1.0,L2-ALL,-106431.87
2022,5,329,Entity_0329,1.0,L2-ALL,-56627.51
2022,6,329,Entity_0329,1.0,L2-ALL,-146893.97
2022,7,329,Entity_0329,1.0,L2-ALL,-96671.62
2022,8,329,Entity_0329,1.0,L2-ALL,-86340.18
2022,9,329,Entity_0329,1.0,L2-ALL,-77811.5
2022,10,329,Entity_0329,1.0,L2-ALL,-81510.43
2022,11,329,Entity_0329,1.0,L2-ALL,-24485.77
2022,12,329,Entity_0329,1.0,L2-ALL,-59375.46
2022,1,334,Entity_0334,3.0,L2B,-41719.82
2022,2,334,Entity_0334,3.0,L2B,-41858.78
2022,3,334,Entity_0334,3.0,L2B,-41859.38
2022,4,334,Entity_0334,3.0,L2B,-45553.9
2022,5,334,Entity_0334,3.0,L2B,196335.82
2022,6,334,Entity_0334,3.0,L2B,-41896.12
2022,7,334,Entity_0334,3.0,L2B,-41896.12
2022,8,334,Entity_0334,3.0,L2B,-41937.82
2022,9,334,Entity_0334,3.0,L2B,-41979.6
2022,10,334,Entity_0334,3.0,L2B,182728.01
2022,11,334,Entity_0334,3.0,L2B,-49698.88
2022,12,334,Entity_0334,3.0,L2B,-473170.29
2022,1,338,ADMIN_ENTITY_0338,1.0,L2-ALL,-15028.54
2022,1,338,ADMIN_ENTITY_0338,3.0,L2B,-18134.46
2022,2,338,ADMIN_ENTITY_0338,1.0,L2-ALL,-5271.52
2022,2,338,ADMIN_ENTITY_0338,3.0,L2B,-17481.34
2022,3,338,ADMIN_ENTITY_0338,1.0,L2-ALL,-9964.11
2022,3,338,ADMIN_ENTITY_0338,3.0,L2B,-17565.79
2022,4,338,ADMIN_ENTITY_0338,1.0,L2-ALL,-16839.69
2022,4,338,ADMIN_ENTITY_0338,3.0,L2B,-19268.35
2022,5,338,ADMIN_ENTITY_0338,1.0,L2-ALL,-5539.27
2022,5,338,ADMIN_ENTITY_0338,3.0,L2B,-18927.04
2022,6,338,ADMIN_ENTITY_0338,1.0,L2-ALL,-6036.41
2022,6,338,ADMIN_ENTITY_0338,3.0,L2B,-18867.34
2022,7,338,ADMIN_ENTITY_0338,1.0,L2-ALL,-25425.36
2022,7,338,ADMIN_ENTITY_0338,3.0,L2B,-22086.05
2022,8,338,ADMIN_ENTITY_0338,1.0,L2-ALL,-10453.21
2022,8,338,ADMIN_ENTITY_0338,3.0,L2B,-25758.71
2022,9,338,ADMIN_ENTITY_0338,1.0,L2-ALL,-18763.56
2022,9,338,ADMIN_ENTITY_0338,3.0,L2B,-48638.38
2022,10,338,ADMIN_ENTITY_0338,1.0,L2-ALL,-14382.68
2022,10,338,ADMIN_ENTITY_0338,3.0,L2B,-3765.9
2022,11,338,ADMIN_ENTITY_0338,1.0,L2-ALL,-9984.08
2022,11,338,ADMIN_ENTITY_0338,3.0,L2B,-27762.02
2022,12,338,ADMIN_ENTITY_0338,1.0,L2-ALL,-19098.07
2022,12,338,ADMIN_ENTITY_0338,3.0,L2B,-44881.7
2022,1,343,Entity_0343,1.0,L2-ALL,-18762.83
2022,2,343,Entity_0343,1.0,L2-ALL,-20770.75
2022,3,343,Entity_0343,1.0,L2-ALL,-20956.39
2022,4,343,Entity_0343,1.0,L2-ALL,-17707.26
2022,5,343,Entity_0343,1.0,L2-ALL,-20315.18
2022,6,343,Entity_0343,1.0,L2-ALL,-22323.1
2022,7,343,Entity_0343,1.0,L2-ALL,-20315.18
2022,8,343,Entity_0343,1.0,L2-ALL,-17929.02
2022,9,343,Entity_0343,1.0,L2-ALL,-20315.18
2022,10,343,Entity_0343,1.0,L2-ALL,-18481.26
2022,11,343,Entity_0343,1.0,L2-ALL,-20315.18
2022,12,343,Entity_0343,1.0,L2-ALL,-22778.67
2022,1,349,Entity_0349,1.0,L2-ALL,-12933.75
2022,2,349,Entity_0349,1.0,L2-ALL,-11532.27
2022,3,349,Entity_0349,1.0,L2-ALL,-34641.69
2022,4,349,Entity_0349,1.0,L2-ALL,4823.15
2022,5,349,Entity_0349,1.0,L2-ALL,-13503.45
2022,6,349,Entity_0349,1.0,L2-ALL,-13186.6
2022,7,349,Entity_0349,1.0,L2-ALL,-7303.75
2022,8,349,Entity_0349,1.0,L2-ALL,-11139.34
2022,9,349,Entity_0349,1.0,L2-ALL,-9884.93
2022,10,349,Entity_0349,1.0,L2-ALL,-10137.61
2022,11,349,Entity_0349,1.0,L2-ALL,-8349.77
2022,12,349,Entity_0349,1.0,L2-ALL,21670.11
2022,1,353,Entity_0353,3.0,L2B,-22636.04
2022,2,353,Entity_0353,3.0,L2B,-21142.51
2022,3,353,Entity_0353,3.0,L2B,-22642.51
2022,4,353,Entity_0353,3.0,L2B,-18588.32
2022,5,353,Entity_0353,3.0,L2B,-6052.39
2022,6,353,Entity_0353,3.0,L2B,-8800.21
2022,7,353,Entity_0353,3.0,L2B,1705.32
2022,8,353,Entity_0353,3.0,L2B,-3094.75
2022,9,353,Entity_0353,3.0,L2B,-3220.78
2022,10,353,Entity_0353,3.0,L2B,291.75
2022,11,353,Entity_0353,3.0,L2B,2053.15
2022,12,353,Entity_0353,3.0,L2B,4577.29
2022,1,354,Entity_0354,4.0,LJL,10005.99
2022,2,354,Entity_0354,4.0,LJL,33141.81
2022,3,354,Entity_0354,4.0,LJL,46626.47
2022,4,354,Entity_0354,4.0,LJL,7093.27
2022,5,354,Entity_0354,4.0,LJL,11240.09
2022,6,354,Entity_0354,4.0,LJL,7655.06
2022,7,354,Entity_0354,4.0,LJL,28568.31
2022,8,354,Entity_0354,4.0,LJL,18106.67
2022,9,354,Entity_0354,4.0,LJL,12779.97
2022,10,354,Entity_0354,4.0,LJL,21225.43
2022,11,354,Entity_0354,4.0,LJL,12503.62
2022,12,354,Entity_0354,4.0,LJL,12758.88
2022,1,355,Entity_0355,3.0,L2B,-40487.27
2022,2,355,Entity_0355,3.0,L2B,-33813.81
2022,3,355,Entity_0355,3.0,L2B,-38744.81
2022,4,355,Entity_0355,3.0,L2B,-40031.55
2022,5,355,Entity_0355,3.0,L2B,-11144.27
2022,6,355,Entity_0355,3.0,L2B,-15267.51
2022,7,355,Entity_0355,3.0,L2B,-564.33
2022,8,355,Entity_0355,3.0,L2B,-4869.42
2022,9,355,Entity_0355,3.0,L2B,-5099.11
2022,10,355,Entity_0355,3.0,L2B,1302.41
2022,11,355,Entity_0355,3.0,L2B,4515.54
2022,12,355,Entity_0355,3.0,L2B,8531.03
2022,1,357,Entity_0357,3.0,L2B,-35793.77
2022,2,357,Entity_0357,3.0,L2B,-43220.68
2022,3,357,Entity_0357,3.0,L2B,-43220.67
2022,4,357,Entity_0357,3.0,L2B,-42413.63
2022,5,357,Entity_0357,3.0,L2B,-17892.15
2022,6,357,Entity_0357,3.0,L2B,-15973.61
2022,7,357,Entity_0357,3.0,L2B,-16810.13
2022,8,357,Entity_0357,3.0,L2B,-10671.47
2022,9,357,Entity_0357,3.0,L2B,2598.9
2022,10,357,Entity_0357,3.0,L2B,31182.33
2022,11,357,Entity_0357,3.0,L2B,-46547.4
2022,12,357,Entity_0357,3.0,L2B,33701.46
2022,1,360,Entity_0360,3.0,L2B,-25135.72
2022,2,360,Entity_0360,3.0,L2B,-25140.99
2022,3,360,Entity_0360,3.0,L2B,-25140.99
2022,4,360,Entity_0360,3.0,L2B,-24911.11
2022,5,360,Entity_0360,3.0,L2B,-10424.55
2022,6,360,Entity_0360,3.0,L2B,-12621.85
2022,7,360,Entity_0360,3.0,L2B,1374.44
2022,8,360,Entity_0360,3.0,L2B,-7461.76
2022,9,360,Entity_0360,3.0,L2B,-7575.75
2022,10,360,Entity_0360,3.0,L2B,-4398.97
2022,11,360,Entity_0360,3.0,L2B,-2576.38
2022,12,360,Entity_0360,3.0,L2B,-811.74
2022,1,361,Entity_0361,3.0,L2B,-25989.24
2022,2,361,Entity_0361,3.0,L2B,-25993.97
2022,3,361,Entity_0361,3.0,L2B,-25993.97
2022,4,361,Entity_0361,3.0,L2B,-25756.36
2022,5,361,Entity_0361,3.0,L2B,-10791.96
2022,6,361,Entity_0361,3.0,L2B,-13053.17
2022,7,361,Entity_0361,3.0,L2B,3685.87
2022,8,361,Entity_0361,3.0,L2B,-7719.28
2022,9,361,Entity_0361,3.0,L2B,-7837.1
2022,10,361,Entity_0361,3.0,L2B,-4553.32
2022,11,361,Entity_0361,3.0,L2B,-2684.53
2022,12,361,Entity_0361,3.0,L2B,-845.27
2022,1,362,Entity_0362,3.0,L2B,-23193.98
2022,2,362,Entity_0362,3.0,L2B,-23198.25
2022,3,362,Entity_0362,3.0,L2B,-23198.25
2022,4,362,Entity_0362,3.0,L2B,-22998.54
2022,5,362,Entity_0362,3.0,L2B,-10373.87
2022,6,362,Entity_0362,3.0,L2B,-12322.16
2022,7,362,Entity_0362,3.0,L2B,328.09
2022,8,362,Entity_0362,3.0,L2B,-8501.79
2022,9,362,Entity_0362,3.0,L2B,-8600.81
2022,10,362,Entity_0362,3.0,L2B,-5840.97
2022,11,362,Entity_0362,3.0,L2B,-4198.4
2022,12,362,Entity_0362,3.0,L2B,-2724.54
2022,1,363,Entity_0363,3.0,L2B,-14192.25
2022,2,363,Entity_0363,3.0,L2B,-14196.79
2022,3,363,Entity_0363,3.0,L2B,-14196.79
2022,4,363,Entity_0363,3.0,L2B,-14066.79
2022,5,363,Entity_0363,3.0,L2B,-5742.55
2022,6,363,Entity_0363,3.0,L2B,-7115.7
2022,7,363,Entity_0363,3.0,L2B,4336.6
2022,8,363,Entity_0363,3.0,L2B,-4197.04
2022,9,363,Entity_0363,3.0,L2B,-4261.52
2022,10,363,Entity_0363,3.0,L2B,-2464.66
2022,11,363,Entity_0363,3.0,L2B,-1237.89
2022,12,363,Entity_0363,3.0,L2B,-435.65
2022,1,364,Entity_0364,1.0,L2-ALL,-9795.39
2022,2,364,Entity_0364,1.0,L2-ALL,-18933.36
2022,3,364,Entity_0364,1.0,L2-ALL,-1203.35
2022,4,364,Entity_0364,1.0,L2-ALL,-7059.95
2022,5,364,Entity_0364,1.0,L2-ALL,-6751.06
2022,6,364,Entity_0364,1.0,L2-ALL,-6632.12
2022,7,364,Entity_0364,1.0,L2-ALL,-2861.22
2022,8,364,Entity_0364,1.0,L2-ALL,-5474.19
2022,9,364,Entity_0364,1.0,L2-ALL,-4602.47
2022,10,364,Entity_0364,1.0,L2-ALL,-4907.61
2022,11,364,Entity_0364,1.0,L2-ALL,-3867.5
2022,12,364,Entity_0364,1.0,L2-ALL,15594.52
2022,1,369,Entity_0369,1.0,L2-ALL,-5516.13
2022,2,369,Entity_0369,1.0,L2-ALL,-5421.32
2022,3,369,Entity_0369,1.0,L2-ALL,-5817.93
2022,4,369,Entity_0369,1.0,L2-ALL,-5212.25
2022,5,369,Entity_0369,1.0,L2-ALL,-6531.16
2022,6,369,Entity_0369,1.0,L2-ALL,-1395.74
2022,7,369,Entity_0369,1.0,L2-ALL,-4915.24
2022,8,369,Entity_0369,1.0,L2-ALL,-3352.45
2022,9,369,Entity_0369,1.0,L2-ALL,-3188.09
2022,10,369,Entity_0369,1.0,L2-ALL,-2454.22
2022,11,369,Entity_0369,1.0,L2-ALL,-148.28
2022,12,369,Entity_0369,1.0,L2-ALL,-2078.33
2022,1,370,Entity_0370,3.0,L2B,-91794.3
2022,2,370,Entity_0370,3.0,L2B,-92453.01
2022,3,370,Entity_0370,3.0,L2B,-90557.16
2022,4,370,Entity_0370,3.0,L2B,-72126.25
2022,5,370,Entity_0370,3.0,L2B,-42624.31
2022,6,370,Entity_0370,3.0,L2B,-36923.39
2022,7,370,Entity_0370,3.0,L2B,-41644.31
2022,8,370,Entity_0370,3.0,L2B,-29861.05
2022,9,370,Entity_0370,3.0,L2B,-27503.96
2022,10,370,Entity_0370,3.0,L2B,-13246.42
2022,11,370,Entity_0370,3.0,L2B,-17446.38
2022,12,370,Entity_0370,3.0,L2B,-133451.59
2022,2,371,Entity_0371,1.0,L2-ALL,-27500.0
2022,3,371,Entity_0371,1.0,L2-ALL,-13750.0
2022,4,371,Entity_0371,1.0,L2-ALL,-13200.0
2022,5,371,Entity_0371,1.0,L2-ALL,-13475.0
2022,6,371,Entity_0371,1.0,L2-ALL,-13630.0
2022,7,371,Entity_0371,1.0,L2-ALL,-13175.0
2022,8,371,Entity_0371,1.0,L2-ALL,-13750.0
2022,9,371,Entity_0371,1.0,L2-ALL,-13750.0
2022,10,371,Entity_0371,1.0,L2-ALL,-12650.0
2022,11,371,Entity_0371,1.0,L2-ALL,-13200.0
2022,12,371,Entity_0371,1.0,L2-ALL,-12925.0
2022,2,372,Entity_0372,1.0,L2-ALL,-22095.36
2022,3,372,Entity_0372,1.0,L2-ALL,-11047.68
2022,4,372,Entity_0372,1.0,L2-ALL,-10181.02
2022,5,372,Entity_0372,1.0,L2-ALL,-10614.35
2022,6,372,Entity_0372,1.0,L2-ALL,-10844.68
2022,7,372,Entity_0372,1.0,L2-ALL,-10314.35
2022,8,372,Entity_0372,1.0,L2-ALL,-11047.68
2022,9,372,Entity_0372,1.0,L2-ALL,-11047.68
2022,10,372,Entity_0372,1.0,L2-ALL,-9314.36
2022,11,372,Entity_0372,1.0,L2-ALL,-10181.02
2022,12,372,Entity_0372,1.0,L2-ALL,-9747.69
2022,7,374,Entity_0374,1.0,L2-ALL,-359114.25
2022,7,374,Entity_0374,3.0,L2B,-223414.85
2022,8,374,Entity_0374,1.0,L2-ALL,-362345.3
2022,8,374,Entity_0374,3.0,L2B,-3136.87
2022,9,374,Entity_0374,1.0,L2-ALL,-97539.99
2022,9,374,Entity_0374,3.0,L2B,-15004.63
2022,10,374,Entity_0374,1.0,L2-ALL,-38552.59
2022,10,374,Entity_0374,3.0,L2B,-3136.87
2022,11,374,Entity_0374,1.0,L2-ALL,-267606.44
2022,11,374,Entity_0374,3.0,L2B,-17326.81
2022,12,374,Entity_0374,1.0,L2-ALL,-42799.57
2022,12,374,Entity_0374,3.0,L2B,-12505.26
2022,3,375,Entity_0375,1.0,L2-ALL,188894.58
2022,4,375,Entity_0375,1.0,L2-ALL,-14188.74
2022,5,375,Entity_0375,1.0,L2-ALL,2990.11
2022,6,375,Entity_0375,1.0,L2-ALL,-13931.41
2022,7,375,Entity_0375,1.0,L2-ALL,-14425.86
2022,8,375,Entity_0375,1.0,L2-ALL,-3552.31
2022,9,375,Entity_0375,1.0,L2-ALL,-4350.66
2022,10,375,Entity_0375,1.0,L2-ALL,-11224.21
2022,11,375,Entity_0375,1.0,L2-ALL,-3765.93
2022,12,375,Entity_0375,1.0,L2-ALL,-9734.98
2022,3,376,Entity_0376,1.0,L2-ALL,6022.52
2022,4,376,Entity_0376,1.0,L2-ALL,-19002.78
2022,5,376,Entity_0376,1.0,L2-ALL,-9312.52
2022,6,376,Entity_0376,1.0,L2-ALL,32687.04
2022,7,376,Entity_0376,1.0,L2-ALL,-12413.28
2022,8,376,Entity_0376,1.0,L2-ALL,-11069.51
2022,9,376,Entity_0376,1.0,L2-ALL,-9311.03
2022,10,376,Entity_0376,1.0,L2-ALL,-9851.96
2022,11,376,Entity_0376,1.0,L2-ALL,-8292.67
2022,12,376,Entity_0376,1.0,L2-ALL,-6785.5
2022,3,378,Entity_0378,3.0,L2B,4449.84
2022,4,378,Entity_0378,3.0,L2B,-16474.2
2022,5,378,Entity_0378,3.0,L2B,-13667.1
2022,6,378,Entity_0378,3.0,L2B,-10163.59
2022,7,378,Entity_0378,3.0,L2B,41036.21
2022,8,378,Entity_0378,3.0,L2B,-8249.17
2022,9,378,Entity_0378,3.0,L2B,-3869.42
2022,10,378,Entity_0378,3.0,L2B,-1950.84
2022,11,378,Entity_0378,3.0,L2B,1026.53
2022,12,378,Entity_0378,3.0,L2B,-128352.67
2022,5,381,Entity_0381,3.0,L2B,-19065.37
2022,6,381,Entity_0381,3.0,L2B,-28417.38
2022,7,381,Entity_0381,3.0,L2B,-19945.02
2022,8,381,Entity_0381,3.0,L2B,-9325.89
2022,9,381,Entity_0381,3.0,L2B,-8070.13
2022,10,381,Entity_0381,3.0,L2B,33481.62
2022,11,381,Entity_0381,3.0,L2B,-2450.6
2022,12,381,Entity_0381,3.0,L2B,-10642.48
2022,6,383,Entity_0383,1.0,L2-ALL,460408.94
2022,7,383,Entity_0383,1.0,L2-ALL,-152017.22
2022,8,383,Entity_0383,1.0,L2-ALL,-83130.81
2022,9,383,Entity_0383,1.0,L2-ALL,-59187.83
2022,10,383,Entity_0383,1.0,L2-ALL,-69543.67
2022,11,383,Entity_0383,1.0,L2-ALL,16713.56
2022,12,383,Entity_0383,1.0,L2-ALL,4592527.22
2022,6,385,Entity_0385,3.0,L2B,-13878.88
2022,7,385,Entity_0385,3.0,L2B,-28401.81
2022,8,385,Entity_0385,3.0,L2B,-9335.82
2022,9,385,Entity_0385,3.0,L2B,-9641.36
2022,10,385,Entity_0385,3.0,L2B,-1125.86
2022,11,385,Entity_0385,3.0,L2B,2550.98
2022,12,385,Entity_0385,3.0,L2B,8489.89
2022,7,388,Entity_0388,1.0,L2-ALL,-6624.97
2022,8,388,Entity_0388,1.0,L2-ALL,-15872.29
2022,9,388,Entity_0388,1.0,L2-ALL,-7285.27
2022,10,388,Entity_0388,1.0,L2-ALL,-7297.21
2022,11,388,Entity_0388,1.0,L2-ALL,-6735.95
2022,12,388,Entity_0388,1.0,L2-ALL,-5575.93
2022,7,389,Entity_0389,1.0,L2-ALL,-8079.7
2022,8,389,Entity_0389,1.0,L2-ALL,-7894.73
2022,9,389,Entity_0389,1.0,L2-ALL,-6822.23
2022,10,389,Entity_0389,1.0,L2-ALL,-6911.12
2022,11,389,Entity_0389,1.0,L2-ALL,-5895.31
2022,12,389,Entity_0389,1.0,L2-ALL,-3937.88
2022,7,390,Entity_0390,1.0,L2-ALL,-1691.12
2022,8,390,Entity_0390,1.0,L2-ALL,-3923.32
2022,9,390,Entity_0390,1.0,L2-ALL,-9614.97
2022,10,390,Entity_0390,1.0,L2-ALL,2499.11
2022,11,390,Entity_0390,1.0,L2-ALL,-3278.57
2022,12,390,Entity_0390,1.0,L2-ALL,-2647.36
2022,7,391,Entity_0391,1.0,L2-ALL,-8665.63
2022,8,391,Entity_0391,1.0,L2-ALL,-10033.35
2022,9,391,Entity_0391,1.0,L2-ALL,-8960.85
2022,10,391,Entity_0391,1.0,L2-ALL,-9049.75
2022,11,391,Entity_0391,1.0,L2-ALL,-8033.93
2022,12,391,Entity_0391,1.0,L2-ALL,-6076.5
2022,7,392,Entity_0392,1.0,L2-ALL,-4826.1
2022,8,392,Entity_0392,1.0,L2-ALL,-5524.34
2022,9,392,Entity_0392,1.0,L2-ALL,-4729.62
2022,10,392,Entity_0392,1.0,L2-ALL,-4769.59
2022,11,392,Entity_0392,1.0,L2-ALL,-4042.78
2022,12,392,Entity_0392,1.0,L2-ALL,-2592.33
2022,7,393,Entity_0393,1.0,L2-ALL,-9055.91
2022,8,393,Entity_0393,1.0,L2-ALL,-8444.55
2022,9,393,Entity_0393,1.0,L2-ALL,-6966.36
2022,10,393,Entity_0393,1.0,L2-ALL,-7125.25
2022,11,393,Entity_0393,1.0,L2-ALL,-5696.02
2022,12,393,Entity_0393,1.0,L2-ALL,171.62
2022,7,395,Entity_0395,1.0,L2-ALL,-2992.07
2022,8,395,Entity_0395,1.0,L2-ALL,-5669.41
2022,9,395,Entity_0395,1.0,L2-ALL,-13879.71
2022,10,395,Entity_0395,1.0,L2-ALL,3546.8
2022,11,395,Entity_0395,1.0,L2-ALL,-4743.44
2022,12,395,Entity_0395,1.0,L2-ALL,-3836.91
2022,7,396,Entity_0396,1.0,L2-ALL,-10778.51
2022,8,396,Entity_0396,1.0,L2-ALL,-6166.06
2022,9,396,Entity_0396,1.0,L2-ALL,-7874.84
2022,10,396,Entity_0396,1.0,L2-ALL,-7663.57
2022,11,396,Entity_0396,1.0,L2-ALL,-5367.29
2022,12,396,Entity_0396,1.0,L2-ALL,-1933.52
2022,7,397,Entity_0397,3.0,L2B,-3737.37
2022,8,397,Entity_0397,3.0,L2B,-16486.18
2022,9,397,Entity_0397,3.0,L2B,-16820.31
2022,10,397,Entity_0397,3.0,L2B,-8114.37
2022,11,397,Entity_0397,3.0,L2B,-4318.26
2022,12,397,Entity_0397,3.0,L2B,1652.54
2022,7,398,Entity_0398,3.0,L2B,78574.54
2022,8,398,Entity_0398,3.0,L2B,60768.05
2022,9,398,Entity_0398,3.0,L2B,-27124.61
2022,10,398,Entity_0398,3.0,L2B,-19536.7
2022,11,398,Entity_0398,3.0,L2B,-17459.58
2022,12,398,Entity_0398,3.0,L2B,-172957.99
2022,7,399,Entity_0399,1.0,L2-ALL,-6180.8
2022,8,399,Entity_0399,1.0,L2-ALL,-17546.83
2022,9,399,Entity_0399,1.0,L2-ALL,-11040.41
2022,10,399,Entity_0399,1.0,L2-ALL,-10865.24
2022,11,399,Entity_0399,1.0,L2-ALL,-8905.41
2022,12,399,Entity_0399,1.0,L2-ALL,-7676.85
2022,1,400,ADMIN_ENTITY_0400,1.0,L2-ALL,-1399.5
2022,4,400,ADMIN_ENTITY_0400,1.0,L2-ALL,-2816.16
2022,5,400,ADMIN_ENTITY_0400,1.0,L2-ALL,-708.33
2022,6,400,ADMIN_ENTITY_0400,3.0,L2B,-2152.61
2022,7,400,ADMIN_ENTITY_0400,1.0,L2-ALL,-4764.31
2022,7,400,ADMIN_ENTITY_0400,3.0,L2B,-1334.17
2022,8,400,ADMIN_ENTITY_0400,1.0,L2-ALL,-4524.52
2022,8,400,ADMIN_ENTITY_0400,3.0,L2B,-4025.8
2022,9,400,ADMIN_ENTITY_0400,1.0,L2-ALL,-4529.07
2022,9,400,ADMIN_ENTITY_0400,3.0,L2B,-5122.47
2022,10,400,ADMIN_ENTITY_0400,1.0,L2-ALL,-8761.89
2022,10,400,ADMIN_ENTITY_0400,3.0,L2B,-2454.13
2022,11,400,ADMIN_ENTITY_0400,1.0,L2-ALL,-5945.73
2022,11,400,ADMIN_ENTITY_0400,3.0,L2B,-3788.3
2022,12,400,ADMIN_ENTITY_0400,1.0,L2-ALL,-9367.05
2022,12,400,ADMIN_ENTITY_0400,3.0,L2B,-5122.47
2022,6,401,Entity_0401,1.0,L2-ALL,11924.0
2022,7,401,Entity_0401,1.0,L2-ALL,0.0
2022,8,401,Entity_0401,1.0,L2-ALL,0.0
2022,9,401,Entity_0401,1.0,L2-ALL,0.0
2022,10,401,Entity_0401,1.0,L2-ALL,0.0
2022,11,401,Entity_0401,1.0,L2-ALL,0.0
2022,12,401,Entity_0401,1.0,L2-ALL,-0.0
2022,9,403,Entity_0403,1.0,L2-ALL,29876.28
2022,10,403,Entity_0403,1.0,L2-ALL,-7235.27
2022,11,403,Entity_0403,1.0,L2-ALL,-3583.33
2022,12,403,Entity_0403,1.0,L2-ALL,295360.28
2022,9,404,Entity_0404,3.0,L2B,146093.97
2022,10,404,Entity_0404,3.0,L2B,-28824.75
2022,11,404,Entity_0404,3.0,L2B,-27430.37
2022,12,404,Entity_0404,3.0,L2B,-43060.26
2022,12,406,Entity_0406,1.0,L2-ALL,-43669.91
2022,12,407,Entity_0407,3.0,L2B,-29115.68
2022,4,426,Entity_0426,4.0,LJL,9502.6
2022,5,426,Entity_0426,4.0,LJL,4340.75
2022,6,426,Entity_0426,4.0,LJL,2572.77
2022,7,426,Entity_0426,4.0,LJL,4981.06
2022,8,426,Entity_0426,4.0,LJL,3548.35
2022,9,426,Entity_0426,4.0,LJL,3463.58
2022,10,426,Entity_0426,4.0,LJL,4706.75
2022,11,426,Entity_0426,4.0,LJL,3434.88
2022,12,426,Entity_0426,4.0,LJL,3420.46
2023,1,2,Entity_0002,1.0,L2-ALL,-18457.01
2023,2,2,Entity_0002,1.0,L2-ALL,-10745.71
2023,3,2,Entity_0002,1.0,L2-ALL,-19924.2
2023,4,2,Entity_0002,1.0,L2-ALL,-21485.18
2023,5,2,Entity_0002,1.0,L2-ALL,-20439.46
2023,6,2,Entity_0002,1.0,L2-ALL,-20637.59
2023,7,2,Entity_0002,1.0,L2-ALL,-16702.06
2023,8,2,Entity_0002,1.0,L2-ALL,-20708.25
2023,9,2,Entity_0002,1.0,L2-ALL,-20197.84
2023,10,2,Entity_0002,1.0,L2-ALL,-19995.19
2023,11,2,Entity_0002,1.0,L2-ALL,-19956.25
2023,12,2,Entity_0002,1.0,L2-ALL,-26416.93
2023,1,3,Entity_0003,1.0,L2-ALL,-9875.59
2023,2,3,Entity_0003,1.0,L2-ALL,-7729.23
2023,3,3,Entity_0003,1.0,L2-ALL,-7357.15
2023,4,3,Entity_0003,1.0,L2-ALL,-17682.04
2023,5,3,Entity_0003,1.0,L2-ALL,-11941.44
2023,6,3,Entity_0003,1.0,L2-ALL,-13447.48
2023,7,3,Entity_0003,1.0,L2-ALL,-11190.96
2023,8,3,Entity_0003,1.0,L2-ALL,-9820.18
2023,9,3,Entity_0003,1.0,L2-ALL,-12337.64
2023,10,3,Entity_0003,1.0,L2-ALL,24719.8
2023,11,3,Entity_0003,1.0,L2-ALL,-12588.62
2023,12,3,Entity_0003,1.0,L2-ALL,49115.47
2023,1,6,ADMIN_ENTITY_0006,1.0,L2-ALL,-147884.43
2023,1,6,ADMIN_ENTITY_0006,3.0,L2B,-5238.13
2023,2,6,ADMIN_ENTITY_0006,1.0,L2-ALL,-90049.42
2023,2,6,ADMIN_ENTITY_0006,3.0,L2B,-6599.63
2023,3,6,ADMIN_ENTITY_0006,1.0,L2-ALL,-79779.07
2023,3,6,ADMIN_ENTITY_0006,3.0,L2B,-7961.13
2023,4,6,ADMIN_ENTITY_0006,1.0,L2-ALL,-154225.53
2023,4,6,ADMIN_ENTITY_0006,3.0,L2B,-5238.13
2023,5,6,ADMIN_ENTITY_0006,1.0,L2-ALL,-76429.25
2023,5,6,ADMIN_ENTITY_0006,3.0,L2B,-6599.63
2023,6,6,ADMIN_ENTITY_0006,1.0,L2-ALL,-74400.45
2023,6,6,ADMIN_ENTITY_0006,3.0,L2B,-7961.13
2023,7,6,ADMIN_ENTITY_0006,1.0,L2-ALL,-158505.8
2023,7,6,ADMIN_ENTITY_0006,3.0,L2B,-5238.13
2023,8,6,ADMIN_ENTITY_0006,1.0,L2-ALL,-81734.12
2023,8,6,ADMIN_ENTITY_0006,3.0,L2B,-6599.63
2023,9,6,ADMIN_ENTITY_0006,1.0,L2-ALL,-79011.15
2023,9,6,ADMIN_ENTITY_0006,3.0,L2B,-7961.13
2023,10,6,ADMIN_ENTITY_0006,1.0,L2-ALL,-159967.56
2023,10,6,ADMIN_ENTITY_0006,3.0,L2B,-2431.55
2023,11,6,ADMIN_ENTITY_0006,1.0,L2-ALL,-76943.95
2023,11,6,ADMIN_ENTITY_0006,3.0,L2B,-6599.63
2023,12,6,ADMIN_ENTITY_0006,1.0,L2-ALL,-79103.61
2023,12,6,ADMIN_ENTITY_0006,3.0,L2B,-10767.71
2023,1,7,Entity_0007,1.0,L2-ALL,-19169.18
2023,2,7,Entity_0007,1.0,L2-ALL,-19169.18
2023,3,7,Entity_0007,1.0,L2-ALL,-19871.12
2023,4,7,Entity_0007,1.0,L2-ALL,-19030.43
2023,5,7,Entity_0007,1.0,L2-ALL,-21019.78
2023,6,7,Entity_0007,1.0,L2-ALL,-13126.75
2023,7,7,Entity_0007,1.0,L2-ALL,-15360.91
2023,8,7,Entity_0007,1.0,L2-ALL,-18538.57
2023,9,7,Entity_0007,1.0,L2-ALL,-15559.61
2023,10,7,Entity_0007,1.0,L2-ALL,-15050.59
2023,11,7,Entity_0007,1.0,L2-ALL,-16246.71
2023,12,7,Entity_0007,1.0,L2-ALL,87535.43
2023,1,11,Entity_0011,1.0,L2-ALL,-12719.39
2023,2,11,Entity_0011,1.0,L2-ALL,-11824.57
2023,3,11,Entity_0011,1.0,L2-ALL,-13169.64
2023,4,11,Entity_0011,1.0,L2-ALL,-12685.32
2023,5,11,Entity_0011,1.0,L2-ALL,-12954.76
2023,6,11,Entity_0011,1.0,L2-ALL,-12778.94
2023,7,11,Entity_0011,1.0,L2-ALL,-5084.34
2023,8,11,Entity_0011,1.0,L2-ALL,-11427.67
2023,9,11,Entity_0011,1.0,L2-ALL,-12814.34
2023,10,11,Entity_0011,1.0,L2-ALL,-13012.03
2023,11,11,Entity_0011,1.0,L2-ALL,-12808.26
2023,12,11,Entity_0011,1.0,L2-ALL,31497.76
2023,1,19,Entity_0019,1.0,L2-ALL,-7929.64
2023,2,19,Entity_0019,1.0,L2-ALL,-6290.81
2023,3,19,Entity_0019,1.0,L2-ALL,-6159.12
2023,4,19,Entity_0019,1.0,L2-ALL,-14451.05
2023,5,19,Entity_0019,1.0,L2-ALL,-9491.21
2023,6,19,Entity_0019,1.0,L2-ALL,-10585.87
2023,7,19,Entity_0019,1.0,L2-ALL,-8945.73
2023,8,19,Entity_0019,1.0,L2-ALL,-8830.88
2023,9,19,Entity_0019,1.0,L2-ALL,-8319.18
2023,10,19,Entity_0019,1.0,L2-ALL,-9000.04
2023,11,19,Entity_0019,1.0,L2-ALL,-9961.61
2023,12,19,Entity_0019,1.0,L2-ALL,63029.41
2023,1,20,Entity_0020,1.0,L2-ALL,-12455.23
2023,2,20,Entity_0020,1.0,L2-ALL,-9318.96
2023,3,20,Entity_0020,1.0,L2-ALL,-10135.96
2023,4,20,Entity_0020,1.0,L2-ALL,-9485.34
2023,5,20,Entity_0020,1.0,L2-ALL,-9719.06
2023,6,20,Entity_0020,1.0,L2-ALL,-9511.64
2023,7,20,Entity_0020,1.0,L2-ALL,-9744.6
2023,8,20,Entity_0020,1.0,L2-ALL,-8163.11
2023,9,20,Entity_0020,1.0,L2-ALL,-9551.04
2023,10,20,Entity_0020,1.0,L2-ALL,-9644.86
2023,11,20,Entity_0020,1.0,L2-ALL,-9808.83
2023,12,20,Entity_0020,1.0,L2-ALL,40796.17
2023,1,21,Entity_0021,1.0,L2-ALL,-13886.23
2023,2,21,Entity_0021,1.0,L2-ALL,-13898.62
2023,3,21,Entity_0021,1.0,L2-ALL,-14538.21
2023,4,21,Entity_0021,1.0,L2-ALL,-13786.34
2023,5,21,Entity_0021,1.0,L2-ALL,-14145.78
2023,6,21,Entity_0021,1.0,L2-ALL,-13950.62
2023,7,21,Entity_0021,1.0,L2-ALL,-14170.55
2023,8,21,Entity_0021,1.0,L2-ALL,-13976.29
2023,9,21,Entity_0021,1.0,L2-ALL,-13988.91
2023,10,21,Entity_0021,1.0,L2-ALL,-14207.7
2023,11,21,Entity_0021,1.0,L2-ALL,-14014.77
2023,12,21,Entity_0021,1.0,L2-ALL,-14232.78
2023,1,22,Entity_0022,1.0,L2-ALL,-10268.67
2023,2,22,Entity_0022,1.0,L2-ALL,-35747.9
2023,3,22,Entity_0022,1.0,L2-ALL,-11577.39
2023,4,22,Entity_0022,1.0,L2-ALL,-15190.11
2023,5,22,Entity_0022,1.0,L2-ALL,-13049.32
2023,6,22,Entity_0022,1.0,L2-ALL,-13790.23
2023,7,22,Entity_0022,1.0,L2-ALL,-11811.13
2023,8,22,Entity_0022,1.0,L2-ALL,-13900.47
2023,9,22,Entity_0022,1.0,L2-ALL,-13104.26
2023,10,22,Entity_0022,1.0,L2-ALL,-12788.12
2023,11,22,Entity_0022,1.0,L2-ALL,-11779.53
2023,12,22,Entity_0022,1.0,L2-ALL,-12978.02
2023,1,23,Entity_0023,1.0,L2-ALL,-10365.85
2023,2,23,Entity_0023,1.0,L2-ALL,-10747.84
2023,3,23,Entity_0023,1.0,L2-ALL,-13303.49
2023,4,23,Entity_0023,1.0,L2-ALL,-14562.58
2023,5,23,Entity_0023,1.0,L2-ALL,-13760.96
2023,6,23,Entity_0023,1.0,L2-ALL,-13936.87
2023,7,23,Entity_0023,1.0,L2-ALL,-12810.45
2023,8,23,Entity_0023,1.0,L2-ALL,-11835.5
2023,9,23,Entity_0023,1.0,L2-ALL,-9438.44
2023,10,23,Entity_0023,1.0,L2-ALL,-13366.51
2023,11,23,Entity_0023,1.0,L2-ALL,-13331.95
2023,12,23,Entity_0023,1.0,L2-ALL,67707.41
2023,1,24,Entity_0024,1.0,L2-ALL,-8803.57
2023,2,24,Entity_0024,1.0,L2-ALL,-7028.15
2023,3,24,Entity_0024,1.0,L2-ALL,-10771.68
2023,4,24,Entity_0024,1.0,L2-ALL,-12843.44
2023,5,24,Entity_0024,1.0,L2-ALL,-11441.77
2023,6,24,Entity_0024,1.0,L2-ALL,-11699.44
2023,7,24,Entity_0024,1.0,L2-ALL,-10049.47
2023,8,24,Entity_0024,1.0,L2-ALL,-10416.33
2023,9,24,Entity_0024,1.0,L2-ALL,-11127.56
2023,10,24,Entity_0024,1.0,L2-ALL,-10863.98
2023,11,24,Entity_0024,1.0,L2-ALL,-10813.35
2023,12,24,Entity_0024,1.0,L2-ALL,119040.7
2023,1,25,Entity_0025,1.0,L2-ALL,-11191.17
2023,2,25,Entity_0025,1.0,L2-ALL,-9563.81
2023,3,25,Entity_0025,1.0,L2-ALL,-13447.81
2023,4,25,Entity_0025,1.0,L2-ALL,-15602.53
2023,5,25,Entity_0025,1.0,L2-ALL,-14143.05
2023,6,25,Entity_0025,1.0,L2-ALL,-14410.39
2023,7,25,Entity_0025,1.0,L2-ALL,-12698.5
2023,8,25,Entity_0025,1.0,L2-ALL,-13130.73
2023,9,25,Entity_0025,1.0,L2-ALL,-13817.04
2023,10,25,Entity_0025,1.0,L2-ALL,-13543.58
2023,11,25,Entity_0025,1.0,L2-ALL,-13491.06
2023,12,25,Entity_0025,1.0,L2-ALL,93819.93
2023,1,26,Entity_0026,1.0,L2-ALL,-6047.38
2023,2,26,Entity_0026,1.0,L2-ALL,-4851.93
2023,3,26,Entity_0026,1.0,L2-ALL,-7412.52
2023,4,26,Entity_0026,1.0,L2-ALL,-8785.77
2023,5,26,Entity_0026,1.0,L2-ALL,-7849.38
2023,6,26,Entity_0026,1.0,L2-ALL,-4434.12
2023,7,26,Entity_0026,1.0,L2-ALL,-6918.53
2023,8,26,Entity_0026,1.0,L2-ALL,-8109.97
2023,9,26,Entity_0026,1.0,L2-ALL,-7655.95
2023,10,26,Entity_0026,1.0,L2-ALL,-7475.66
2023,11,26,Entity_0026,1.0,L2-ALL,-7441.03
2023,12,26,Entity_0026,1.0,L2-ALL,-7583.95
2023,1,27,Entity_0027,1.0,L2-ALL,-11734.58
2023,2,27,Entity_0027,1.0,L2-ALL,-15812.51
2023,3,27,Entity_0027,1.0,L2-ALL,-15144.65
2023,4,27,Entity_0027,1.0,L2-ALL,-16582.1
2023,5,27,Entity_0027,1.0,L2-ALL,-14855.93
2023,6,27,Entity_0027,1.0,L2-ALL,-15167.87
2023,7,27,Entity_0027,1.0,L2-ALL,-13170.3
2023,8,27,Entity_0027,1.0,L2-ALL,-15279.13
2023,9,27,Entity_0027,1.0,L2-ALL,-14475.51
2023,10,27,Entity_0027,1.0,L2-ALL,-14156.41
2023,11,27,Entity_0027,1.0,L2-ALL,-14095.12
2023,12,27,Entity_0027,1.0,L2-ALL,-3048.1
2023,1,28,Entity_0028,1.0,L2-ALL,-3760.71
2023,2,28,Entity_0028,1.0,L2-ALL,-2424.4
2023,3,28,Entity_0028,1.0,L2-ALL,-2192.74
2023,4,28,Entity_0028,1.0,L2-ALL,-9295.37
2023,5,28,Entity_0028,1.0,L2-ALL,-5046.91
2023,6,28,Entity_0028,1.0,L2-ALL,-6425.06
2023,7,28,Entity_0028,1.0,L2-ALL,-4579.66
2023,8,28,Entity_0028,1.0,L2-ALL,-5659.08
2023,9,28,Entity_0028,1.0,L2-ALL,-5293.58
2023,10,28,Entity_0028,1.0,L2-ALL,-4691.88
2023,11,28,Entity_0028,1.0,L2-ALL,-5449.84
2023,12,28,Entity_0028,1.0,L2-ALL,-5004.41
2023,1,29,Entity_0029,1.0,L2-ALL,-2463.11
2023,2,29,Entity_0029,1.0,L2-ALL,-3402.61
2023,3,29,Entity_0029,1.0,L2-ALL,-3214.51
2023,4,29,Entity_0029,1.0,L2-ALL,-8981.64
2023,5,29,Entity_0029,1.0,L2-ALL,-5532.02
2023,6,29,Entity_0029,1.0,L2-ALL,-6293.37
2023,7,29,Entity_0029,1.0,L2-ALL,-5152.63
2023,8,29,Entity_0029,1.0,L2-ALL,-6029.07
2023,9,29,Entity_0029,1.0,L2-ALL,-5732.31
2023,10,29,Entity_0029,1.0,L2-ALL,-5243.74
2023,11,29,Entity_0029,1.0,L2-ALL,-5859.19
2023,12,29,Entity_0029,1.0,L2-ALL,-4664.0
2023,1,30,Entity_0030,4.0,LJL,40609.1
2023,2,30,Entity_0030,4.0,LJL,8556.69
2023,3,30,Entity_0030,4.0,LJL,11616.79
2023,4,30,Entity_0030,4.0,LJL,10189.44
2023,5,30,Entity_0030,4.0,LJL,12669.81
2023,6,30,Entity_0030,4.0,LJL,7861.69
2023,7,30,Entity_0030,4.0,LJL,10832.13
2023,8,30,Entity_0030,4.0,LJL,7902.6
2023,9,30,Entity_0030,4.0,LJL,8288.08
2023,10,30,Entity_0030,4.0,LJL,8209.47
2023,11,30,Entity_0030,4.0,LJL,8245.9
2023,12,30,Entity_0030,4.0,LJL,12088.09
2023,1,32,Entity_0032,1.0,L2-ALL,-13385.56
2023,2,32,Entity_0032,1.0,L2-ALL,-11150.42
2023,3,32,Entity_0032,1.0,L2-ALL,-12150.75
2023,4,32,Entity_0032,1.0,L2-ALL,-7591.14
2023,5,32,Entity_0032,1.0,L2-ALL,-14403.19
2023,6,32,Entity_0032,1.0,L2-ALL,-14265.8
2023,7,32,Entity_0032,1.0,L2-ALL,-14765.19
2023,8,32,Entity_0032,1.0,L2-ALL,-24831.72
2023,9,32,Entity_0032,1.0,L2-ALL,-16308.91
2023,10,32,Entity_0032,1.0,L2-ALL,-16345.7
2023,11,32,Entity_0032,1.0,L2-ALL,-16514.81
2023,12,32,Entity_0032,1.0,L2-ALL,104352.6
2023,1,34,Entity_0034,1.0,L2-ALL,-8719.33
2023,2,34,Entity_0034,1.0,L2-ALL,-29827.5
2023,3,34,Entity_0034,1.0,L2-ALL,-3649.05
2023,4,34,Entity_0034,1.0,L2-ALL,-15216.87
2023,5,34,Entity_0034,1.0,L2-ALL,-15688.18
2023,6,34,Entity_0034,1.0,L2-ALL,-15216.87
2023,7,34,Entity_0034,1.0,L2-ALL,-12118.62
2023,8,34,Entity_0034,1.0,L2-ALL,-17606.01
2023,9,34,Entity_0034,1.0,L2-ALL,-15316.24
2023,10,34,Entity_0034,1.0,L2-ALL,-15307.87
2023,11,34,Entity_0034,1.0,L2-ALL,-16126.0
2023,12,34,Entity_0034,1.0,L2-ALL,96709.27
2023,1,35,Entity_0035,1.0,L2-ALL,-15451.37
2023,2,35,Entity_0035,1.0,L2-ALL,-13729.61
2023,3,35,Entity_0035,1.0,L2-ALL,-16740.99
2023,4,35,Entity_0035,1.0,L2-ALL,-15535.51
2023,5,35,Entity_0035,1.0,L2-ALL,-16078.07
2023,6,35,Entity_0035,1.0,L2-ALL,-15594.78
2023,7,35,Entity_0035,1.0,L2-ALL,-13301.17
2023,8,35,Entity_0035,1.0,L2-ALL,-15451.1
2023,9,35,Entity_0035,1.0,L2-ALL,-14678.01
2023,10,35,Entity_0035,1.0,L2-ALL,-13963.61
2023,11,35,Entity_0035,1.0,L2-ALL,-15702.39
2023,12,35,Entity_0035,1.0,L2-ALL,-16265.28
2023,1,41,Entity_0041,1.0,L2-ALL,-42270.22
2023,2,41,Entity_0041,1.0,L2-ALL,-22188.24
2023,3,41,Entity_0041,1.0,L2-ALL,-334138.07
2023,4,41,Entity_0041,1.0,L2-ALL,20155.08
2023,5,41,Entity_0041,1.0,L2-ALL,-34656.22
2023,6,41,Entity_0041,1.0,L2-ALL,-91036.25
2023,7,41,Entity_0041,1.0,L2-ALL,15648.73
2023,8,41,Entity_0041,1.0,L2-ALL,-31542.69
2023,9,41,Entity_0041,1.0,L2-ALL,-90399.59
2023,10,41,Entity_0041,1.0,L2-ALL,15110.54
2023,11,41,Entity_0041,1.0,L2-ALL,-22395.38
2023,12,41,Entity_0041,1.0,L2-ALL,152695.7
2023,1,43,Entity_0043,1.0,L2-ALL,-9830.46
2023,2,43,Entity_0043,1.0,L2-ALL,-12611.87
2023,3,43,Entity_0043,1.0,L2-ALL,-12857.96
2023,4,43,Entity_0043,1.0,L2-ALL,-12030.56
2023,5,43,Entity_0043,1.0,L2-ALL,-10888.77
2023,6,43,Entity_0043,1.0,L2-ALL,-12398.22
2023,7,43,Entity_0043,1.0,L2-ALL,-7902.26
2023,8,43,Entity_0043,1.0,L2-ALL,-12769.0
2023,9,43,Entity_0043,1.0,L2-ALL,-12453.9
2023,10,43,Entity_0043,1.0,L2-ALL,-12470.99
2023,11,43,Entity_0043,1.0,L2-ALL,-12653.08
2023,12,43,Entity_0043,1.0,L2-ALL,60490.73
2023,1,44,Entity_0044,1.0,L2-ALL,-10040.76
2023,2,44,Entity_0044,1.0,L2-ALL,-13079.7
2023,3,44,Entity_0044,1.0,L2-ALL,-13347.04
2023,4,44,Entity_0044,1.0,L2-ALL,-12425.15
2023,5,44,Entity_0044,1.0,L2-ALL,-11381.38
2023,6,44,Entity_0044,1.0,L2-ALL,-12839.47
2023,7,44,Entity_0044,1.0,L2-ALL,-11397.13
2023,8,44,Entity_0044,1.0,L2-ALL,-13247.93
2023,9,44,Entity_0044,1.0,L2-ALL,-12896.83
2023,10,44,Entity_0044,1.0,L2-ALL,-13405.46
2023,11,44,Entity_0044,1.0,L2-ALL,-13118.77
2023,12,44,Entity_0044,1.0,L2-ALL,71037.07
2023,1,46,Entity_0046,1.0,L2-ALL,-13404.6
2023,2,46,Entity_0046,1.0,L2-ALL,-17443.72
2023,3,46,Entity_0046,1.0,L2-ALL,-12720.44
2023,4,46,Entity_0046,1.0,L2-ALL,-16630.76
2023,5,46,Entity_0046,1.0,L2-ALL,-15879.27
2023,6,46,Entity_0046,1.0,L2-ALL,-17171.72
2023,7,46,Entity_0046,1.0,L2-ALL,-11988.56
2023,8,46,Entity_0046,1.0,L2-ALL,-16900.58
2023,9,46,Entity_0046,1.0,L2-ALL,-17246.62
2023,10,46,Entity_0046,1.0,L2-ALL,-17271.48
2023,11,46,Entity_0046,1.0,L2-ALL,-17345.21
2023,12,46,Entity_0046,1.0,L2-ALL,84478.7
2023,1,47,Entity_0047,1.0,L2-ALL,-8227.43
2023,2,47,Entity_0047,1.0,L2-ALL,-10591.34
2023,3,47,Entity_0047,1.0,L2-ALL,-5778.33
2023,4,47,Entity_0047,1.0,L2-ALL,-10135.87
2023,5,47,Entity_0047,1.0,L2-ALL,-8905.98
2023,6,47,Entity_0047,1.0,L2-ALL,-10469.55
2023,7,47,Entity_0047,1.0,L2-ALL,-6472.93
2023,8,47,Entity_0047,1.0,L2-ALL,-10798.51
2023,9,47,Entity_0047,1.0,L2-ALL,-10515.75
2023,10,47,Entity_0047,1.0,L2-ALL,-10531.08
2023,11,47,Entity_0047,1.0,L2-ALL,-10529.74
2023,12,47,Entity_0047,1.0,L2-ALL,54926.76
2023,1,48,Entity_0048,1.0,L2-ALL,-6963.38
2023,2,48,Entity_0048,1.0,L2-ALL,-9826.94
2023,3,48,Entity_0048,1.0,L2-ALL,-10019.32
2023,4,48,Entity_0048,1.0,L2-ALL,-9165.24
2023,5,48,Entity_0048,1.0,L2-ALL,-10051.13
2023,6,48,Entity_0048,1.0,L2-ALL,-9549.37
2023,7,48,Entity_0048,1.0,L2-ALL,-6716.26
2023,8,48,Entity_0048,1.0,L2-ALL,-9927.83
2023,9,48,Entity_0048,1.0,L2-ALL,-9602.38
2023,10,48,Entity_0048,1.0,L2-ALL,-9619.88
2023,11,48,Entity_0048,1.0,L2-ALL,-9807.81
2023,12,48,Entity_0048,1.0,L2-ALL,-9826.15
2023,1,49,Entity_0049,1.0,L2-ALL,-11188.6
2023,2,49,Entity_0049,1.0,L2-ALL,-11212.34
2023,3,49,Entity_0049,1.0,L2-ALL,-12769.14
2023,4,49,Entity_0049,1.0,L2-ALL,-11266.53
2023,5,49,Entity_0049,1.0,L2-ALL,-11799.83
2023,6,49,Entity_0049,1.0,L2-ALL,-11316.9
2023,7,49,Entity_0049,1.0,L2-ALL,-6693.81
2023,8,49,Entity_0049,1.0,L2-ALL,-4915.68
2023,9,49,Entity_0049,1.0,L2-ALL,-11392.17
2023,10,49,Entity_0049,1.0,L2-ALL,-11891.92
2023,11,49,Entity_0049,1.0,L2-ALL,-11413.57
2023,12,49,Entity_0049,1.0,L2-ALL,-11851.88
2023,1,51,Entity_0051,1.0,L2-ALL,-12153.39
2023,2,51,Entity_0051,1.0,L2-ALL,-12176.48
2023,3,51,Entity_0051,1.0,L2-ALL,-13251.13
2023,4,51,Entity_0051,1.0,L2-ALL,-12229.18
2023,5,51,Entity_0051,1.0,L2-ALL,-12747.8
2023,6,51,Entity_0051,1.0,L2-ALL,-12278.16
2023,7,51,Entity_0051,1.0,L2-ALL,-11520.47
2023,8,51,Entity_0051,1.0,L2-ALL,-12327.54
2023,9,51,Entity_0051,1.0,L2-ALL,-12351.36
2023,10,51,Entity_0051,1.0,L2-ALL,-12836.53
2023,11,51,Entity_0051,1.0,L2-ALL,-12371.35
2023,12,51,Entity_0051,1.0,L2-ALL,-12795.11
2023,1,55,Entity_0055,1.0,L2-ALL,-8905.75
2023,2,55,Entity_0055,1.0,L2-ALL,-9010.51
2023,3,55,Entity_0055,1.0,L2-ALL,-9289.1
2023,4,55,Entity_0055,1.0,L2-ALL,-2734.17
2023,5,55,Entity_0055,1.0,L2-ALL,-9077.68
2023,6,55,Entity_0055,1.0,L2-ALL,-9157.0
2023,7,55,Entity_0055,1.0,L2-ALL,-5350.27
2023,8,55,Entity_0055,1.0,L2-ALL,-9094.7
2023,9,55,Entity_0055,1.0,L2-ALL,-9748.27
2023,10,55,Entity_0055,1.0,L2-ALL,-8253.48
2023,11,55,Entity_0055,1.0,L2-ALL,-8373.38
2023,12,55,Entity_0055,1.0,L2-ALL,-9189.96
2023,1,57,Entity_0057,1.0,L2-ALL,-12274.89
2023,2,57,Entity_0057,1.0,L2-ALL,-11942.37
2023,3,57,Entity_0057,1.0,L2-ALL,-13209.77
2023,4,57,Entity_0057,1.0,L2-ALL,-9130.75
2023,5,57,Entity_0057,1.0,L2-ALL,-12694.18
2023,6,57,Entity_0057,1.0,L2-ALL,-12477.12
2023,7,57,Entity_0057,1.0,L2-ALL,-9073.62
2023,8,57,Entity_0057,1.0,L2-ALL,-12720.68
2023,9,57,Entity_0057,1.0,L2-ALL,-13412.26
2023,10,57,Entity_0057,1.0,L2-ALL,-12406.55
2023,11,57,Entity_0057,1.0,L2-ALL,-12817.67
2023,12,57,Entity_0057,1.0,L2-ALL,-12314.34
2023,1,60,Entity_0060,1.0,L2-ALL,-3754.41
2023,2,60,Entity_0060,1.0,L2-ALL,-10631.58
2023,3,60,Entity_0060,1.0,L2-ALL,-10955.59
2023,4,60,Entity_0060,1.0,L2-ALL,-10615.63
2023,5,60,Entity_0060,1.0,L2-ALL,-10512.59
2023,6,60,Entity_0060,1.0,L2-ALL,-10748.81
2023,7,60,Entity_0060,1.0,L2-ALL,-9482.69
2023,8,60,Entity_0060,1.0,L2-ALL,-10651.37
2023,9,60,Entity_0060,1.0,L2-ALL,-11308.21
2023,10,60,Entity_0060,1.0,L2-ALL,-10440.06
2023,11,60,Entity_0060,1.0,L2-ALL,-10645.06
2023,12,60,Entity_0060,1.0,L2-ALL,-10801.1
2023,1,63,Entity_0063,1.0,L2-ALL,-10629.41
2023,2,63,Entity_0063,1.0,L2-ALL,-71858.41
2023,3,63,Entity_0063,1.0,L2-ALL,-7624.41
2023,4,63,Entity_0063,1.0,L2-ALL,-10629.41
2023,5,63,Entity_0063,1.0,L2-ALL,-10629.41
2023,6,63,Entity_0063,1.0,L2-ALL,-10629.41
2023,7,63,Entity_0063,1.0,L2-ALL,-7951.68
2023,8,63,Entity_0063,1.0,L2-ALL,-10490.66
2023,9,63,Entity_0063,1.0,L2-ALL,-6814.41
2023,10,63,Entity_0063,1.0,L2-ALL,-10629.41
2023,11,63,Entity_0063,1.0,L2-ALL,-10629.41
2023,12,63,Entity_0063,1.0,L2-ALL,1570.59
2023,1,64,Entity_0064,1.0,L2-ALL,-14654.71
2023,2,64,Entity_0064,1.0,L2-ALL,-14820.77
2023,3,64,Entity_0064,1.0,L2-ALL,-14587.9
2023,4,64,Entity_0064,1.0,L2-ALL,-14720.26
2023,5,64,Entity_0064,1.0,L2-ALL,-14624.84
2023,6,64,Entity_0064,1.0,L2-ALL,-14630.52
2023,7,64,Entity_0064,1.0,L2-ALL,-12254.27
2023,8,64,Entity_0064,1.0,L2-ALL,-14535.08
2023,9,64,Entity_0064,1.0,L2-ALL,-14493.53
2023,10,64,Entity_0064,1.0,L2-ALL,-15112.27
2023,11,64,Entity_0064,1.0,L2-ALL,-14475.79
2023,12,64,Entity_0064,1.0,L2-ALL,-14871.55
2023,1,65,Entity_0065,1.0,L2-ALL,-34331.34
2023,2,65,Entity_0065,1.0,L2-ALL,-24731.34
2023,3,65,Entity_0065,1.0,L2-ALL,-27939.33
2023,4,65,Entity_0065,1.0,L2-ALL,-28848.62
2023,5,65,Entity_0065,1.0,L2-ALL,-27785.68
2023,6,65,Entity_0065,1.0,L2-ALL,-28240.03
2023,7,65,Entity_0065,1.0,L2-ALL,-27922.16
2023,8,65,Entity_0065,1.0,L2-ALL,-27612.52
2023,9,65,Entity_0065,1.0,L2-ALL,-27556.65
2023,10,65,Entity_0065,1.0,L2-ALL,-29917.98
2023,11,65,Entity_0065,1.0,L2-ALL,-27277.37
2023,12,65,Entity_0065,1.0,L2-ALL,-28218.39
2023,1,66,Entity_0066,1.0,L2-ALL,-25991.59
2023,2,66,Entity_0066,1.0,L2-ALL,-23373.55
2023,3,66,Entity_0066,1.0,L2-ALL,-24198.73
2023,4,66,Entity_0066,1.0,L2-ALL,-26311.98
2023,5,66,Entity_0066,1.0,L2-ALL,-24743.43
2023,6,66,Entity_0066,1.0,L2-ALL,-25334.3
2023,7,66,Entity_0066,1.0,L2-ALL,-22833.49
2023,8,66,Entity_0066,1.0,L2-ALL,-24046.45
2023,9,66,Entity_0066,1.0,L2-ALL,-25901.66
2023,10,66,Entity_0066,1.0,L2-ALL,-26554.89
2023,11,66,Entity_0066,1.0,L2-ALL,-24369.36
2023,12,66,Entity_0066,1.0,L2-ALL,-25972.86
2023,1,88,Entity_0088,1.0,L2-ALL,-11767.24
2023,2,88,Entity_0088,1.0,L2-ALL,-11268.96
2023,3,88,Entity_0088,1.0,L2-ALL,-12358.1
2023,4,88,Entity_0088,1.0,L2-ALL,-10802.54
2023,5,88,Entity_0088,1.0,L2-ALL,-10923.13
2023,6,88,Entity_0088,1.0,L2-ALL,-10567.2
2023,7,88,Entity_0088,1.0,L2-ALL,-7696.95
2023,8,88,Entity_0088,1.0,L2-ALL,-10017.87
2023,9,88,Entity_0088,1.0,L2-ALL,-9582.8
2023,10,88,Entity_0088,1.0,L2-ALL,-9321.77
2023,11,88,Entity_0088,1.0,L2-ALL,-9666.35
2023,12,88,Entity_0088,1.0,L2-ALL,-9380.89
2023,1,99,Entity_0099,3.0,L2B,-6490.66
2023,2,99,Entity_0099,3.0,L2B,-7066.65
2023,3,99,Entity_0099,3.0,L2B,-7643.64
2023,4,99,Entity_0099,3.0,L2B,-6242.66
2023,5,99,Entity_0099,3.0,L2B,-7662.72
2023,6,99,Entity_0099,3.0,L2B,-6829.6
2023,7,99,Entity_0099,3.0,L2B,-2694.58
2023,8,99,Entity_0099,3.0,L2B,-7411.36
2023,9,99,Entity_0099,3.0,L2B,-6861.46
2023,10,99,Entity_0099,3.0,L2B,-7074.04
2023,11,99,Entity_0099,3.0,L2B,-7456.68
2023,12,99,Entity_0099,3.0,L2B,-6691.15
2023,1,101,Entity_0101,3.0,L2B,-14342.67
2023,2,101,Entity_0101,3.0,L2B,-12927.6
2023,3,101,Entity_0101,3.0,L2B,-12467.89
2023,4,101,Entity_0101,3.0,L2B,-14723.17
2023,5,101,Entity_0101,3.0,L2B,-13224.19
2023,6,101,Entity_0101,3.0,L2B,5524.95
2023,7,101,Entity_0101,3.0,L2B,-8958.1
2023,8,101,Entity_0101,3.0,L2B,-12916.6
2023,9,101,Entity_0101,3.0,L2B,-12954.01
2023,10,101,Entity_0101,3.0,L2B,-14162.63
2023,11,101,Entity_0101,3.0,L2B,-13032.83
2023,12,101,Entity_0101,3.0,L2B,-12659.87
2023,1,102,Entity_0102,3.0,L2B,-11474.74
2023,2,102,Entity_0102,3.0,L2B,-12498.2
2023,3,102,Entity_0102,3.0,L2B,-13524.07
2023,4,102,Entity_0102,3.0,L2B,-11033.87
2023,5,102,Entity_0102,3.0,L2B,-13558.09
2023,6,102,Entity_0102,3.0,L2B,-12076.37
2023,7,102,Entity_0102,3.0,L2B,-10319.74
2023,8,102,Entity_0102,3.0,L2B,-13111.19
2023,9,102,Entity_0102,3.0,L2B,-12133.73
2023,10,102,Entity_0102,3.0,L2B,-12294.55
2023,11,102,Entity_0102,3.0,L2B,-13178.96
2023,12,102,Entity_0102,3.0,L2B,2573.93
2023,1,103,Entity_0103,3.0,L2B,-10656.42
2023,2,103,Entity_0103,3.0,L2B,-11399.95
2023,3,103,Entity_0103,3.0,L2B,-12238.92
2023,4,103,Entity_0103,3.0,L2B,-10367.91
2023,5,103,Entity_0103,3.0,L2B,-12257.55
2023,6,103,Entity_0103,3.0,L2B,-10630.52
2023,7,103,Entity_0103,3.0,L2B,-6461.17
2023,8,103,Entity_0103,3.0,L2B,-12002.24
2023,9,103,Entity_0103,3.0,L2B,-9750.68
2023,10,103,Entity_0103,3.0,L2B,-11580.51
2023,11,103,Entity_0103,3.0,L2B,-12059.84
2023,12,103,Entity_0103,3.0,L2B,-10944.78
2023,1,104,Entity_0104,3.0,L2B,-6961.74
2023,2,104,Entity_0104,3.0,L2B,-6850.39
2023,3,104,Entity_0104,3.0,L2B,-11782.9
2023,4,104,Entity_0104,3.0,L2B,-2072.52
2023,5,104,Entity_0104,3.0,L2B,-11263.85
2023,6,104,Entity_0104,3.0,L2B,-6996.13
2023,7,104,Entity_0104,3.0,L2B,497.08
2023,8,104,Entity_0104,3.0,L2B,-6987.43
2023,9,104,Entity_0104,3.0,L2B,-11817.82
2023,10,104,Entity_0104,3.0,L2B,-7031.16
2023,11,104,Entity_0104,3.0,L2B,-7020.03
2023,12,104,Entity_0104,3.0,L2B,-7013.87
2023,1,105,Entity_0105,1.0,L2-ALL,-12527.93
2023,2,105,Entity_0105,1.0,L2-ALL,-11194.69
2023,3,105,Entity_0105,1.0,L2-ALL,-13376.59
2023,4,105,Entity_0105,1.0,L2-ALL,-12581.47
2023,5,105,Entity_0105,1.0,L2-ALL,-12868.94
2023,6,105,Entity_0105,1.0,L2-ALL,-12616.48
2023,7,105,Entity_0105,1.0,L2-ALL,-7225.21
2023,8,105,Entity_0105,1.0,L2-ALL,-12513.0
2023,9,105,Entity_0105,1.0,L2-ALL,-20983.93
2023,10,105,Entity_0105,1.0,L2-ALL,-4588.35
2023,11,105,Entity_0105,1.0,L2-ALL,-12651.75
2023,12,105,Entity_0105,1.0,L2-ALL,-15112.66
2023,1,107,Entity_0107,1.0,L2-ALL,-7737.06
2023,2,107,Entity_0107,1.0,L2-ALL,-6532.99
2023,3,107,Entity_0107,1.0,L2-ALL,-8730.32
2023,4,107,Entity_0107,1.0,L2-ALL,-7789.44
2023,5,107,Entity_0107,1.0,L2-ALL,-8124.87
2023,6,107,Entity_0107,1.0,L2-ALL,-7823.3
2023,7,107,Entity_0107,1.0,L2-ALL,-6882.85
2023,8,107,Entity_0107,1.0,L2-ALL,-7857.46
2023,9,107,Entity_0107,1.0,L2-ALL,-7857.46
2023,10,107,Entity_0107,1.0,L2-ALL,-8175.05
2023,11,107,Entity_0107,1.0,L2-ALL,-7857.46
2023,12,107,Entity_0107,1.0,L2-ALL,-8145.1
2023,1,108,Entity_0108,1.0,L2-ALL,-12744.95
2023,2,108,Entity_0108,1.0,L2-ALL,-11713.32
2023,3,108,Entity_0108,1.0,L2-ALL,-14541.66
2023,4,108,Entity_0108,1.0,L2-ALL,-12422.54
2023,5,108,Entity_0108,1.0,L2-ALL,-8867.21
2023,6,108,Entity_0108,1.0,L2-ALL,-13081.08
2023,7,108,Entity_0108,1.0,L2-ALL,-10922.08
2023,8,108,Entity_0108,1.0,L2-ALL,-11540.61
2023,9,108,Entity_0108,1.0,L2-ALL,-12991.56
2023,10,108,Entity_0108,1.0,L2-ALL,-13647.69
2023,11,108,Entity_0108,1.0,L2-ALL,-13134.36
2023,12,108,Entity_0108,1.0,L2-ALL,-13560.95
2023,1,110,Entity_0110,1.0,L2-ALL,-7284.52
2023,2,110,Entity_0110,1.0,L2-ALL,-5939.41
2023,3,110,Entity_0110,1.0,L2-ALL,-7052.24
2023,4,110,Entity_0110,1.0,L2-ALL,-7838.9
2023,5,110,Entity_0110,1.0,L2-ALL,-7080.48
2023,6,110,Entity_0110,1.0,L2-ALL,-7352.43
2023,7,110,Entity_0110,1.0,L2-ALL,-3295.82
2023,8,110,Entity_0110,1.0,L2-ALL,-4255.73
2023,9,110,Entity_0110,1.0,L2-ALL,-7136.11
2023,10,110,Entity_0110,1.0,L2-ALL,-7149.8
2023,11,110,Entity_0110,1.0,L2-ALL,-7388.37
2023,12,110,Entity_0110,1.0,L2-ALL,-7057.38
2023,1,111,Entity_0111,1.0,L2-ALL,-10797.58
2023,2,111,Entity_0111,1.0,L2-ALL,-10692.06
2023,3,111,Entity_0111,1.0,L2-ALL,-10350.8
2023,4,111,Entity_0111,1.0,L2-ALL,-10843.92
2023,5,111,Entity_0111,1.0,L2-ALL,-11115.6
2023,6,111,Entity_0111,1.0,L2-ALL,-10874.17
2023,7,111,Entity_0111,1.0,L2-ALL,-7068.77
2023,8,111,Entity_0111,1.0,L2-ALL,-10904.64
2023,9,111,Entity_0111,1.0,L2-ALL,-10919.5
2023,10,111,Entity_0111,1.0,L2-ALL,-11024.26
2023,11,111,Entity_0111,1.0,L2-ALL,-10950.28
2023,12,111,Entity_0111,1.0,L2-ALL,-11158.9
2023,1,113,Entity_0113,1.0,L2-ALL,-10285.61
2023,2,113,Entity_0113,1.0,L2-ALL,-9139.29
2023,3,113,Entity_0113,1.0,L2-ALL,-11057.78
2023,4,113,Entity_0113,1.0,L2-ALL,-9666.44
2023,5,113,Entity_0113,1.0,L2-ALL,-10590.58
2023,6,113,Entity_0113,1.0,L2-ALL,-10358.08
2023,7,113,Entity_0113,1.0,L2-ALL,-6358.71
2023,8,113,Entity_0113,1.0,L2-ALL,-10386.89
2023,9,113,Entity_0113,1.0,L2-ALL,-10400.93
2023,10,113,Entity_0113,1.0,L2-ALL,-9975.31
2023,11,113,Entity_0113,1.0,L2-ALL,-9715.6
2023,12,113,Entity_0113,1.0,L2-ALL,-10628.27
2023,1,115,Entity_0115,1.0,L2-ALL,-917093.23
2023,2,115,Entity_0115,1.0,L2-ALL,-27241.35
2023,3,115,Entity_0115,1.0,L2-ALL,-27331.35
2023,4,115,Entity_0115,1.0,L2-ALL,-27331.35
2023,5,115,Entity_0115,1.0,L2-ALL,-23080.85
2023,6,115,Entity_0115,1.0,L2-ALL,-27331.35
2023,7,115,Entity_0115,1.0,L2-ALL,-24653.62
2023,8,115,Entity_0115,1.0,L2-ALL,-27331.35
2023,9,115,Entity_0115,1.0,L2-ALL,-27331.35
2023,10,115,Entity_0115,1.0,L2-ALL,-27291.35
2023,11,115,Entity_0115,1.0,L2-ALL,-27276.35
2023,12,115,Entity_0115,1.0,L2-ALL,-27331.35
2023,1,121,Entity_0121,1.0,L2-ALL,-9843.58
2023,2,121,Entity_0121,1.0,L2-ALL,-9860.36
2023,3,121,Entity_0121,1.0,L2-ALL,-10883.43
2023,4,121,Entity_0121,1.0,L2-ALL,-9898.73
2023,5,121,Entity_0121,1.0,L2-ALL,-10283.23
2023,6,121,Entity_0121,1.0,L2-ALL,-9934.33
2023,7,121,Entity_0121,1.0,L2-ALL,-9042.9
2023,8,121,Entity_0121,1.0,L2-ALL,-9970.24
2023,9,121,Entity_0121,1.0,L2-ALL,-9987.54
2023,10,121,Entity_0121,1.0,L2-ALL,-10369.53
2023,11,121,Entity_0121,1.0,L2-ALL,-9993.88
2023,12,121,Entity_0121,1.0,L2-ALL,-46700.99
2023,1,129,Entity_0129,1.0,L2-ALL,-7623.54
2023,2,129,Entity_0129,1.0,L2-ALL,-6148.47
2023,3,129,Entity_0129,1.0,L2-ALL,-5892.76
2023,4,129,Entity_0129,1.0,L2-ALL,-12649.73
2023,5,129,Entity_0129,1.0,L2-ALL,-8978.3
2023,6,129,Entity_0129,1.0,L2-ALL,-10078.3
2023,7,129,Entity_0129,1.0,L2-ALL,-8527.53
2023,8,129,Entity_0129,1.0,L2-ALL,-9094.02
2023,9,129,Entity_0129,1.0,L2-ALL,-9315.57
2023,10,129,Entity_0129,1.0,L2-ALL,-8651.39
2023,11,129,Entity_0129,1.0,L2-ALL,-9488.06
2023,12,129,Entity_0129,1.0,L2-ALL,57877.63
2023,1,131,Entity_0131,1.0,L2-ALL,-7276.26
2023,2,131,Entity_0131,1.0,L2-ALL,-6403.64
2023,3,131,Entity_0131,1.0,L2-ALL,-10018.73
2023,4,131,Entity_0131,1.0,L2-ALL,-14164.14
2023,5,131,Entity_0131,1.0,L2-ALL,-11264.84
2023,6,131,Entity_0131,1.0,L2-ALL,-13084.36
2023,7,131,Entity_0131,1.0,L2-ALL,-10447.96
2023,8,131,Entity_0131,1.0,L2-ALL,-11848.58
2023,9,131,Entity_0131,1.0,L2-ALL,-11787.72
2023,10,131,Entity_0131,1.0,L2-ALL,-10658.62
2023,11,131,Entity_0131,1.0,L2-ALL,-11286.8
2023,12,131,Entity_0131,1.0,L2-ALL,90872.91
2023,1,132,Entity_0132,1.0,L2-ALL,-4184.91
2023,2,132,Entity_0132,1.0,L2-ALL,-3051.1
2023,3,132,Entity_0132,1.0,L2-ALL,-2854.55
2023,4,132,Entity_0132,1.0,L2-ALL,-7797.66
2023,5,132,Entity_0132,1.0,L2-ALL,-5276.19
2023,6,132,Entity_0132,1.0,L2-ALL,-6071.75
2023,7,132,Entity_0132,1.0,L2-ALL,-4879.75
2023,8,132,Entity_0132,1.0,L2-ALL,-5170.58
2023,9,132,Entity_0132,1.0,L2-ALL,-5485.48
2023,10,132,Entity_0132,1.0,L2-ALL,-4964.96
2023,11,132,Entity_0132,1.0,L2-ALL,-5603.06
2023,12,132,Entity_0132,1.0,L2-ALL,49505.87
2023,1,139,Entity_0139,1.0,L2-ALL,-6491.09
2023,2,139,Entity_0139,1.0,L2-ALL,-6734.95
2023,3,139,Entity_0139,1.0,L2-ALL,-7264.71
2023,4,139,Entity_0139,1.0,L2-ALL,-6757.08
2023,5,139,Entity_0139,1.0,L2-ALL,-6986.76
2023,6,139,Entity_0139,1.0,L2-ALL,-5779.66
2023,7,139,Entity_0139,1.0,L2-ALL,-5732.67
2023,8,139,Entity_0139,1.0,L2-ALL,-6800.57
2023,9,139,Entity_0139,1.0,L2-ALL,-6504.34
2023,10,139,Entity_0139,1.0,L2-ALL,-7038.76
2023,11,139,Entity_0139,1.0,L2-ALL,-6743.26
2023,12,139,Entity_0139,1.0,L2-ALL,28803.72
2023,1,142,Entity_0142,3.0,L2B,-31001.41
2023,2,142,Entity_0142,3.0,L2B,-58589.07
2023,3,142,Entity_0142,3.0,L2B,-57069.69
2023,4,142,Entity_0142,3.0,L2B,24241.54
2023,5,142,Entity_0142,3.0,L2B,-30583.27
2023,6,142,Entity_0142,3.0,L2B,-28040.34
2023,7,142,Entity_0142,3.0,L2B,-26365.51
2023,8,142,Entity_0142,3.0,L2B,-28558.76
2023,9,142,Entity_0142,3.0,L2B,-28596.27
2023,10,142,Entity_0142,3.0,L2B,-32108.45
2023,11,142,Entity_0142,3.0,L2B,-30006.2
2023,12,142,Entity_0142,3.0,L2B,92666.02
2023,1,144,Entity_0144,1.0,L2-ALL,-12456.97
2023,2,144,Entity_0144,1.0,L2-ALL,-12475.82
2023,3,144,Entity_0144,1.0,L2-ALL,-12778.12
2023,4,144,Entity_0144,1.0,L2-ALL,-12519.29
2023,5,144,Entity_0144,1.0,L2-ALL,-12964.79
2023,6,144,Entity_0144,1.0,L2-ALL,-12559.45
2023,7,144,Entity_0144,1.0,L2-ALL,-10326.09
2023,8,144,Entity_0144,1.0,L2-ALL,-12461.2
2023,9,144,Entity_0144,1.0,L2-ALL,-12619.42
2023,10,144,Entity_0144,1.0,L2-ALL,-13062.11
2023,11,144,Entity_0144,1.0,L2-ALL,-12630.42
2023,12,144,Entity_0144,1.0,L2-ALL,57785.66
2023,1,145,Entity_0145,1.0,L2-ALL,-7196.48
2023,2,145,Entity_0145,1.0,L2-ALL,-7087.72
2023,3,145,Entity_0145,1.0,L2-ALL,-6983.76
2023,4,145,Entity_0145,1.0,L2-ALL,-7233.63
2023,5,145,Entity_0145,1.0,L2-ALL,-7434.1
2023,6,145,Entity_0145,1.0,L2-ALL,-7257.56
2023,7,145,Entity_0145,1.0,L2-ALL,-3685.45
2023,8,145,Entity_0145,1.0,L2-ALL,-7142.95
2023,9,145,Entity_0145,1.0,L2-ALL,-7293.3
2023,10,145,Entity_0145,1.0,L2-ALL,-7557.1
2023,11,145,Entity_0145,1.0,L2-ALL,-7257.79
2023,12,145,Entity_0145,1.0,L2-ALL,36650.65
2023,1,146,Entity_0146,1.0,L2-ALL,-7870.84
2023,2,146,Entity_0146,1.0,L2-ALL,-7884.15
2023,3,146,Entity_0146,1.0,L2-ALL,-7803.65
2023,4,146,Entity_0146,1.0,L2-ALL,-7914.85
2023,5,146,Entity_0146,1.0,L2-ALL,-8229.4
2023,6,146,Entity_0146,1.0,L2-ALL,-7943.21
2023,7,146,Entity_0146,1.0,L2-ALL,-5579.23
2023,8,146,Entity_0146,1.0,L2-ALL,-7833.06
2023,9,146,Entity_0146,1.0,L2-ALL,-7985.55
2023,10,146,Entity_0146,1.0,L2-ALL,-8298.11
2023,11,146,Entity_0146,1.0,L2-ALL,-7873.68
2023,12,146,Entity_0146,1.0,L2-ALL,-9815.79
2023,1,148,Entity_0148,1.0,L2-ALL,-9657.67
2023,2,148,Entity_0148,1.0,L2-ALL,-9842.69
2023,3,148,Entity_0148,1.0,L2-ALL,-10065.44
2023,4,148,Entity_0148,1.0,L2-ALL,-10222.27
2023,5,148,Entity_0148,1.0,L2-ALL,-10436.03
2023,6,148,Entity_0148,1.0,L2-ALL,-9562.05
2023,7,148,Entity_0148,1.0,L2-ALL,-7561.33
2023,8,148,Entity_0148,1.0,L2-ALL,-10080.8
2023,9,148,Entity_0148,1.0,L2-ALL,-9830.61
2023,10,148,Entity_0148,1.0,L2-ALL,-10302.78
2023,11,148,Entity_0148,1.0,L2-ALL,-9844.8
2023,12,148,Entity_0148,1.0,L2-ALL,54514.91
2023,1,153,Entity_0153,1.0,L2-ALL,-13998.35
2023,2,153,Entity_0153,1.0,L2-ALL,-13566.0
2023,3,153,Entity_0153,1.0,L2-ALL,-13645.69
2023,4,153,Entity_0153,1.0,L2-ALL,-14831.49
2023,5,153,Entity_0153,1.0,L2-ALL,-13683.88
2023,6,153,Entity_0153,1.0,L2-ALL,-14093.67
2023,7,153,Entity_0153,1.0,L2-ALL,-11047.77
2023,8,153,Entity_0153,1.0,L2-ALL,-14130.22
2023,9,153,Entity_0153,1.0,L2-ALL,-13764.68
2023,10,153,Entity_0153,1.0,L2-ALL,-13784.26
2023,11,153,Entity_0153,1.0,L2-ALL,-25655.67
2023,12,153,Entity_0153,1.0,L2-ALL,-25565.77
2023,1,155,Entity_0155,1.0,L2-ALL,-21162.36
2023,2,155,Entity_0155,1.0,L2-ALL,-20849.39
2023,3,155,Entity_0155,1.0,L2-ALL,-21778.63
2023,4,155,Entity_0155,1.0,L2-ALL,-20187.31
2023,5,155,Entity_0155,1.0,L2-ALL,-21201.39
2023,6,155,Entity_0155,1.0,L2-ALL,-20913.9
2023,7,155,Entity_0155,1.0,L2-ALL,-19956.81
2023,8,155,Entity_0155,1.0,L2-ALL,-20945.37
2023,9,155,Entity_0155,1.0,L2-ALL,-20960.63
2023,10,155,Entity_0155,1.0,L2-ALL,-21277.13
2023,11,155,Entity_0155,1.0,L2-ALL,-20932.45
2023,12,155,Entity_0155,1.0,L2-ALL,-21158.03
2023,1,157,Entity_0157,1.0,L2-ALL,-13826.27
2023,2,157,Entity_0157,1.0,L2-ALL,-13722.17
2023,3,157,Entity_0157,1.0,L2-ALL,-14848.15
2023,4,157,Entity_0157,1.0,L2-ALL,-13877.85
2023,5,157,Entity_0157,1.0,L2-ALL,-14222.79
2023,6,157,Entity_0157,1.0,L2-ALL,-13858.32
2023,7,157,Entity_0157,1.0,L2-ALL,-11577.57
2023,8,157,Entity_0157,1.0,L2-ALL,-13806.29
2023,9,157,Entity_0157,1.0,L2-ALL,-13961.38
2023,10,157,Entity_0157,1.0,L2-ALL,-14303.93
2023,11,157,Entity_0157,1.0,L2-ALL,-13965.47
2023,12,157,Entity_0157,1.0,L2-ALL,-14157.09
2023,1,160,Entity_0160,1.0,L2-ALL,-15540.78
2023,2,160,Entity_0160,1.0,L2-ALL,-15560.65
2023,3,160,Entity_0160,1.0,L2-ALL,-16706.86
2023,4,160,Entity_0160,1.0,L2-ALL,-15604.35
2023,5,160,Entity_0160,1.0,L2-ALL,-15998.44
2023,6,160,Entity_0160,1.0,L2-ALL,-15645.83
2023,7,160,Entity_0160,1.0,L2-ALL,-13360.99
2023,8,160,Entity_0160,1.0,L2-ALL,-15687.58
2023,9,160,Entity_0160,1.0,L2-ALL,-15707.94
2023,10,160,Entity_0160,1.0,L2-ALL,-16069.03
2023,11,160,Entity_0160,1.0,L2-ALL,-15720.1
2023,12,160,Entity_0160,1.0,L2-ALL,-16019.97
2023,1,165,Entity_0165,1.0,L2-ALL,-9011.38
2023,2,165,Entity_0165,1.0,L2-ALL,-8985.81
2023,3,165,Entity_0165,1.0,L2-ALL,-9731.93
2023,4,165,Entity_0165,1.0,L2-ALL,-9107.18
2023,5,165,Entity_0165,1.0,L2-ALL,-9361.85
2023,6,165,Entity_0165,1.0,L2-ALL,-9177.36
2023,7,165,Entity_0165,1.0,L2-ALL,-6736.39
2023,8,165,Entity_0165,1.0,L2-ALL,-9244.49
2023,9,165,Entity_0165,1.0,L2-ALL,-9281.1
2023,10,165,Entity_0165,1.0,L2-ALL,-9477.97
2023,11,165,Entity_0165,1.0,L2-ALL,-9579.03
2023,12,165,Entity_0165,1.0,L2-ALL,-9609.03
2023,1,166,Entity_0166,1.0,L2-ALL,-14621.8
2023,2,166,Entity_0166,1.0,L2-ALL,-14635.88
2023,3,166,Entity_0166,1.0,L2-ALL,-14527.38
2023,4,166,Entity_0166,1.0,L2-ALL,-14666.53
2023,5,166,Entity_0166,1.0,L2-ALL,-14953.45
2023,6,166,Entity_0166,1.0,L2-ALL,-14695.77
2023,7,166,Entity_0166,1.0,L2-ALL,-12304.1
2023,8,166,Entity_0166,1.0,L2-ALL,-13350.17
2023,9,166,Entity_0166,1.0,L2-ALL,-14739.55
2023,10,166,Entity_0166,1.0,L2-ALL,-15024.32
2023,11,166,Entity_0166,1.0,L2-ALL,-14217.2
2023,12,166,Entity_0166,1.0,L2-ALL,49630.9
2023,1,167,Entity_0167,1.0,L2-ALL,-4402.86
2023,2,167,Entity_0167,1.0,L2-ALL,-7128.64
2023,3,167,Entity_0167,1.0,L2-ALL,-7653.39
2023,4,167,Entity_0167,1.0,L2-ALL,-6654.23
2023,5,167,Entity_0167,1.0,L2-ALL,-7034.53
2023,6,167,Entity_0167,1.0,L2-ALL,-6655.87
2023,7,167,Entity_0167,1.0,L2-ALL,-4358.55
2023,8,167,Entity_0167,1.0,L2-ALL,-5282.02
2023,9,167,Entity_0167,1.0,L2-ALL,-6657.64
2023,10,167,Entity_0167,1.0,L2-ALL,-7037.54
2023,11,167,Entity_0167,1.0,L2-ALL,-6527.81
2023,12,167,Entity_0167,1.0,L2-ALL,45190.52
2023,1,169,Entity_0169,1.0,L2-ALL,-17012.24
2023,2,169,Entity_0169,1.0,L2-ALL,-16061.98
2023,3,169,Entity_0169,1.0,L2-ALL,-15049.89
2023,4,169,Entity_0169,1.0,L2-ALL,-17071.17
2023,5,169,Entity_0169,1.0,L2-ALL,-16551.54
2023,6,169,Entity_0169,1.0,L2-ALL,-15449.68
2023,7,169,Entity_0169,1.0,L2-ALL,-13086.11
2023,8,169,Entity_0169,1.0,L2-ALL,-14943.42
2023,9,169,Entity_0169,1.0,L2-ALL,-15503.82
2023,10,169,Entity_0169,1.0,L2-ALL,-16694.41
2023,11,169,Entity_0169,1.0,L2-ALL,-15662.01
2023,12,169,Entity_0169,1.0,L2-ALL,49107.52
2023,1,173,Entity_0173,1.0,L2-ALL,-11857.24
2023,2,173,Entity_0173,1.0,L2-ALL,-11811.71
2023,3,173,Entity_0173,1.0,L2-ALL,-12726.49
2023,4,173,Entity_0173,1.0,L2-ALL,-11903.66
2023,5,173,Entity_0173,1.0,L2-ALL,-12197.34
2023,6,173,Entity_0173,1.0,L2-ALL,-11933.92
2023,7,173,Entity_0173,1.0,L2-ALL,-9548.99
2023,8,173,Entity_0173,1.0,L2-ALL,-11825.62
2023,9,173,Entity_0173,1.0,L2-ALL,-11979.21
2023,10,173,Entity_0173,1.0,L2-ALL,-12270.7
2023,11,173,Entity_0173,1.0,L2-ALL,-11754.97
2023,12,173,Entity_0173,1.0,L2-ALL,-11943.95
2023,1,174,Entity_0174,1.0,L2-ALL,-14200.32
2023,2,174,Entity_0174,1.0,L2-ALL,-14157.51
2023,3,174,Entity_0174,1.0,L2-ALL,-15227.12
2023,4,174,Entity_0174,1.0,L2-ALL,-14255.56
2023,5,174,Entity_0174,1.0,L2-ALL,-14602.38
2023,6,174,Entity_0174,1.0,L2-ALL,-14162.44
2023,7,174,Entity_0174,1.0,L2-ALL,-13362.44
2023,8,174,Entity_0174,1.0,L2-ALL,-14267.76
2023,9,174,Entity_0174,1.0,L2-ALL,-14345.28
2023,10,174,Entity_0174,1.0,L2-ALL,-14689.69
2023,11,174,Entity_0174,1.0,L2-ALL,-14351.97
2023,12,174,Entity_0174,1.0,L2-ALL,-14515.31
2023,1,175,Entity_0175,1.0,L2-ALL,-10492.4
2023,2,175,Entity_0175,1.0,L2-ALL,-10503.2
2023,3,175,Entity_0175,1.0,L2-ALL,-11080.62
2023,4,175,Entity_0175,1.0,L2-ALL,-10526.55
2023,5,175,Entity_0175,1.0,L2-ALL,-10725.56
2023,6,175,Entity_0175,1.0,L2-ALL,-10548.94
2023,7,175,Entity_0175,1.0,L2-ALL,-6644.36
2023,8,175,Entity_0175,1.0,L2-ALL,-9200.45
2023,9,175,Entity_0175,1.0,L2-ALL,-10582.48
2023,10,175,Entity_0175,1.0,L2-ALL,-10749.84
2023,11,175,Entity_0175,1.0,L2-ALL,-10575.18
2023,12,175,Entity_0175,1.0,L2-ALL,-10591.87
2023,1,176,Entity_0176,1.0,L2-ALL,-71989.17
2023,2,176,Entity_0176,1.0,L2-ALL,-29153.87
2023,3,176,Entity_0176,1.0,L2-ALL,-31376.5
2023,4,176,Entity_0176,1.0,L2-ALL,-29201.32
2023,5,176,Entity_0176,1.0,L2-ALL,13238.34
2023,6,176,Entity_0176,1.0,L2-ALL,-68606.51
2023,7,176,Entity_0176,1.0,L2-ALL,-25000.8
2023,8,176,Entity_0176,1.0,L2-ALL,-29291.99
2023,9,176,Entity_0176,1.0,L2-ALL,13545.8
2023,10,176,Entity_0176,1.0,L2-ALL,-72591.25
2023,11,176,Entity_0176,1.0,L2-ALL,13619.9
2023,12,176,Entity_0176,1.0,L2-ALL,-29069.82
2023,1,177,Entity_0177,1.0,L2-ALL,-12476.57
2023,2,177,Entity_0177,1.0,L2-ALL,-12431.24
2023,3,177,Entity_0177,1.0,L2-ALL,-13337.39
2023,4,177,Entity_0177,1.0,L2-ALL,-12523.44
2023,5,177,Entity_0177,1.0,L2-ALL,-12814.37
2023,6,177,Entity_0177,1.0,L2-ALL,-12554.04
2023,7,177,Entity_0177,1.0,L2-ALL,-11569.14
2023,8,177,Entity_0177,1.0,L2-ALL,-12446.08
2023,9,177,Entity_0177,1.0,L2-ALL,-12599.86
2023,10,177,Entity_0177,1.0,L2-ALL,-12888.56
2023,11,177,Entity_0177,1.0,L2-ALL,-10525.95
2023,12,177,Entity_0177,1.0,L2-ALL,-12798.75
2023,1,178,Entity_0178,1.0,L2-ALL,-14561.25
2023,2,178,Entity_0178,1.0,L2-ALL,-13228.83
2023,3,178,Entity_0178,1.0,L2-ALL,-15619.35
2023,4,178,Entity_0178,1.0,L2-ALL,-14587.39
2023,5,178,Entity_0178,1.0,L2-ALL,-14964.86
2023,6,178,Entity_0178,1.0,L2-ALL,-14654.04
2023,7,178,Entity_0178,1.0,L2-ALL,-12322.72
2023,8,178,Entity_0178,1.0,L2-ALL,-14552.18
2023,9,178,Entity_0178,1.0,L2-ALL,-14708.92
2023,10,178,Entity_0178,1.0,L2-ALL,-14556.31
2023,11,178,Entity_0178,1.0,L2-ALL,-14690.16
2023,12,178,Entity_0178,1.0,L2-ALL,-14348.94
2023,1,186,Entity_0186,1.0,L2-ALL,-3091.99
2023,2,186,Entity_0186,1.0,L2-ALL,-2956.11
2023,3,186,Entity_0186,1.0,L2-ALL,-3243.33
2023,4,186,Entity_0186,1.0,L2-ALL,-3101.01
2023,5,186,Entity_0186,1.0,L2-ALL,-3152.24
2023,6,186,Entity_0186,1.0,L2-ALL,-3106.93
2023,7,186,Entity_0186,1.0,L2-ALL,-3157.98
2023,8,186,Entity_0186,1.0,L2-ALL,-1737.89
2023,9,186,Entity_0186,1.0,L2-ALL,-3115.81
2023,10,186,Entity_0186,1.0,L2-ALL,-2991.6
2023,11,186,Entity_0186,1.0,L2-ALL,-3121.81
2023,12,186,Entity_0186,1.0,L2-ALL,198.58
2023,1,188,Entity_0188,1.0,L2-ALL,-8296.58
2023,2,188,Entity_0188,1.0,L2-ALL,-8322.86
2023,3,188,Entity_0188,1.0,L2-ALL,-8726.69
2023,4,188,Entity_0188,1.0,L2-ALL,-8368.36
2023,5,188,Entity_0188,1.0,L2-ALL,-8523.07
2023,6,188,Entity_0188,1.0,L2-ALL,-8292.53
2023,7,188,Entity_0188,1.0,L2-ALL,-7255.11
2023,8,188,Entity_0188,1.0,L2-ALL,-8473.47
2023,9,188,Entity_0188,1.0,L2-ALL,-8499.89
2023,10,188,Entity_0188,1.0,L2-ALL,-8648.42
2023,11,188,Entity_0188,1.0,L2-ALL,-8684.18
2023,12,188,Entity_0188,1.0,L2-ALL,-8594.33
2023,1,189,Entity_0189,1.0,L2-ALL,-12618.9
2023,2,189,Entity_0189,1.0,L2-ALL,-12579.14
2023,3,189,Entity_0189,1.0,L2-ALL,-12653.42
2023,4,189,Entity_0189,1.0,L2-ALL,-12018.74
2023,5,189,Entity_0189,1.0,L2-ALL,-13258.86
2023,6,189,Entity_0189,1.0,L2-ALL,-12774.78
2023,7,189,Entity_0189,1.0,L2-ALL,-11441.05
2023,8,189,Entity_0189,1.0,L2-ALL,-12730.49
2023,9,189,Entity_0189,1.0,L2-ALL,-11808.54
2023,10,189,Entity_0189,1.0,L2-ALL,-12761.63
2023,11,189,Entity_0189,1.0,L2-ALL,-12774.27
2023,12,189,Entity_0189,1.0,L2-ALL,-12792.94
2023,1,190,Entity_0190,1.0,L2-ALL,-14779.14
2023,2,190,Entity_0190,1.0,L2-ALL,-14674.63
2023,3,190,Entity_0190,1.0,L2-ALL,-14723.71
2023,4,190,Entity_0190,1.0,L2-ALL,-14828.6
2023,5,190,Entity_0190,1.0,L2-ALL,-15147.66
2023,6,190,Entity_0190,1.0,L2-ALL,-14554.02
2023,7,190,Entity_0190,1.0,L2-ALL,-11265.38
2023,8,190,Entity_0190,1.0,L2-ALL,-14754.63
2023,9,190,Entity_0190,1.0,L2-ALL,-14909.23
2023,10,190,Entity_0190,1.0,L2-ALL,-15225.93
2023,11,190,Entity_0190,1.0,L2-ALL,-14912.01
2023,12,190,Entity_0190,1.0,L2-ALL,45111.91
2023,1,192,Entity_0192,1.0,L2-ALL,-4614.07
2023,2,192,Entity_0192,1.0,L2-ALL,-4619.64
2023,3,192,Entity_0192,1.0,L2-ALL,-4871.4
2023,4,192,Entity_0192,1.0,L2-ALL,-4631.65
2023,5,192,Entity_0192,1.0,L2-ALL,-4718.95
2023,6,192,Entity_0192,1.0,L2-ALL,-4643.2
2023,7,192,Entity_0192,1.0,L2-ALL,-4720.16
2023,8,192,Entity_0192,1.0,L2-ALL,-4004.81
2023,9,192,Entity_0192,1.0,L2-ALL,-4660.52
2023,10,192,Entity_0192,1.0,L2-ALL,-4746.97
2023,11,192,Entity_0192,1.0,L2-ALL,-4758.37
2023,12,192,Entity_0192,1.0,L2-ALL,20773.58
2023,1,193,Entity_0193,1.0,L2-ALL,-3413.88
2023,2,193,Entity_0193,1.0,L2-ALL,-4097.82
2023,3,193,Entity_0193,1.0,L2-ALL,-4740.26
2023,4,193,Entity_0193,1.0,L2-ALL,-4902.8
2023,5,193,Entity_0193,1.0,L2-ALL,-4588.97
2023,6,193,Entity_0193,1.0,L2-ALL,-1786.66
2023,7,193,Entity_0193,1.0,L2-ALL,-4608.01
2023,8,193,Entity_0193,1.0,L2-ALL,-881.49
2023,9,193,Entity_0193,1.0,L2-ALL,-3468.21
2023,10,193,Entity_0193,1.0,L2-ALL,-3386.35
2023,11,193,Entity_0193,1.0,L2-ALL,-3532.49
2023,12,193,Entity_0193,1.0,L2-ALL,33141.05
2023,1,196,Entity_0196,1.0,L2-ALL,-11838.61
2023,2,196,Entity_0196,1.0,L2-ALL,-10356.51
2023,3,196,Entity_0196,1.0,L2-ALL,-11577.19
2023,4,196,Entity_0196,1.0,L2-ALL,-10233.92
2023,5,196,Entity_0196,1.0,L2-ALL,-12053.05
2023,6,196,Entity_0196,1.0,L2-ALL,-11841.39
2023,7,196,Entity_0196,1.0,L2-ALL,-12155.0
2023,8,196,Entity_0196,1.0,L2-ALL,-11794.61
2023,9,196,Entity_0196,1.0,L2-ALL,-11946.54
2023,10,196,Entity_0196,1.0,L2-ALL,-9509.89
2023,11,196,Entity_0196,1.0,L2-ALL,-11710.03
2023,12,196,Entity_0196,1.0,L2-ALL,-11923.71
2023,1,200,Entity_0200,1.0,L2-ALL,-17331.87
2023,2,200,Entity_0200,1.0,L2-ALL,-17045.12
2023,3,200,Entity_0200,1.0,L2-ALL,-16923.97
2023,4,200,Entity_0200,1.0,L2-ALL,-17986.14
2023,5,200,Entity_0200,1.0,L2-ALL,-17075.99
2023,6,200,Entity_0200,1.0,L2-ALL,-17417.39
2023,7,200,Entity_0200,1.0,L2-ALL,-14456.93
2023,8,200,Entity_0200,1.0,L2-ALL,-16168.16
2023,9,200,Entity_0200,1.0,L2-ALL,-17730.38
2023,10,200,Entity_0200,1.0,L2-ALL,-17749.42
2023,11,200,Entity_0200,1.0,L2-ALL,-26998.07
2023,12,200,Entity_0200,1.0,L2-ALL,44444.55
2023,1,201,Entity_0201,1.0,L2-ALL,-9740.54
2023,2,201,Entity_0201,1.0,L2-ALL,-9612.6
2023,3,201,Entity_0201,1.0,L2-ALL,-10367.48
2023,4,201,Entity_0201,1.0,L2-ALL,-9704.95
2023,5,201,Entity_0201,1.0,L2-ALL,-9986.87
2023,6,201,Entity_0201,1.0,L2-ALL,-9797.45
2023,7,201,Entity_0201,1.0,L2-ALL,-8733.78
2023,8,201,Entity_0201,1.0,L2-ALL,-9820.08
2023,9,201,Entity_0201,1.0,L2-ALL,-9831.14
2023,10,201,Entity_0201,1.0,L2-ALL,-10041.41
2023,11,201,Entity_0201,1.0,L2-ALL,-9823.97
2023,12,201,Entity_0201,1.0,L2-ALL,-10048.58
2023,1,212,Entity_0212,1.0,L2-ALL,-69243.59
2023,2,212,Entity_0212,1.0,L2-ALL,-66096.34
2023,3,212,Entity_0212,1.0,L2-ALL,-56676.2
2023,4,212,Entity_0212,1.0,L2-ALL,-67884.68
2023,5,212,Entity_0212,1.0,L2-ALL,-62494.55
2023,6,212,Entity_0212,1.0,L2-ALL,-64156.38
2023,7,212,Entity_0212,1.0,L2-ALL,-63880.37
2023,8,212,Entity_0212,1.0,L2-ALL,-102507.07
2023,9,212,Entity_0212,1.0,L2-ALL,-46962.19
2023,10,212,Entity_0212,1.0,L2-ALL,-50587.03
2023,11,212,Entity_0212,1.0,L2-ALL,-48633.2
2023,12,212,Entity_0212,1.0,L2-ALL,134352.43
2023,1,214,Entity_0214,1.0,L2-ALL,-12697.07
2023,2,214,Entity_0214,1.0,L2-ALL,-11840.0
2023,3,214,Entity_0214,1.0,L2-ALL,-13218.14
2023,4,214,Entity_0214,1.0,L2-ALL,-11857.33
2023,5,214,Entity_0214,1.0,L2-ALL,-12002.0
2023,6,214,Entity_0214,1.0,L2-ALL,-11874.05
2023,7,214,Entity_0214,1.0,L2-ALL,-12018.21
2023,8,214,Entity_0214,1.0,L2-ALL,-10515.85
2023,9,214,Entity_0214,1.0,L2-ALL,-11903.49
2023,10,214,Entity_0214,1.0,L2-ALL,-12525.43
2023,11,214,Entity_0214,1.0,L2-ALL,-12398.93
2023,12,214,Entity_0214,1.0,L2-ALL,10170.15
2023,1,216,Entity_0216,1.0,L2-ALL,-12808.07
2023,2,216,Entity_0216,1.0,L2-ALL,-12820.63
2023,3,216,Entity_0216,1.0,L2-ALL,-13403.48
2023,4,216,Entity_0216,1.0,L2-ALL,-12847.87
2023,5,216,Entity_0216,1.0,L2-ALL,-13089.75
2023,6,216,Entity_0216,1.0,L2-ALL,-12873.93
2023,7,216,Entity_0216,1.0,L2-ALL,-11840.11
2023,8,216,Entity_0216,1.0,L2-ALL,-12900.13
2023,9,216,Entity_0216,1.0,L2-ALL,-12882.96
2023,10,216,Entity_0216,1.0,L2-ALL,-13122.92
2023,11,216,Entity_0216,1.0,L2-ALL,-12629.7
2023,12,216,Entity_0216,1.0,L2-ALL,-12880.23
2023,1,218,Entity_0218,1.0,L2-ALL,-16947.83
2023,2,218,Entity_0218,1.0,L2-ALL,-17021.96
2023,3,218,Entity_0218,1.0,L2-ALL,-17618.96
2023,4,218,Entity_0218,1.0,L2-ALL,-17052.18
2023,5,218,Entity_0218,1.0,L2-ALL,-17305.98
2023,6,218,Entity_0218,1.0,L2-ALL,-17081.32
2023,7,218,Entity_0218,1.0,L2-ALL,-14656.52
2023,8,218,Entity_0218,1.0,L2-ALL,-15735.61
2023,9,218,Entity_0218,1.0,L2-ALL,-17125.0
2023,10,218,Entity_0218,1.0,L2-ALL,-17376.62
2023,11,218,Entity_0218,1.0,L2-ALL,-17154.5
2023,12,218,Entity_0218,1.0,L2-ALL,42213.42
2023,1,224,Entity_0224,3.0,L2B,-4204.97
2023,2,224,Entity_0224,3.0,L2B,-45539.94
2023,3,224,Entity_0224,3.0,L2B,-56501.68
2023,4,224,Entity_0224,3.0,L2B,-36978.82
2023,5,224,Entity_0224,3.0,L2B,-37916.48
2023,6,224,Entity_0224,3.0,L2B,-39434.23
2023,7,224,Entity_0224,3.0,L2B,13.95
2023,8,224,Entity_0224,3.0,L2B,-35791.42
2023,9,224,Entity_0224,3.0,L2B,-40350.47
2023,10,224,Entity_0224,3.0,L2B,-40907.1
2023,11,224,Entity_0224,3.0,L2B,-91923.81
2023,12,224,Entity_0224,3.0,L2B,88615.83
2023,1,226,Entity_0226,1.0,L2-ALL,-9627.36
2023,2,226,Entity_0226,1.0,L2-ALL,-8983.84
2023,3,226,Entity_0226,1.0,L2-ALL,-8361.46
2023,4,226,Entity_0226,1.0,L2-ALL,-10191.65
2023,5,226,Entity_0226,1.0,L2-ALL,-9023.49
2023,6,226,Entity_0226,1.0,L2-ALL,-8766.93
2023,7,226,Entity_0226,1.0,L2-ALL,-6869.45
2023,8,226,Entity_0226,1.0,L2-ALL,-4839.45
2023,9,226,Entity_0226,1.0,L2-ALL,-8509.66
2023,10,226,Entity_0226,1.0,L2-ALL,-9586.53
2023,11,226,Entity_0226,1.0,L2-ALL,-9327.47
2023,12,226,Entity_0226,1.0,L2-ALL,128263.47
2023,1,231,Entity_0231,1.0,L2-ALL,-17097.51
2023,2,231,Entity_0231,1.0,L2-ALL,-17124.51
2023,3,231,Entity_0231,1.0,L2-ALL,-17147.51
2023,4,231,Entity_0231,1.0,L2-ALL,-17171.51
2023,5,231,Entity_0231,1.0,L2-ALL,-17197.51
2023,6,231,Entity_0231,1.0,L2-ALL,-17222.51
2023,7,231,Entity_0231,1.0,L2-ALL,-14570.78
2023,8,231,Entity_0231,1.0,L2-ALL,-17272.51
2023,9,231,Entity_0231,1.0,L2-ALL,-17299.51
2023,10,231,Entity_0231,1.0,L2-ALL,-17322.51
2023,11,231,Entity_0231,1.0,L2-ALL,-17347.51
2023,12,231,Entity_0231,1.0,L2-ALL,-17373.51
2023,1,237,Entity_0237,1.0,L2-ALL,-75361.39
2023,2,237,Entity_0237,1.0,L2-ALL,-3541.43
2023,3,237,Entity_0237,1.0,L2-ALL,11672.89
2023,4,237,Entity_0237,1.0,L2-ALL,-7619.52
2023,5,237,Entity_0237,1.0,L2-ALL,-26726.27
2023,6,237,Entity_0237,1.0,L2-ALL,11556.26
2023,7,237,Entity_0237,1.0,L2-ALL,-21900.45
2023,8,237,Entity_0237,1.0,L2-ALL,-5206.44
2023,9,237,Entity_0237,1.0,L2-ALL,9656.57
2023,10,237,Entity_0237,1.0,L2-ALL,-28766.3
2023,11,237,Entity_0237,1.0,L2-ALL,-9005.65
2023,12,237,Entity_0237,1.0,L2-ALL,63282.82
2023,1,239,Entity_0239,1.0,L2-ALL,-14869.38
2023,2,239,Entity_0239,1.0,L2-ALL,-15095.17
2023,3,239,Entity_0239,1.0,L2-ALL,-15110.17
2023,4,239,Entity_0239,1.0,L2-ALL,-15124.17
2023,5,239,Entity_0239,1.0,L2-ALL,-15139.17
2023,6,239,Entity_0239,1.0,L2-ALL,-15154.17
2023,7,239,Entity_0239,1.0,L2-ALL,-12491.44
2023,8,239,Entity_0239,1.0,L2-ALL,-15184.17
2023,9,239,Entity_0239,1.0,L2-ALL,-15122.48
2023,10,239,Entity_0239,1.0,L2-ALL,-15213.17
2023,11,239,Entity_0239,1.0,L2-ALL,-15228.17
2023,12,239,Entity_0239,1.0,L2-ALL,-15243.17
2023,1,242,Entity_0242,1.0,L2-ALL,-10836.62
2023,2,242,Entity_0242,1.0,L2-ALL,-10705.77
2023,3,242,Entity_0242,1.0,L2-ALL,-10575.7
2023,4,242,Entity_0242,1.0,L2-ALL,-11134.65
2023,5,242,Entity_0242,1.0,L2-ALL,-10730.57
2023,6,242,Entity_0242,1.0,L2-ALL,-10877.27
2023,7,242,Entity_0242,1.0,L2-ALL,-7256.85
2023,8,242,Entity_0242,1.0,L2-ALL,-9517.92
2023,9,242,Entity_0242,1.0,L2-ALL,-10759.8
2023,10,242,Entity_0242,1.0,L2-ALL,-10775.41
2023,11,242,Entity_0242,1.0,L2-ALL,-14302.78
2023,12,242,Entity_0242,1.0,L2-ALL,30022.44
2023,1,245,Entity_0245,1.0,L2-ALL,-10802.13
2023,2,245,Entity_0245,1.0,L2-ALL,-9579.6
2023,3,245,Entity_0245,1.0,L2-ALL,-8556.14
2023,4,245,Entity_0245,1.0,L2-ALL,-10831.83
2023,5,245,Entity_0245,1.0,L2-ALL,-11292.92
2023,6,245,Entity_0245,1.0,L2-ALL,-10376.35
2023,7,245,Entity_0245,1.0,L2-ALL,-9271.41
2023,8,245,Entity_0245,1.0,L2-ALL,-10257.22
2023,9,245,Entity_0245,1.0,L2-ALL,-10328.92
2023,10,245,Entity_0245,1.0,L2-ALL,-10574.73
2023,11,245,Entity_0245,1.0,L2-ALL,-10425.37
2023,12,245,Entity_0245,1.0,L2-ALL,-14884.16
2023,1,249,Entity_0249,1.0,L2-ALL,-49806.57
2023,2,249,Entity_0249,1.0,L2-ALL,-28663.9
2023,3,249,Entity_0249,1.0,L2-ALL,-29752.41
2023,4,249,Entity_0249,1.0,L2-ALL,-29773.26
2023,5,249,Entity_0249,1.0,L2-ALL,-7940.1
2023,6,249,Entity_0249,1.0,L2-ALL,-52015.87
2023,7,249,Entity_0249,1.0,L2-ALL,-27988.05
2023,8,249,Entity_0249,1.0,L2-ALL,-28465.46
2023,9,249,Entity_0249,1.0,L2-ALL,-7639.87
2023,10,249,Entity_0249,1.0,L2-ALL,-52494.77
2023,11,249,Entity_0249,1.0,L2-ALL,-7518.98
2023,12,249,Entity_0249,1.0,L2-ALL,38634.79
2023,1,254,Entity_0254,1.0,L2-ALL,-7377.01
2023,2,254,Entity_0254,1.0,L2-ALL,-7384.08
2023,3,254,Entity_0254,1.0,L2-ALL,-7771.05
2023,4,254,Entity_0254,1.0,L2-ALL,-7399.31
2023,5,254,Entity_0254,1.0,L2-ALL,-7532.57
2023,6,254,Entity_0254,1.0,L2-ALL,-7413.93
2023,7,254,Entity_0254,1.0,L2-ALL,-3882.11
2023,8,254,Entity_0254,1.0,L2-ALL,-7428.42
2023,9,254,Entity_0254,1.0,L2-ALL,-7435.83
2023,10,254,Entity_0254,1.0,L2-ALL,-7568.01
2023,11,254,Entity_0254,1.0,L2-ALL,-7434.65
2023,12,254,Entity_0254,1.0,L2-ALL,-7536.39
2023,1,284,Entity_0284,1.0,L2-ALL,-17739.23
2023,2,284,Entity_0284,1.0,L2-ALL,-11558.24
2023,3,284,Entity_0284,1.0,L2-ALL,-17209.96
2023,4,284,Entity_0284,1.0,L2-ALL,-12133.86
2023,5,284,Entity_0284,1.0,L2-ALL,-17860.62
2023,6,284,Entity_0284,1.0,L2-ALL,-17770.82
2023,7,284,Entity_0284,1.0,L2-ALL,-13994.01
2023,8,284,Entity_0284,1.0,L2-ALL,-17783.39
2023,9,284,Entity_0284,1.0,L2-ALL,-17789.53
2023,10,284,Entity_0284,1.0,L2-ALL,-17910.9
2023,11,284,Entity_0284,1.0,L2-ALL,-17691.37
2023,12,284,Entity_0284,1.0,L2-ALL,-12198.9
2023,1,291,Entity_0291,1.0,L2-ALL,-14026.04
2023,2,291,Entity_0291,1.0,L2-ALL,-14042.74
2023,3,291,Entity_0291,1.0,L2-ALL,-15010.59
2023,4,291,Entity_0291,1.0,L2-ALL,-14079.06
2023,5,291,Entity_0291,1.0,L2-ALL,-14411.77
2023,6,291,Entity_0291,1.0,L2-ALL,-14113.73
2023,7,291,Entity_0291,1.0,L2-ALL,-11767.7
2023,8,291,Entity_0291,1.0,L2-ALL,-14148.61
2023,9,291,Entity_0291,1.0,L2-ALL,-14165.67
2023,10,291,Entity_0291,1.0,L2-ALL,-14495.83
2023,11,291,Entity_0291,1.0,L2-ALL,-14200.84
2023,12,291,Entity_0291,1.0,L2-ALL,-14529.97
2023,1,294,Entity_0294,1.0,L2-ALL,-1980.19
2023,2,294,Entity_0294,1.0,L2-ALL,-4317.87
2023,3,294,Entity_0294,1.0,L2-ALL,-4027.32
2023,4,294,Entity_0294,1.0,L2-ALL,-12616.02
2023,5,294,Entity_0294,1.0,L2-ALL,4046.35
2023,6,294,Entity_0294,1.0,L2-ALL,-4323.57
2023,7,294,Entity_0294,1.0,L2-ALL,-4261.4
2023,8,294,Entity_0294,1.0,L2-ALL,-2890.23
2023,9,294,Entity_0294,1.0,L2-ALL,-6308.01
2023,10,294,Entity_0294,1.0,L2-ALL,-2299.89
2023,11,294,Entity_0294,1.0,L2-ALL,-4342.45
2023,12,294,Entity_0294,1.0,L2-ALL,8658.99
2023,1,295,Entity_0295,1.0,L2-ALL,-35145.37
2023,2,295,Entity_0295,1.0,L2-ALL,-37852.68
2023,3,295,Entity_0295,1.0,L2-ALL,-88943.44
2023,4,295,Entity_0295,1.0,L2-ALL,14357.25
2023,5,295,Entity_0295,1.0,L2-ALL,-37116.49
2023,6,295,Entity_0295,1.0,L2-ALL,-97610.29
2023,7,295,Entity_0295,1.0,L2-ALL,21652.9
2023,8,295,Entity_0295,1.0,L2-ALL,-57390.76
2023,9,295,Entity_0295,1.0,L2-ALL,-79109.34
2023,10,295,Entity_0295,1.0,L2-ALL,14329.8
2023,11,295,Entity_0295,1.0,L2-ALL,-41027.02
2023,12,295,Entity_0295,1.0,L2-ALL,98412.05
2023,11,298,Entity_0298,1.0,L2-ALL,-22916.67
2023,1,306,Entity_0306,1.0,L2-ALL,-13118.16
2023,2,306,Entity_0306,1.0,L2-ALL,-13144.16
2023,3,306,Entity_0306,1.0,L2-ALL,-13158.16
2023,4,306,Entity_0306,1.0,L2-ALL,-13172.16
2023,5,306,Entity_0306,1.0,L2-ALL,-13187.16
2023,6,306,Entity_0306,1.0,L2-ALL,-13201.16
2023,7,306,Entity_0306,1.0,L2-ALL,-8501.92
2023,8,306,Entity_0306,1.0,L2-ALL,-13231.16
2023,9,306,Entity_0306,1.0,L2-ALL,-13246.16
2023,10,306,Entity_0306,1.0,L2-ALL,-13261.16
2023,11,306,Entity_0306,1.0,L2-ALL,-13275.16
2023,12,306,Entity_0306,1.0,L2-ALL,-13291.16
2023,1,307,Entity_0307,1.0,L2-ALL,27445.56
2023,2,307,Entity_0307,1.0,L2-ALL,25123.91
2023,3,307,Entity_0307,1.0,L2-ALL,-55958.98
2023,4,307,Entity_0307,1.0,L2-ALL,-38277.87
2023,5,307,Entity_0307,1.0,L2-ALL,5089.11
2023,6,307,Entity_0307,1.0,L2-ALL,-17535.86
2023,7,307,Entity_0307,1.0,L2-ALL,-14065.87
2023,8,307,Entity_0307,1.0,L2-ALL,18502.21
2023,9,307,Entity_0307,1.0,L2-ALL,-88275.26
2023,10,307,Entity_0307,1.0,L2-ALL,10255.88
2023,11,307,Entity_0307,1.0,L2-ALL,-19128.83
2023,12,307,Entity_0307,1.0,L2-ALL,37188.41
2023,1,309,Entity_0309,1.0,L2-ALL,-7217.34
2023,2,309,Entity_0309,1.0,L2-ALL,-10845.93
2023,3,309,Entity_0309,1.0,L2-ALL,-11147.81
2023,4,309,Entity_0309,1.0,L2-ALL,-10072.37
2023,5,309,Entity_0309,1.0,L2-ALL,-8887.86
2023,6,309,Entity_0309,1.0,L2-ALL,-10555.69
2023,7,309,Entity_0309,1.0,L2-ALL,-7682.67
2023,8,309,Entity_0309,1.0,L2-ALL,-10893.44
2023,9,309,Entity_0309,1.0,L2-ALL,-10622.61
2023,10,309,Entity_0309,1.0,L2-ALL,-10644.83
2023,11,309,Entity_0309,1.0,L2-ALL,-10881.51
2023,12,309,Entity_0309,1.0,L2-ALL,154344.14
2023,1,311,Entity_0311,1.0,L2-ALL,-7022.41
2023,2,311,Entity_0311,1.0,L2-ALL,-7681.12
2023,3,311,Entity_0311,1.0,L2-ALL,-12150.52
2023,4,311,Entity_0311,1.0,L2-ALL,-11073.51
2023,5,311,Entity_0311,1.0,L2-ALL,-8884.68
2023,6,311,Entity_0311,1.0,L2-ALL,-10577.17
2023,7,311,Entity_0311,1.0,L2-ALL,-8495.76
2023,8,311,Entity_0311,1.0,L2-ALL,-7374.33
2023,9,311,Entity_0311,1.0,L2-ALL,-8046.01
2023,10,311,Entity_0311,1.0,L2-ALL,-11252.11
2023,11,311,Entity_0311,1.0,L2-ALL,-10188.8
2023,12,311,Entity_0311,1.0,L2-ALL,-9768.84
2023,1,315,Entity_0315,1.0,L2-ALL,-4365.35
2023,2,315,Entity_0315,1.0,L2-ALL,-2376.9
2023,3,315,Entity_0315,1.0,L2-ALL,-4128.56
2023,4,315,Entity_0315,1.0,L2-ALL,-6790.2
2023,5,315,Entity_0315,1.0,L2-ALL,-5822.84
2023,6,315,Entity_0315,1.0,L2-ALL,-5899.87
2023,7,315,Entity_0315,1.0,L2-ALL,-3456.0
2023,8,315,Entity_0315,1.0,L2-ALL,-10514.5
2023,9,315,Entity_0315,1.0,L2-ALL,-7920.08
2023,10,315,Entity_0315,1.0,L2-ALL,-9717.22
2023,11,315,Entity_0315,1.0,L2-ALL,-8845.18
2023,12,315,Entity_0315,1.0,L2-ALL,48092.3
2023,1,316,Entity_0316,1.0,L2-ALL,-35263.85
2023,2,316,Entity_0316,1.0,L2-ALL,-4678.21
2023,3,316,Entity_0316,1.0,L2-ALL,-6020.0
2023,4,316,Entity_0316,1.0,L2-ALL,-5676.01
2023,5,316,Entity_0316,1.0,L2-ALL,10739.22
2023,6,316,Entity_0316,1.0,L2-ALL,-5924.11
2023,7,316,Entity_0316,1.0,L2-ALL,18773.34
2023,8,316,Entity_0316,1.0,L2-ALL,-4501.13
2023,9,316,Entity_0316,1.0,L2-ALL,-5272.62
2023,10,316,Entity_0316,1.0,L2-ALL,-5182.14
2023,11,316,Entity_0316,1.0,L2-ALL,-5009.91
2023,12,316,Entity_0316,1.0,L2-ALL,46231.93
2023,1,318,Entity_0318,1.0,L2-ALL,-4826.93
2023,2,318,Entity_0318,1.0,L2-ALL,-3244.99
2023,3,318,Entity_0318,1.0,L2-ALL,-3997.22
2023,4,318,Entity_0318,1.0,L2-ALL,-1863.75
2023,5,318,Entity_0318,1.0,L2-ALL,-5704.42
2023,6,318,Entity_0318,1.0,L2-ALL,-5461.74
2023,7,318,Entity_0318,1.0,L2-ALL,-5312.52
2023,8,318,Entity_0318,1.0,L2-ALL,-19713.09
2023,9,318,Entity_0318,1.0,L2-ALL,9538.26
2023,10,318,Entity_0318,1.0,L2-ALL,-5769.42
2023,11,318,Entity_0318,1.0,L2-ALL,-5461.74
2023,12,318,Entity_0318,1.0,L2-ALL,16444.58
2023,1,319,Entity_0319,1.0,L2-ALL,-7793.63
2023,2,319,Entity_0319,1.0,L2-ALL,-6568.35
2023,3,319,Entity_0319,1.0,L2-ALL,-6162.57
2023,4,319,Entity_0319,1.0,L2-ALL,-6998.21
2023,5,319,Entity_0319,1.0,L2-ALL,-5320.24
2023,6,319,Entity_0319,1.0,L2-ALL,-5510.7
2023,7,319,Entity_0319,1.0,L2-ALL,-729.22
2023,8,319,Entity_0319,1.0,L2-ALL,-5227.17
2023,9,319,Entity_0319,1.0,L2-ALL,-4298.02
2023,10,319,Entity_0319,1.0,L2-ALL,-4273.49
2023,11,319,Entity_0319,1.0,L2-ALL,-4936.76
2023,12,319,Entity_0319,1.0,L2-ALL,-4343.41
2023,1,320,Entity_0320,1.0,L2-ALL,-10292.3
2023,2,320,Entity_0320,1.0,L2-ALL,-10306.12
2023,3,320,Entity_0320,1.0,L2-ALL,-10799.3
2023,4,320,Entity_0320,1.0,L2-ALL,-10328.5
2023,5,320,Entity_0320,1.0,L2-ALL,-21401.72
2023,6,320,Entity_0320,1.0,L2-ALL,-22369.2
2023,7,320,Entity_0320,1.0,L2-ALL,-142.59
2023,8,320,Entity_0320,1.0,L2-ALL,-3752.03
2023,9,320,Entity_0320,1.0,L2-ALL,-3581.15
2023,10,320,Entity_0320,1.0,L2-ALL,-3985.86
2023,11,320,Entity_0320,1.0,L2-ALL,-3627.23
2023,12,320,Entity_0320,1.0,L2-ALL,-4026.56
2023,1,323,Entity_0323,1.0,L2-ALL,-3493.38
2023,2,323,Entity_0323,1.0,L2-ALL,-3066.97
2023,3,323,Entity_0323,1.0,L2-ALL,-7228.97
2023,4,323,Entity_0323,1.0,L2-ALL,-6641.7
2023,5,323,Entity_0323,1.0,L2-ALL,-7222.8
2023,6,323,Entity_0323,1.0,L2-ALL,-24544.78
2023,7,323,Entity_0323,1.0,L2-ALL,11489.43
2023,8,323,Entity_0323,1.0,L2-ALL,-4692.7
2023,9,323,Entity_0323,1.0,L2-ALL,-6491.7
2023,10,323,Entity_0323,1.0,L2-ALL,-7222.8
2023,11,323,Entity_0323,1.0,L2-ALL,-6641.7
2023,12,323,Entity_0323,1.0,L2-ALL,59417.2
2023,1,324,Entity_0324,1.0,L2-ALL,-2849.53
2023,2,324,Entity_0324,1.0,L2-ALL,-7227.18
2023,3,324,Entity_0324,1.0,L2-ALL,-10468.58
2023,4,324,Entity_0324,1.0,L2-ALL,-2931.46
2023,5,324,Entity_0324,1.0,L2-ALL,-7385.61
2023,6,324,Entity_0324,1.0,L2-ALL,-11298.3
2023,7,324,Entity_0324,1.0,L2-ALL,-2968.37
2023,8,324,Entity_0324,1.0,L2-ALL,-5781.56
2023,9,324,Entity_0324,1.0,L2-ALL,-11477.36
2023,10,324,Entity_0324,1.0,L2-ALL,-168.81
2023,11,324,Entity_0324,1.0,L2-ALL,-5178.16
2023,12,324,Entity_0324,1.0,L2-ALL,16698.17
2023,1,329,Entity_0329,1.0,L2-ALL,-178891.34
2023,2,329,Entity_0329,1.0,L2-ALL,-71465.52
2023,3,329,Entity_0329,1.0,L2-ALL,-86049.73
2023,4,329,Entity_0329,1.0,L2-ALL,-83830.06
2023,5,329,Entity_0329,1.0,L2-ALL,-2157.68
2023,6,329,Entity_0329,1.0,L2-ALL,-166013.21
2023,7,329,Entity_0329,1.0,L2-ALL,-84107.74
2023,8,329,Entity_0329,1.0,L2-ALL,-65091.74
2023,9,329,Entity_0329,1.0,L2-ALL,-30977.62
2023,10,329,Entity_0329,1.0,L2-ALL,-81674.71
2023,11,329,Entity_0329,1.0,L2-ALL,-68346.62
2023,12,329,Entity_0329,1.0,L2-ALL,269268.19
2023,1,334,Entity_0334,3.0,L2B,-35000.03
2023,2,334,Entity_0334,3.0,L2B,-35625.3
2023,3,334,Entity_0334,3.0,L2B,-51234.79
2023,4,334,Entity_0334,3.0,L2B,-34023.87
2023,5,334,Entity_0334,3.0,L2B,-12307.52
2023,6,334,Entity_0334,3.0,L2B,-71390.92
2023,7,334,Entity_0334,3.0,L2B,6162.11
2023,8,334,Entity_0334,3.0,L2B,-58006.6
2023,9,334,Entity_0334,3.0,L2B,-242211.94
2023,10,334,Entity_0334,3.0,L2B,281364.65
2023,11,334,Entity_0334,3.0,L2B,-33525.75
2023,12,334,Entity_0334,3.0,L2B,-1572.73
2023,1,338,ADMIN_ENTITY_0338,1.0,L2-ALL,-14384.44
2023,1,338,ADMIN_ENTITY_0338,3.0,L2B,-16672.06
2023,2,338,ADMIN_ENTITY_0338,1.0,L2-ALL,-10131.24
2023,2,338,ADMIN_ENTITY_0338,3.0,L2B,-31265.71
2023,3,338,ADMIN_ENTITY_0338,1.0,L2-ALL,-30664.85
2023,3,338,ADMIN_ENTITY_0338,3.0,L2B,-31340.66
2023,4,338,ADMIN_ENTITY_0338,1.0,L2-ALL,-3125.59
2023,4,338,ADMIN_ENTITY_0338,3.0,L2B,-31345.66
2023,5,338,ADMIN_ENTITY_0338,1.0,L2-ALL,-10135.08
2023,5,338,ADMIN_ENTITY_0338,3.0,L2B,-32667.96
2023,6,338,ADMIN_ENTITY_0338,1.0,L2-ALL,-22081.92
2023,6,338,ADMIN_ENTITY_0338,3.0,L2B,-33127.9
2023,7,338,ADMIN_ENTITY_0338,1.0,L2-ALL,-14505.45
2023,7,338,ADMIN_ENTITY_0338,3.0,L2B,-33130.76
2023,8,338,ADMIN_ENTITY_0338,1.0,L2-ALL,-13911.37
2023,8,338,ADMIN_ENTITY_0338,3.0,L2B,-45354.86
2023,9,338,ADMIN_ENTITY_0338,1.0,L2-ALL,-15220.82
2023,9,338,ADMIN_ENTITY_0338,3.0,L2B,-49357.7
2023,10,338,ADMIN_ENTITY_0338,1.0,L2-ALL,-27346.28
2023,10,338,ADMIN_ENTITY_0338,3.0,L2B,-48402.08
2023,11,338,ADMIN_ENTITY_0338,1.0,L2-ALL,-14853.39
2023,11,338,ADMIN_ENTITY_0338,3.0,L2B,-48113.03
2023,12,338,ADMIN_ENTITY_0338,1.0,L2-ALL,-15236.96
2023,12,338,ADMIN_ENTITY_0338,3.0,L2B,-45356.97
2023,1,343,Entity_0343,1.0,L2-ALL,-22005.18
2023,2,343,Entity_0343,1.0,L2-ALL,-22323.1
2023,3,343,Entity_0343,1.0,L2-ALL,-14352.66
2023,4,343,Entity_0343,1.0,L2-ALL,-22023.1
2023,5,343,Entity_0343,1.0,L2-ALL,-20330.49
2023,6,343,Entity_0343,1.0,L2-ALL,-18337.88
2023,7,343,Entity_0343,1.0,L2-ALL,-17652.76
2023,8,343,Entity_0343,1.0,L2-ALL,-20330.49
2023,9,343,Entity_0343,1.0,L2-ALL,-20330.49
2023,10,343,Entity_0343,1.0,L2-ALL,-19853.49
2023,11,343,Entity_0343,1.0,L2-ALL,-22323.1
2023,12,343,Entity_0343,1.0,L2-ALL,-20055.49
2023,1,349,Entity_0349,1.0,L2-ALL,-6842.76
2023,2,349,Entity_0349,1.0,L2-ALL,-2956.86
2023,3,349,Entity_0349,1.0,L2-ALL,-8557.4
2023,4,349,Entity_0349,1.0,L2-ALL,-13503.69
2023,5,349,Entity_0349,1.0,L2-ALL,-9979.78
2023,6,349,Entity_0349,1.0,L2-ALL,-9645.18
2023,7,349,Entity_0349,1.0,L2-ALL,-7885.76
2023,8,349,Entity_0349,1.0,L2-ALL,-9195.17
2023,9,349,Entity_0349,1.0,L2-ALL,-9645.17
2023,10,349,Entity_0349,1.0,L2-ALL,-9979.79
2023,11,349,Entity_0349,1.0,L2-ALL,-9645.17
2023,12,349,Entity_0349,1.0,L2-ALL,23757.22
2023,1,353,Entity_0353,3.0,L2B,4116.56
2023,2,353,Entity_0353,3.0,L2B,-511.83
2023,3,353,Entity_0353,3.0,L2B,1978.31
2023,4,353,Entity_0353,3.0,L2B,-654.34
2023,5,353,Entity_0353,3.0,L2B,1254.82
2023,6,353,Entity_0353,3.0,L2B,-283.25
2023,7,353,Entity_0353,3.0,L2B,8882.11
2023,8,353,Entity_0353,3.0,L2B,985.82
2023,9,353,Entity_0353,3.0,L2B,-1087.68
2023,10,353,Entity_0353,3.0,L2B,1098.39
2023,11,353,Entity_0353,3.0,L2B,711.37
2023,12,353,Entity_0353,3.0,L2B,-754.11
2023,1,354,Entity_0354,4.0,LJL,15474.48
2023,2,354,Entity_0354,4.0,LJL,27031.55
2023,3,354,Entity_0354,4.0,LJL,9068.43
2023,4,354,Entity_0354,4.0,LJL,11635.03
2023,5,354,Entity_0354,4.0,LJL,20020.13
2023,6,354,Entity_0354,4.0,LJL,25477.93
2023,7,354,Entity_0354,4.0,LJL,20891.28
2023,8,354,Entity_0354,4.0,LJL,15336.89
2023,9,354,Entity_0354,4.0,LJL,9304.76
2023,10,354,Entity_0354,4.0,LJL,18308.85
2023,11,354,Entity_0354,4.0,LJL,9111.46
2023,12,354,Entity_0354,4.0,LJL,11526.68
2023,1,355,Entity_0355,3.0,L2B,8349.74
2023,2,355,Entity_0355,3.0,L2B,6517.91
2023,3,355,Entity_0355,3.0,L2B,4376.12
2023,4,355,Entity_0355,3.0,L2B,-430.94
2023,5,355,Entity_0355,3.0,L2B,2930.01
2023,6,355,Entity_0355,3.0,L2B,-1.4
2023,7,355,Entity_0355,3.0,L2B,12209.83
2023,8,355,Entity_0355,3.0,L2B,2558.22
2023,9,355,Entity_0355,3.0,L2B,-1095.7
2023,10,355,Entity_0355,3.0,L2B,2763.37
2023,11,355,Entity_0355,3.0,L2B,1844.19
2023,12,355,Entity_0355,3.0,L2B,-612.76
2023,1,357,Entity_0357,3.0,L2B,5341.93
2023,2,357,Entity_0357,3.0,L2B,1512.89
2023,3,357,Entity_0357,3.0,L2B,-1565.5
2023,4,357,Entity_0357,3.0,L2B,-1985.61
2023,5,357,Entity_0357,3.0,L2B,-142.14
2023,6,357,Entity_0357,3.0,L2B,-7286.97
2023,7,357,Entity_0357,3.0,L2B,35216.11
2023,8,357,Entity_0357,3.0,L2B,-3252.78
2023,9,357,Entity_0357,3.0,L2B,-3142.38
2023,10,357,Entity_0357,3.0,L2B,984.83
2023,11,357,Entity_0357,3.0,L2B,25585.14
2023,12,357,Entity_0357,3.0,L2B,-6251.73
2023,1,360,Entity_0360,3.0,L2B,-889.77
2023,2,360,Entity_0360,3.0,L2B,-5125.74
2023,3,360,Entity_0360,3.0,L2B,-2873.63
2023,4,360,Entity_0360,3.0,L2B,-5259.15
2023,5,360,Entity_0360,3.0,L2B,-3591.28
2023,6,360,Entity_0360,3.0,L2B,-4894.86
2023,7,360,Entity_0360,3.0,L2B,8298.91
2023,8,360,Entity_0360,3.0,L2B,-3775.77
2023,9,360,Entity_0360,3.0,L2B,-5651.07
2023,10,360,Entity_0360,3.0,L2B,-3673.97
2023,11,360,Entity_0360,3.0,L2B,-4119.14
2023,12,360,Entity_0360,3.0,L2B,-5229.37
2023,1,361,Entity_0361,3.0,L2B,-927.6
2023,2,361,Entity_0361,3.0,L2B,-5304.57
2023,3,361,Entity_0361,3.0,L2B,-2976.6
2023,4,361,Entity_0361,3.0,L2B,-5442.48
2023,5,361,Entity_0361,3.0,L2B,-3718.41
2023,6,361,Entity_0361,3.0,L2B,-5076.03
2023,7,361,Entity_0361,3.0,L2B,8321.06
2023,8,361,Entity_0361,3.0,L2B,-3909.13
2023,9,361,Entity_0361,3.0,L2B,-5847.6
2023,10,361,Entity_0361,3.0,L2B,-3803.89
2023,11,361,Entity_0361,3.0,L2B,-4268.77
2023,12,361,Entity_0361,3.0,L2B,-5415.74
2023,1,362,Entity_0362,3.0,L2B,-2785.76
2023,2,362,Entity_0362,3.0,L2B,-6472.35
2023,3,362,Entity_0362,3.0,L2B,-4525.82
2023,4,362,Entity_0362,3.0,L2B,-6598.25
2023,5,362,Entity_0362,3.0,L2B,-5149.27
2023,6,362,Entity_0362,3.0,L2B,-6242.41
2023,7,362,Entity_0362,3.0,L2B,6451.35
2023,8,362,Entity_0362,3.0,L2B,-40472.8
2023,9,362,Entity_0362,3.0,L2B,-6938.74
2023,10,362,Entity_0362,3.0,L2B,-5221.12
2023,11,362,Entity_0362,3.0,L2B,-5589.49
2023,12,362,Entity_0362,3.0,L2B,-6556.67
2023,1,363,Entity_0363,3.0,L2B,-458.06
2023,2,363,Entity_0363,3.0,L2B,-2875.74
2023,3,363,Entity_0363,3.0,L2B,-1601.89
2023,4,363,Entity_0363,3.0,L2B,-2951.2
2023,5,363,Entity_0363,3.0,L2B,-2007.81
2023,6,363,Entity_0363,3.0,L2B,-2614.84
2023,7,363,Entity_0363,3.0,L2B,8596.18
2023,8,363,Entity_0363,3.0,L2B,-2112.17
2023,9,363,Entity_0363,3.0,L2B,-3172.88
2023,10,363,Entity_0363,3.0,L2B,-2054.58
2023,11,363,Entity_0363,3.0,L2B,-2245.56
2023,12,363,Entity_0363,3.0,L2B,-2882.24
2023,1,364,Entity_0364,1.0,L2-ALL,-2013.72
2023,2,364,Entity_0364,1.0,L2-ALL,184.47
2023,3,364,Entity_0364,1.0,L2-ALL,-2923.34
2023,4,364,Entity_0364,1.0,L2-ALL,-5531.68
2023,5,364,Entity_0364,1.0,L2-ALL,-3788.26
2023,6,364,Entity_0364,1.0,L2-ALL,-3598.98
2023,7,364,Entity_0364,1.0,L2-ALL,-3788.27
2023,8,364,Entity_0364,1.0,L2-ALL,-3198.98
2023,9,364,Entity_0364,1.0,L2-ALL,-3598.98
2023,10,364,Entity_0364,1.0,L2-ALL,-3435.19
2023,11,364,Entity_0364,1.0,L2-ALL,-3598.98
2023,12,364,Entity_0364,1.0,L2-ALL,15998.73
2023,1,369,Entity_0369,1.0,L2-ALL,-1587.99
2023,2,369,Entity_0369,1.0,L2-ALL,182.93
2023,3,369,Entity_0369,1.0,L2-ALL,-2906.43
2023,4,369,Entity_0369,1.0,L2-ALL,-2436.43
2023,5,369,Entity_0369,1.0,L2-ALL,-2414.52
2023,6,369,Entity_0369,1.0,L2-ALL,-2436.73
2023,7,369,Entity_0369,1.0,L2-ALL,-1577.75
2023,8,369,Entity_0369,1.0,L2-ALL,-1061.94
2023,9,369,Entity_0369,1.0,L2-ALL,-2287.06
2023,10,369,Entity_0369,1.0,L2-ALL,-2640.08
2023,11,369,Entity_0369,1.0,L2-ALL,-2407.09
2023,12,369,Entity_0369,1.0,L2-ALL,-1294.07
2023,1,370,Entity_0370,3.0,L2B,-14018.34
2023,2,370,Entity_0370,3.0,L2B,-47802.82
2023,3,370,Entity_0370,3.0,L2B,-33440.27
2023,4,370,Entity_0370,3.0,L2B,-47055.46
2023,5,370,Entity_0370,3.0,L2B,-387365.61
2023,6,370,Entity_0370,3.0,L2B,-38342.86
2023,7,370,Entity_0370,3.0,L2B,3941.15
2023,8,370,Entity_0370,3.0,L2B,-30303.94
2023,9,370,Entity_0370,3.0,L2B,-53844.41
2023,10,370,Entity_0370,3.0,L2B,-8706.05
2023,11,370,Entity_0370,3.0,L2B,-18167.61
2023,12,370,Entity_0370,3.0,L2B,875158.36
2023,1,371,Entity_0371,1.0,L2-ALL,-13750.0
2023,2,371,Entity_0371,1.0,L2-ALL,-13750.0
2023,3,371,Entity_0371,1.0,L2-ALL,-13475.0
2023,4,371,Entity_0371,1.0,L2-ALL,-13475.0
2023,5,371,Entity_0371,1.0,L2-ALL,-13475.0
2023,6,371,Entity_0371,1.0,L2-ALL,-13475.0
2023,7,371,Entity_0371,1.0,L2-ALL,-10797.26
2023,8,371,Entity_0371,1.0,L2-ALL,-13475.0
2023,9,371,Entity_0371,1.0,L2-ALL,-13475.0
2023,10,371,Entity_0371,1.0,L2-ALL,-13750.0
2023,11,371,Entity_0371,1.0,L2-ALL,-13475.0
2023,12,371,Entity_0371,1.0,L2-ALL,-13475.0
2023,1,372,Entity_0372,1.0,L2-ALL,-478443.94
2023,2,372,Entity_0372,1.0,L2-ALL,-23273.59
2023,3,372,Entity_0372,1.0,L2-ALL,-22840.26
2023,4,372,Entity_0372,1.0,L2-ALL,-22840.26
2023,5,372,Entity_0372,1.0,L2-ALL,-20316.42
2023,6,372,Entity_0372,1.0,L2-ALL,-22209.3
2023,7,372,Entity_0372,1.0,L2-ALL,-19531.56
2023,8,372,Entity_0372,1.0,L2-ALL,-22209.3
2023,9,372,Entity_0372,1.0,L2-ALL,-22209.3
2023,10,372,Entity_0372,1.0,L2-ALL,-22642.63
2023,11,372,Entity_0372,1.0,L2-ALL,-22209.3
2023,12,372,Entity_0372,1.0,L2-ALL,-22209.3
2023,7,374,Entity_0374,1.0,L2-ALL,-1620629.78
2023,7,374,Entity_0374,3.0,L2B,-507864.1
2023,7,374,Entity_0374,5.0,3RD,-3875.39
2023,1,375,Entity_0375,1.0,L2-ALL,-13889.15
2023,2,375,Entity_0375,1.0,L2-ALL,-4123.37
2023,3,375,Entity_0375,1.0,L2-ALL,-4237.02
2023,4,375,Entity_0375,1.0,L2-ALL,-4456.55
2023,5,375,Entity_0375,1.0,L2-ALL,-4459.42
2023,6,375,Entity_0375,1.0,L2-ALL,-4298.94
2023,7,375,Entity_0375,1.0,L2-ALL,-1153.27
2023,8,375,Entity_0375,1.0,L2-ALL,-3977.84
2023,9,375,Entity_0375,1.0,L2-ALL,-4631.43
2023,10,375,Entity_0375,1.0,L2-ALL,-4471.87
2023,11,375,Entity_0375,1.0,L2-ALL,-4148.92
2023,12,375,Entity_0375,1.0,L2-ALL,-4639.27
2023,1,376,Entity_0376,1.0,L2-ALL,-7147.91
2023,2,376,Entity_0376,1.0,L2-ALL,-5362.85
2023,3,376,Entity_0376,1.0,L2-ALL,-22241.31
2023,4,376,Entity_0376,1.0,L2-ALL,6356.96
2023,5,376,Entity_0376,1.0,L2-ALL,-7751.66
2023,6,376,Entity_0376,1.0,L2-ALL,-8181.12
2023,7,376,Entity_0376,1.0,L2-ALL,-5251.01
2023,8,376,Entity_0376,1.0,L2-ALL,-7103.86
2023,9,376,Entity_0376,1.0,L2-ALL,-8060.26
2023,10,376,Entity_0376,1.0,L2-ALL,-7494.58
2023,11,376,Entity_0376,1.0,L2-ALL,-8067.16
2023,12,376,Entity_0376,1.0,L2-ALL,43096.6
2023,1,378,Entity_0378,3.0,L2B,-3031.6
2023,2,378,Entity_0378,3.0,L2B,-664.81
2023,3,378,Entity_0378,3.0,L2B,14593.02
2023,4,378,Entity_0378,3.0,L2B,-39235.83
2023,5,378,Entity_0378,3.0,L2B,-4667.42
2023,6,378,Entity_0378,3.0,L2B,-11160.77
2023,7,378,Entity_0378,3.0,L2B,-10114.5
2023,8,378,Entity_0378,3.0,L2B,-6074.07
2023,9,378,Entity_0378,3.0,L2B,-3297.02
2023,10,378,Entity_0378,3.0,L2B,-9307.51
2023,11,378,Entity_0378,3.0,L2B,-5626.38
2023,12,378,Entity_0378,3.0,L2B,107870.84
2023,1,381,Entity_0381,3.0,L2B,6793.66
2023,2,381,Entity_0381,3.0,L2B,-38885.27
2023,3,381,Entity_0381,3.0,L2B,789.57
2023,4,381,Entity_0381,3.0,L2B,-1478.59
2023,5,381,Entity_0381,3.0,L2B,-15957.3
2023,6,381,Entity_0381,3.0,L2B,-1773.49
2023,7,381,Entity_0381,3.0,L2B,8854.27
2023,8,381,Entity_0381,3.0,L2B,-4189.79
2023,9,381,Entity_0381,3.0,L2B,-9721.61
2023,10,381,Entity_0381,3.0,L2B,941.56
2023,11,381,Entity_0381,3.0,L2B,1147.62
2023,12,381,Entity_0381,3.0,L2B,102556.85
2023,1,383,Entity_0383,1.0,L2-ALL,-122239.44
2023,2,383,Entity_0383,1.0,L2-ALL,-47852.14
2023,3,383,Entity_0383,1.0,L2-ALL,-53986.86
2023,4,383,Entity_0383,1.0,L2-ALL,-70706.06
2023,5,383,Entity_0383,1.0,L2-ALL,2555.41
2023,6,383,Entity_0383,1.0,L2-ALL,-108531.91
2023,7,383,Entity_0383,1.0,L2-ALL,-54014.07
2023,8,383,Entity_0383,1.0,L2-ALL,-55209.02
2023,9,383,Entity_0383,1.0,L2-ALL,-7321.89
2023,10,383,Entity_0383,1.0,L2-ALL,-114401.55
2023,11,383,Entity_0383,1.0,L2-ALL,981.84
2023,12,383,Entity_0383,1.0,L2-ALL,118740.54
2023,1,385,Entity_0385,3.0,L2B,9046.72
2023,2,385,Entity_0385,3.0,L2B,-3073.99
2023,3,385,Entity_0385,3.0,L2B,2962.9
2023,4,385,Entity_0385,3.0,L2B,-3309.11
2023,5,385,Entity_0385,3.0,L2B,1039.22
2023,6,385,Entity_0385,3.0,L2B,-2899.28
2023,7,385,Entity_0385,3.0,L2B,9692.72
2023,8,385,Entity_0385,3.0,L2B,544.67
2023,9,385,Entity_0385,3.0,L2B,-4482.18
2023,10,385,Entity_0385,3.0,L2B,-1132449.27
2023,11,385,Entity_0385,3.0,L2B,-751.02
2023,12,385,Entity_0385,3.0,L2B,-3673.46
2023,1,388,Entity_0388,1.0,L2-ALL,-1695.78
2023,2,388,Entity_0388,1.0,L2-ALL,-5537.29
2023,3,388,Entity_0388,1.0,L2-ALL,-7004.15
2023,4,388,Entity_0388,1.0,L2-ALL,-5539.74
2023,5,388,Entity_0388,1.0,L2-ALL,-2895.62
2023,6,388,Entity_0388,1.0,L2-ALL,-6890.69
2023,7,388,Entity_0388,1.0,L2-ALL,-6490.5
2023,8,388,Entity_0388,1.0,L2-ALL,-7046.61
2023,9,388,Entity_0388,1.0,L2-ALL,-6584.95
2023,10,388,Entity_0388,1.0,L2-ALL,-14280.04
2023,11,388,Entity_0388,1.0,L2-ALL,-4800.11
2023,12,388,Entity_0388,1.0,L2-ALL,20028.44
2023,1,389,Entity_0389,1.0,L2-ALL,-2180.88
2023,2,389,Entity_0389,1.0,L2-ALL,-3856.89
2023,3,389,Entity_0389,1.0,L2-ALL,-6331.4
2023,4,389,Entity_0389,1.0,L2-ALL,-10953.27
2023,5,389,Entity_0389,1.0,L2-ALL,-5616.93
2023,6,389,Entity_0389,1.0,L2-ALL,-6140.01
2023,7,389,Entity_0389,1.0,L2-ALL,-5464.91
2023,8,389,Entity_0389,1.0,L2-ALL,-6403.04
2023,9,389,Entity_0389,1.0,L2-ALL,-5425.03
2023,10,389,Entity_0389,1.0,L2-ALL,-5461.19
2023,11,389,Entity_0389,1.0,L2-ALL,-6085.6
2023,12,389,Entity_0389,1.0,L2-ALL,23725.77
2023,1,390,Entity_0390,1.0,L2-ALL,-8117.54
2023,2,390,Entity_0390,1.0,L2-ALL,3426.89
2023,3,390,Entity_0390,1.0,L2-ALL,-9456.22
2023,4,390,Entity_0390,1.0,L2-ALL,-4909.44
2023,5,390,Entity_0390,1.0,L2-ALL,2839.21
2023,6,390,Entity_0390,1.0,L2-ALL,-9394.49
2023,7,390,Entity_0390,1.0,L2-ALL,-852.22
2023,8,390,Entity_0390,1.0,L2-ALL,-3441.83
2023,9,390,Entity_0390,1.0,L2-ALL,-3122.44
2023,10,390,Entity_0390,1.0,L2-ALL,2899.45
2023,11,390,Entity_0390,1.0,L2-ALL,-8107.32
2023,12,390,Entity_0390,1.0,L2-ALL,12353.89
2023,1,391,Entity_0391,1.0,L2-ALL,-4319.5
2023,2,391,Entity_0391,1.0,L2-ALL,-5995.51
2023,3,391,Entity_0391,1.0,L2-ALL,-8470.02
2023,4,391,Entity_0391,1.0,L2-ALL,-13091.89
2023,5,391,Entity_0391,1.0,L2-ALL,-7755.55
2023,6,391,Entity_0391,1.0,L2-ALL,-8278.63
2023,7,391,Entity_0391,1.0,L2-ALL,-3889.18
2023,8,391,Entity_0391,1.0,L2-ALL,-6521.01
2023,9,391,Entity_0391,1.0,L2-ALL,-7563.65
2023,10,391,Entity_0391,1.0,L2-ALL,-7599.81
2023,11,391,Entity_0391,1.0,L2-ALL,-8224.22
2023,12,391,Entity_0391,1.0,L2-ALL,19302.15
2023,1,392,Entity_0392,1.0,L2-ALL,-1544.61
2023,2,392,Entity_0392,1.0,L2-ALL,-2519.67
2023,3,392,Entity_0392,1.0,L2-ALL,-4356.42
2023,4,392,Entity_0392,1.0,L2-ALL,-7787.08
2023,5,392,Entity_0392,1.0,L2-ALL,-3826.09
2023,6,392,Entity_0392,1.0,L2-ALL,-4214.35
2023,7,392,Entity_0392,1.0,L2-ALL,-1967.93
2023,8,392,Entity_0392,1.0,L2-ALL,-4409.59
2023,9,392,Entity_0392,1.0,L2-ALL,-3683.65
2023,10,392,Entity_0392,1.0,L2-ALL,-3710.48
2023,11,392,Entity_0392,1.0,L2-ALL,-4173.97
2023,12,392,Entity_0392,1.0,L2-ALL,19123.41
2023,1,393,Entity_0393,1.0,L2-ALL,-4154.68
2023,2,393,Entity_0393,1.0,L2-ALL,-2903.65
2023,3,393,Entity_0393,1.0,L2-ALL,-6294.72
2023,4,393,Entity_0393,1.0,L2-ALL,-12628.51
2023,5,393,Entity_0393,1.0,L2-ALL,-5315.61
2023,6,393,Entity_0393,1.0,L2-ALL,-6032.43
2023,7,393,Entity_0393,1.0,L2-ALL,-3312.21
2023,8,393,Entity_0393,1.0,L2-ALL,-6392.88
2023,9,393,Entity_0393,1.0,L2-ALL,-5052.62
2023,10,393,Entity_0393,1.0,L2-ALL,-5102.17
2023,11,393,Entity_0393,1.0,L2-ALL,-5957.87
2023,12,393,Entity_0393,1.0,L2-ALL,33753.78
2023,1,395,Entity_0395,1.0,L2-ALL,-11738.06
2023,2,395,Entity_0395,1.0,L2-ALL,4901.82
2023,3,395,Entity_0395,1.0,L2-ALL,-13657.45
2023,4,395,Entity_0395,1.0,L2-ALL,-7087.81
2023,5,395,Entity_0395,1.0,L2-ALL,4086.95
2023,6,395,Entity_0395,1.0,L2-ALL,-13448.94
2023,7,395,Entity_0395,1.0,L2-ALL,-1866.36
2023,8,395,Entity_0395,1.0,L2-ALL,-4983.58
2023,9,395,Entity_0395,1.0,L2-ALL,-4531.3
2023,10,395,Entity_0395,1.0,L2-ALL,4158.98
2023,11,395,Entity_0395,1.0,L2-ALL,-13543.78
2023,12,395,Entity_0395,1.0,L2-ALL,15748.11
2023,1,396,Entity_0396,1.0,L2-ALL,1445.2
2023,2,396,Entity_0396,1.0,L2-ALL,1576.18
2023,3,396,Entity_0396,1.0,L2-ALL,4249.88
2023,4,396,Entity_0396,1.0,L2-ALL,-14988.49
2023,5,396,Entity_0396,1.0,L2-ALL,-4991.74
2023,6,396,Entity_0396,1.0,L2-ALL,-5971.64
2023,7,396,Entity_0396,1.0,L2-ALL,-3170.61
2023,8,396,Entity_0396,1.0,L2-ALL,-5089.33
2023,9,396,Entity_0396,1.0,L2-ALL,-4632.24
2023,10,396,Entity_0396,1.0,L2-ALL,-2694.94
2023,11,396,Entity_0396,1.0,L2-ALL,-5839.7
2023,12,396,Entity_0396,1.0,L2-ALL,23646.1
2023,1,397,Entity_0397,3.0,L2B,1302.9
2023,2,397,Entity_0397,3.0,L2B,-10129.2
2023,3,397,Entity_0397,3.0,L2B,-3978.58
2023,4,397,Entity_0397,3.0,L2B,-10365.24
2023,5,397,Entity_0397,3.0,L2B,-5693.5
2023,6,397,Entity_0397,3.0,L2B,-10017.99
2023,7,397,Entity_0397,3.0,L2B,2763.51
2023,8,397,Entity_0397,3.0,L2B,-6442.37
2023,9,397,Entity_0397,3.0,L2B,-11563.92
2023,10,397,Entity_0397,3.0,L2B,-6164.34
2023,11,397,Entity_0397,3.0,L2B,-7762.48
2023,12,397,Entity_0397,3.0,L2B,-10739.98
2023,1,398,Entity_0398,3.0,L2B,-12688.84
2023,2,398,Entity_0398,3.0,L2B,-15688.34
2023,3,398,Entity_0398,3.0,L2B,-25056.62
2023,4,398,Entity_0398,3.0,L2B,-19466.25
2023,5,398,Entity_0398,3.0,L2B,-18135.64
2023,6,398,Entity_0398,3.0,L2B,-19288.74
2023,7,398,Entity_0398,3.0,L2B,-6782.05
2023,8,398,Entity_0398,3.0,L2B,-18292.11
2023,9,398,Entity_0398,3.0,L2B,-18372.73
2023,10,398,Entity_0398,3.0,L2B,-19737.67
2023,11,398,Entity_0398,3.0,L2B,-19618.49
2023,12,398,Entity_0398,3.0,L2B,-19737.67
2023,1,399,Entity_0399,1.0,L2-ALL,-4934.11
2023,2,399,Entity_0399,1.0,L2-ALL,-5237.54
2023,3,399,Entity_0399,1.0,L2-ALL,-10030.81
2023,4,399,Entity_0399,1.0,L2-ALL,-9505.58
2023,5,399,Entity_0399,1.0,L2-ALL,-9171.59
2023,6,399,Entity_0399,1.0,L2-ALL,-8752.97
2023,7,399,Entity_0399,1.0,L2-ALL,-8402.32
2023,8,399,Entity_0399,1.0,L2-ALL,-8790.18
2023,9,399,Entity_0399,1.0,L2-ALL,-8643.72
2023,10,399,Entity_0399,1.0,L2-ALL,-9296.2
2023,11,399,Entity_0399,1.0,L2-ALL,-8450.73
2023,12,399,Entity_0399,1.0,L2-ALL,39458.18
2023,1,400,ADMIN_ENTITY_0400,1.0,L2-ALL,-5917.34
2023,1,400,ADMIN_ENTITY_0400,3.0,L2B,-2466.46
2023,2,400,ADMIN_ENTITY_0400,1.0,L2-ALL,-4517.84
2023,2,400,ADMIN_ENTITY_0400,3.0,L2B,-3858.68
2023,3,400,ADMIN_ENTITY_0400,1.0,L2-ALL,-7539.83
2023,3,400,ADMIN_ENTITY_0400,3.0,L2B,-3858.68
2023,4,400,ADMIN_ENTITY_0400,1.0,L2-ALL,-7742.83
2023,4,400,ADMIN_ENTITY_0400,3.0,L2B,-3858.68
2023,5,400,ADMIN_ENTITY_0400,1.0,L2-ALL,-9938.17
2023,5,400,ADMIN_ENTITY_0400,3.0,L2B,-3858.68
2023,6,400,ADMIN_ENTITY_0400,1.0,L2-ALL,-8105.49
2023,6,400,ADMIN_ENTITY_0400,3.0,L2B,-3858.68
2023,6,400,ADMIN_ENTITY_0400,5.0,3RD,-1496.25
2023,7,400,ADMIN_ENTITY_0400,1.0,L2-ALL,-8795.14
2023,7,400,ADMIN_ENTITY_0400,3.0,L2B,-3871.28
2023,8,400,ADMIN_ENTITY_0400,1.0,L2-ALL,-9790.23
2023,8,400,ADMIN_ENTITY_0400,3.0,L2B,-4728.41
2023,8,400,ADMIN_ENTITY_0400,5.0,3RD,-598.5
2023,9,400,ADMIN_ENTITY_0400,1.0,L2-ALL,-8110.93
2023,9,400,ADMIN_ENTITY_0400,3.0,L2B,-4728.41
2023,9,400,ADMIN_ENTITY_0400,5.0,3RD,-1197.0
2023,10,400,ADMIN_ENTITY_0400,1.0,L2-ALL,-7943.24
2023,10,400,ADMIN_ENTITY_0400,3.0,L2B,-4728.41
2023,11,400,ADMIN_ENTITY_0400,1.0,L2-ALL,-8527.61
2023,11,400,ADMIN_ENTITY_0400,3.0,L2B,-4728.41
2023,11,400,ADMIN_ENTITY_0400,5.0,3RD,-598.5
2023,12,400,ADMIN_ENTITY_0400,1.0,L2-ALL,-11245.84
2023,12,400,ADMIN_ENTITY_0400,3.0,L2B,-4728.41
2023,12,400,ADMIN_ENTITY_0400,5.0,3RD,-1197.0
2023,1,401,Entity_0401,1.0,L2-ALL,19051.37
2023,2,401,Entity_0401,1.0,L2-ALL,23816.43
2023,3,401,Entity_0401,1.0,L2-ALL,6652.57
2023,4,401,Entity_0401,1.0,L2-ALL,7450.12
2023,5,401,Entity_0401,1.0,L2-ALL,7173.02
2023,6,401,Entity_0401,1.0,L2-ALL,7603.87
2023,7,401,Entity_0401,1.0,L2-ALL,7075.52
2023,8,401,Entity_0401,1.0,L2-ALL,7506.38
2023,9,401,Entity_0401,1.0,L2-ALL,7381.37
2023,10,401,Entity_0401,1.0,L2-ALL,7075.52
2023,11,401,Entity_0401,1.0,L2-ALL,7311.37
2023,12,401,Entity_0401,1.0,L2-ALL,-11415.27
2023,1,403,Entity_0403,1.0,L2-ALL,-12477.25
2023,2,403,Entity_0403,1.0,L2-ALL,-3583.33
2023,3,403,Entity_0403,1.0,L2-ALL,-3333.33
2023,5,403,Entity_0403,1.0,L2-ALL,-3583.33
2023,6,403,Entity_0403,1.0,L2-ALL,-3333.33
2023,7,403,Entity_0403,1.0,L2-ALL,-7666.66
2023,8,403,Entity_0403,1.0,L2-ALL,-3583.33
2023,9,403,Entity_0403,1.0,L2-ALL,-3583.33
2023,10,403,Entity_0403,1.0,L2-ALL,-3583.33
2023,11,403,Entity_0403,1.0,L2-ALL,250.0
2023,12,403,Entity_0403,1.0,L2-ALL,-805.66
2023,1,404,Entity_0404,3.0,L2B,-33170.15
2023,2,404,Entity_0404,3.0,L2B,-5667.41
2023,3,404,Entity_0404,3.0,L2B,-24199.35
2023,4,404,Entity_0404,3.0,L2B,-19116.72
2023,5,404,Entity_0404,3.0,L2B,-28122.8
2023,6,404,Entity_0404,3.0,L2B,-41893.69
2023,7,404,Entity_0404,3.0,L2B,7716.9
2023,8,404,Entity_0404,3.0,L2B,168091.08
2023,9,404,Entity_0404,3.0,L2B,-32457.32
2023,10,404,Entity_0404,3.0,L2B,-21602.73
2023,11,404,Entity_0404,3.0,L2B,-31152.29
2023,12,404,Entity_0404,3.0,L2B,-167221.39
2023,1,406,Entity_0406,1.0,L2-ALL,-14400.8
2023,2,406,Entity_0406,1.0,L2-ALL,-39159.7
2023,3,406,Entity_0406,1.0,L2-ALL,23275.4
2023,4,406,Entity_0406,1.0,L2-ALL,21462.15
2023,5,406,Entity_0406,1.0,L2-ALL,-3860.65
2023,6,406,Entity_0406,1.0,L2-ALL,19482.8
2023,7,406,Entity_0406,1.0,L2-ALL,-10330.5
2023,8,406,Entity_0406,1.0,L2-ALL,-71971.83
2023,9,406,Entity_0406,1.0,L2-ALL,-10621.55
2023,10,406,Entity_0406,1.0,L2-ALL,-11660.06
2023,11,406,Entity_0406,1.0,L2-ALL,-11084.31
2023,12,406,Entity_0406,1.0,L2-ALL,-11047.8
2023,1,407,Entity_0407,3.0,L2B,-44761.17
2023,2,407,Entity_0407,3.0,L2B,-31436.53
2023,3,407,Entity_0407,3.0,L2B,-29774.24
2023,4,407,Entity_0407,3.0,L2B,-16371.02
2023,5,407,Entity_0407,3.0,L2B,-29284.64
2023,6,407,Entity_0407,3.0,L2B,-41719.67
2023,7,407,Entity_0407,3.0,L2B,24787.03
2023,8,407,Entity_0407,3.0,L2B,74198.44
2023,9,407,Entity_0407,3.0,L2B,-33360.03
2023,10,407,Entity_0407,3.0,L2B,-68141.51
2023,11,407,Entity_0407,3.0,L2B,-12433.05
2023,12,407,Entity_0407,3.0,L2B,-80168.22
2023,1,408,Entity_0408,1.0,L2-ALL,-5939.8
2023,3,408,Entity_0408,1.0,L2-ALL,-52985.66
2023,4,408,Entity_0408,1.0,L2-ALL,-26492.83
2023,5,408,Entity_0408,1.0,L2-ALL,-26492.83
2023,6,408,Entity_0408,1.0,L2-ALL,-26492.83
2023,7,408,Entity_0408,1.0,L2-ALL,-23815.09
2023,8,408,Entity_0408,1.0,L2-ALL,-26492.83
2023,9,408,Entity_0408,1.0,L2-ALL,-26492.83
2023,10,408,Entity_0408,1.0,L2-ALL,-26492.83
2023,11,408,Entity_0408,1.0,L2-ALL,-26492.83
2023,12,408,Entity_0408,1.0,L2-ALL,-26492.83
2023,1,409,Entity_0409,1.0,L2-ALL,-4395.61
2023,3,409,Entity_0409,1.0,L2-ALL,-41398.36
2023,4,409,Entity_0409,1.0,L2-ALL,-20699.18
2023,5,409,Entity_0409,1.0,L2-ALL,-20699.18
2023,6,409,Entity_0409,1.0,L2-ALL,-20699.18
2023,7,409,Entity_0409,1.0,L2-ALL,-18021.44
2023,8,409,Entity_0409,1.0,L2-ALL,-20699.18
2023,9,409,Entity_0409,1.0,L2-ALL,-20699.18
2023,10,409,Entity_0409,1.0,L2-ALL,-20699.18
2023,11,409,Entity_0409,1.0,L2-ALL,-20699.18
2023,12,409,Entity_0409,1.0,L2-ALL,-20699.18
2023,1,410,Entity_0410,1.0,L2-ALL,-8441.6
2023,2,410,Entity_0410,1.0,L2-ALL,-35879.27
2023,3,410,Entity_0410,1.0,L2-ALL,-35879.27
2023,4,410,Entity_0410,1.0,L2-ALL,-35879.27
2023,5,410,Entity_0410,1.0,L2-ALL,-35879.27
2023,6,410,Entity_0410,1.0,L2-ALL,-35879.27
2023,7,410,Entity_0410,1.0,L2-ALL,-33201.53
2023,8,410,Entity_0410,1.0,L2-ALL,-35879.27
2023,9,410,Entity_0410,1.0,L2-ALL,-35879.27
2023,10,410,Entity_0410,1.0,L2-ALL,-35879.27
2023,11,410,Entity_0410,1.0,L2-ALL,-35879.27
2023,12,410,Entity_0410,1.0,L2-ALL,-35879.27
2023,1,411,Entity_0411,1.0,L2-ALL,-7694.72
2023,2,411,Entity_0411,1.0,L2-ALL,-33077.1
2023,3,411,Entity_0411,1.0,L2-ALL,-33077.1
2023,4,411,Entity_0411,1.0,L2-ALL,-33077.1
2023,5,411,Entity_0411,1.0,L2-ALL,-33077.1
2023,6,411,Entity_0411,1.0,L2-ALL,-33077.1
2023,7,411,Entity_0411,1.0,L2-ALL,-30399.36
2023,8,411,Entity_0411,1.0,L2-ALL,-33077.1
2023,9,411,Entity_0411,1.0,L2-ALL,-33077.1
2023,10,411,Entity_0411,1.0,L2-ALL,-33077.1
2023,11,411,Entity_0411,1.0,L2-ALL,-33077.1
2023,12,411,Entity_0411,1.0,L2-ALL,-33077.1
2023,1,413,Entity_0413,1.0,L2-ALL,-2130.54
2023,2,413,Entity_0413,1.0,L2-ALL,-24401.66
2023,3,413,Entity_0413,1.0,L2-ALL,-12200.83
2023,4,413,Entity_0413,1.0,L2-ALL,-12200.83
2023,5,413,Entity_0413,1.0,L2-ALL,-12200.83
2023,6,413,Entity_0413,1.0,L2-ALL,-12200.83
2023,7,413,Entity_0413,1.0,L2-ALL,-9523.09
2023,8,413,Entity_0413,1.0,L2-ALL,-12200.83
2023,9,413,Entity_0413,1.0,L2-ALL,-12200.83
2023,10,413,Entity_0413,1.0,L2-ALL,-12200.83
2023,11,413,Entity_0413,1.0,L2-ALL,-12200.83
2023,12,413,Entity_0413,1.0,L2-ALL,-12200.83
2023,4,414,Entity_0414,1.0,L2-ALL,188154.05
2023,5,414,Entity_0414,1.0,L2-ALL,-21324.12
2023,6,414,Entity_0414,1.0,L2-ALL,-24974.12
2023,7,414,Entity_0414,1.0,L2-ALL,-24349.77
2023,8,414,Entity_0414,1.0,L2-ALL,-24349.77
2023,9,414,Entity_0414,1.0,L2-ALL,-24974.12
2023,10,414,Entity_0414,1.0,L2-ALL,-24974.12
2023,11,414,Entity_0414,1.0,L2-ALL,-24974.12
2023,12,414,Entity_0414,1.0,L2-ALL,-26556.04
2023,5,415,Entity_0415,3.0,L2B,-38443.24
2023,6,415,Entity_0415,3.0,L2B,-12520.66
2023,7,415,Entity_0415,3.0,L2B,38843.81
2023,8,415,Entity_0415,3.0,L2B,-7239.3
2023,9,415,Entity_0415,3.0,L2B,-26694.28
2023,10,415,Entity_0415,3.0,L2B,-6656.98
2023,11,415,Entity_0415,3.0,L2B,-5385.9
2023,12,415,Entity_0415,3.0,L2B,25536.66
2023,5,416,Entity_0416,1.0,L2-ALL,185391.48
2023,6,416,Entity_0416,1.0,L2-ALL,-21471.53
2023,7,416,Entity_0416,1.0,L2-ALL,-16883.53
2023,8,416,Entity_0416,1.0,L2-ALL,-21042.1
2023,9,416,Entity_0416,1.0,L2-ALL,-20612.67
2023,10,416,Entity_0416,1.0,L2-ALL,-21471.53
2023,11,416,Entity_0416,1.0,L2-ALL,-21040.1
2023,12,416,Entity_0416,1.0,L2-ALL,-23156.32
2023,4,419,Entity_0419,5.0,3RD,18282.5
2023,5,419,Entity_0419,5.0,3RD,-7370.96
2023,6,419,Entity_0419,5.0,3RD,5490.3
2023,7,419,Entity_0419,5.0,3RD,-44004.61
2023,8,419,Entity_0419,5.0,3RD,-23341.5
2023,9,419,Entity_0419,5.0,3RD,-22743.0
2023,10,419,Entity_0419,5.0,3RD,-21672.5
2023,11,419,Entity_0419,5.0,3RD,-22641.5
2023,12,419,Entity_0419,5.0,3RD,-22248.0
2023,6,420,Entity_0420,1.0,L2-ALL,-8329.06
2023,7,420,Entity_0420,1.0,L2-ALL,-6718.4
2023,8,420,Entity_0420,1.0,L2-ALL,-4669.52
2023,9,420,Entity_0420,1.0,L2-ALL,-3280.7
2023,10,420,Entity_0420,1.0,L2-ALL,-3243.57
2023,11,420,Entity_0420,1.0,L2-ALL,-3740.4
2023,12,420,Entity_0420,1.0,L2-ALL,-3522.91
2023,6,423,Entity_0423,1.0,L2-ALL,1500.0
2023,8,423,Entity_0423,1.0,L2-ALL,-13910.96
2023,9,423,Entity_0423,1.0,L2-ALL,8054.81
2023,10,423,Entity_0423,1.0,L2-ALL,-56598.67
2023,11,423,Entity_0423,1.0,L2-ALL,-8208.66
2023,12,423,Entity_0423,1.0,L2-ALL,2081839.97
2023,8,424,Entity_0424,3.0,L2B,74682.25
2023,9,424,Entity_0424,3.0,L2B,-40593.21
2023,10,424,Entity_0424,3.0,L2B,-44312.25
2023,11,424,Entity_0424,3.0,L2B,-46374.52
2023,12,424,Entity_0424,3.0,L2B,-68944.63
2023,8,425,Entity_0425,1.0,L2-ALL,-12593.29
2023,9,425,Entity_0425,1.0,L2-ALL,10505.25
2023,10,425,Entity_0425,1.0,L2-ALL,-4478.28
2023,11,425,Entity_0425,1.0,L2-ALL,-2986.8
2023,12,425,Entity_0425,1.0,L2-ALL,130.19
2023,1,426,Entity_0426,4.0,LJL,4663.48
2023,2,426,Entity_0426,4.0,LJL,3392.41
2023,3,426,Entity_0426,4.0,LJL,3376.88
2023,4,426,Entity_0426,4.0,LJL,4619.75
2023,5,426,Entity_0426,4.0,LJL,3347.57
2023,6,426,Entity_0426,4.0,LJL,3300.84
2023,7,426,Entity_0426,4.0,LJL,4575.55
2023,8,426,Entity_0426,4.0,LJL,3303.22
2023,9,426,Entity_0426,4.0,LJL,3288.33
2023,10,426,Entity_0426,4.0,LJL,4530.88
2023,11,426,Entity_0426,4.0,LJL,3258.39
2023,12,426,Entity_0426,4.0,LJL,11394.84
2023,12,430,Entity_0430,1.0,L2-ALL,-9027.37
2024,1,2,Entity_0002,1.0,L2-ALL,-19970.42
2024,2,2,Entity_0002,1.0,L2-ALL,-34437.66
2024,3,2,Entity_0002,1.0,L2-ALL,-3786.87
2024,4,2,Entity_0002,1.0,L2-ALL,-20846.58
2024,5,2,Entity_0002,1.0,L2-ALL,-17740.9
2024,6,2,Entity_0002,1.0,L2-ALL,-19659.93
2024,7,2,Entity_0002,1.0,L2-ALL,-17180.15
2024,8,2,Entity_0002,1.0,L2-ALL,-19029.51
2024,9,2,Entity_0002,1.0,L2-ALL,-25266.37
2024,10,2,Entity_0002,1.0,L2-ALL,-18108.93
2024,11,2,Entity_0002,1.0,L2-ALL,-4513.9
2024,12,2,Entity_0002,1.0,L2-ALL,-24240.28
2024,1,3,Entity_0003,1.0,L2-ALL,-12388.35
2024,2,3,Entity_0003,1.0,L2-ALL,-12249.46
2024,3,3,Entity_0003,1.0,L2-ALL,-11089.54
2024,4,3,Entity_0003,1.0,L2-ALL,-13106.67
2024,5,3,Entity_0003,1.0,L2-ALL,-38277.48
2024,6,3,Entity_0003,1.0,L2-ALL,15115.06
2024,7,3,Entity_0003,1.0,L2-ALL,-8488.21
2024,8,3,Entity_0003,1.0,L2-ALL,-40936.94
2024,9,3,Entity_0003,1.0,L2-ALL,16496.81
2024,10,3,Entity_0003,1.0,L2-ALL,-10534.35
2024,11,3,Entity_0003,1.0,L2-ALL,-11811.48
2024,12,3,Entity_0003,1.0,L2-ALL,-10652.02
2024,1,5,Entity_0005,1.0,L2-ALL,-49841.28
2024,1,5,Entity_0005,3.0,L2B,-7520.48
2024,2,5,Entity_0005,1.0,L2-ALL,-29887.74
2024,2,5,Entity_0005,3.0,L2B,-6454.31
2024,3,5,Entity_0005,1.0,L2-ALL,-15473.02
2024,3,5,Entity_0005,3.0,L2B,-49804.11
2024,4,5,Entity_0005,1.0,L2-ALL,-52233.54
2024,4,5,Entity_0005,3.0,L2B,-4865.02
2024,5,5,Entity_0005,1.0,L2-ALL,-63888.61
2024,5,5,Entity_0005,3.0,L2B,-10218.19
2024,6,5,Entity_0005,1.0,L2-ALL,-26593.18
2024,6,5,Entity_0005,3.0,L2B,-12278.68
2024,7,5,Entity_0005,1.0,L2-ALL,-8300.72
2024,7,5,Entity_0005,3.0,L2B,-4627.24
2024,8,5,Entity_0005,1.0,L2-ALL,-45909.22
2024,8,5,Entity_0005,3.0,L2B,-11572.43
2024,9,5,Entity_0005,1.0,L2-ALL,-39146.4
2024,9,5,Entity_0005,3.0,L2B,-11235.65
2024,10,5,Entity_0005,1.0,L2-ALL,-5308.25
2024,10,5,Entity_0005,3.0,L2B,-8181.93
2024,11,5,Entity_0005,1.0,L2-ALL,-51780.51
2024,11,5,Entity_0005,3.0,L2B,-8706.89
2024,12,5,Entity_0005,1.0,L2-ALL,-61405.71
2024,12,5,Entity_0005,3.0,L2B,-7508.18
2024,1,6,ADMIN_ENTITY_0006,1.0,L2-ALL,-156346.49
2024,1,6,ADMIN_ENTITY_0006,3.0,L2B,-2431.55
2024,2,6,ADMIN_ENTITY_0006,1.0,L2-ALL,-72738.13
2024,2,6,ADMIN_ENTITY_0006,3.0,L2B,-3793.05
2024,3,6,ADMIN_ENTITY_0006,1.0,L2-ALL,-73647.18
2024,3,6,ADMIN_ENTITY_0006,3.0,L2B,-3793.05
2024,4,6,ADMIN_ENTITY_0006,1.0,L2-ALL,-95745.87
2024,4,6,ADMIN_ENTITY_0006,3.0,L2B,-11908.74
2024,5,6,ADMIN_ENTITY_0006,1.0,L2-ALL,-164974.6
2024,5,6,ADMIN_ENTITY_0006,3.0,L2B,-9406.21
2024,6,6,ADMIN_ENTITY_0006,1.0,L2-ALL,-74735.56
2024,6,6,ADMIN_ENTITY_0006,3.0,L2B,-5238.13
2024,7,6,ADMIN_ENTITY_0006,1.0,L2-ALL,-158550.47
2024,7,6,ADMIN_ENTITY_0006,3.0,L2B,-7961.13
2024,8,6,ADMIN_ENTITY_0006,1.0,L2-ALL,-80642.87
2024,8,6,ADMIN_ENTITY_0006,3.0,L2B,-8386.63
2024,9,6,ADMIN_ENTITY_0006,1.0,L2-ALL,-71044.74
2024,9,6,ADMIN_ENTITY_0006,3.0,L2B,-5450.88
2024,10,6,ADMIN_ENTITY_0006,1.0,L2-ALL,-158729.8
2024,10,6,ADMIN_ENTITY_0006,3.0,L2B,-6812.38
2024,11,6,ADMIN_ENTITY_0006,1.0,L2-ALL,-72771.1
2024,11,6,ADMIN_ENTITY_0006,3.0,L2B,-8173.88
2024,12,6,ADMIN_ENTITY_0006,1.0,L2-ALL,-77161.26
2024,12,6,ADMIN_ENTITY_0006,3.0,L2B,-6812.38
2024,1,7,Entity_0007,1.0,L2-ALL,-15574.15
2024,2,7,Entity_0007,1.0,L2-ALL,-15470.78
2024,3,7,Entity_0007,1.0,L2-ALL,-14949.49
2024,4,7,Entity_0007,1.0,L2-ALL,-16540.82
2024,5,7,Entity_0007,1.0,L2-ALL,-44511.15
2024,6,7,Entity_0007,1.0,L2-ALL,-16220.2
2024,7,7,Entity_0007,1.0,L2-ALL,-12653.11
2024,8,7,Entity_0007,1.0,L2-ALL,-10760.84
2024,9,7,Entity_0007,1.0,L2-ALL,-23345.91
2024,10,7,Entity_0007,1.0,L2-ALL,-18280.35
2024,11,7,Entity_0007,1.0,L2-ALL,-18254.17
2024,12,7,Entity_0007,1.0,L2-ALL,-18398.16
2024,1,9,Entity_0009,1.0,L2-ALL,-14285.13
2024,2,9,Entity_0009,1.0,L2-ALL,2526.24
2024,3,9,Entity_0009,1.0,L2-ALL,-6393.0
2024,4,9,Entity_0009,1.0,L2-ALL,-5915.37
2024,5,9,Entity_0009,1.0,L2-ALL,-6199.54
2024,6,9,Entity_0009,1.0,L2-ALL,-6173.16
2024,7,9,Entity_0009,1.0,L2-ALL,-4737.35
2024,8,9,Entity_0009,1.0,L2-ALL,-5822.33
2024,9,9,Entity_0009,1.0,L2-ALL,-5952.4
2024,10,9,Entity_0009,1.0,L2-ALL,-5648.41
2024,11,9,Entity_0009,1.0,L2-ALL,-5809.97
2024,12,9,Entity_0009,1.0,L2-ALL,21484.96
2024,1,10,Entity_0010,1.0,L2-ALL,-6350.57
2024,2,10,Entity_0010,1.0,L2-ALL,-6104.13
2024,3,10,Entity_0010,1.0,L2-ALL,-6321.21
2024,4,10,Entity_0010,1.0,L2-ALL,-6420.59
2024,5,10,Entity_0010,1.0,L2-ALL,-6174.61
2024,6,10,Entity_0010,1.0,L2-ALL,-6570.59
2024,7,10,Entity_0010,1.0,L2-ALL,-5119.42
2024,8,10,Entity_0010,1.0,L2-ALL,-6496.51
2024,9,10,Entity_0010,1.0,L2-ALL,-6385.44
2024,10,10,Entity_0010,1.0,L2-ALL,-5875.37
2024,11,10,Entity_0010,1.0,L2-ALL,-6423.63
2024,12,10,Entity_0010,1.0,L2-ALL,-6208.8
2024,1,11,Entity_0011,1.0,L2-ALL,-12832.3
2024,2,11,Entity_0011,1.0,L2-ALL,-12874.15
2024,3,11,Entity_0011,1.0,L2-ALL,-13277.13
2024,4,11,Entity_0011,1.0,L2-ALL,-12795.5
2024,5,11,Entity_0011,1.0,L2-ALL,-12773.02
2024,6,11,Entity_0011,1.0,L2-ALL,-12950.39
2024,7,11,Entity_0011,1.0,L2-ALL,-9246.82
2024,8,11,Entity_0011,1.0,L2-ALL,-12825.82
2024,9,11,Entity_0011,1.0,L2-ALL,-12994.9
2024,10,11,Entity_0011,1.0,L2-ALL,-13195.01
2024,11,11,Entity_0011,1.0,L2-ALL,-13024.59
2024,12,11,Entity_0011,1.0,L2-ALL,-13198.37
2024,1,12,Entity_0012,1.0,L2-ALL,-13294.43
2024,2,12,Entity_0012,1.0,L2-ALL,-11808.21
2024,3,12,Entity_0012,1.0,L2-ALL,-1915.48
2024,4,12,Entity_0012,1.0,L2-ALL,-32704.26
2024,5,12,Entity_0012,1.0,L2-ALL,-38209.57
2024,6,12,Entity_0012,1.0,L2-ALL,-7066.48
2024,7,12,Entity_0012,1.0,L2-ALL,19055.4
2024,8,12,Entity_0012,1.0,L2-ALL,-46655.64
2024,9,12,Entity_0012,1.0,L2-ALL,-5585.71
2024,10,12,Entity_0012,1.0,L2-ALL,15974.54
2024,11,12,Entity_0012,1.0,L2-ALL,-45405.53
2024,12,12,Entity_0012,1.0,L2-ALL,31777.26
2024,1,19,Entity_0019,1.0,L2-ALL,-9816.05
2024,2,19,Entity_0019,1.0,L2-ALL,-9715.09
2024,3,19,Entity_0019,1.0,L2-ALL,-8872.02
2024,4,19,Entity_0019,1.0,L2-ALL,-9999.24
2024,5,19,Entity_0019,1.0,L2-ALL,-5437.06
2024,6,19,Entity_0019,1.0,L2-ALL,-10005.6
2024,7,19,Entity_0019,1.0,L2-ALL,-6117.86
2024,8,19,Entity_0019,1.0,L2-ALL,-9698.76
2024,9,19,Entity_0019,1.0,L2-ALL,-9073.24
2024,10,19,Entity_0019,1.0,L2-ALL,-7572.5
2024,11,19,Entity_0019,1.0,L2-ALL,-8945.21
2024,12,19,Entity_0019,1.0,L2-ALL,-38297.07
2024,1,20,Entity_0020,1.0,L2-ALL,-9759.4
2024,2,20,Entity_0020,1.0,L2-ALL,-9617.86
2024,3,20,Entity_0020,1.0,L2-ALL,-10074.88
2024,4,20,Entity_0020,1.0,L2-ALL,-9476.18
2024,5,20,Entity_0020,1.0,L2-ALL,-9892.86
2024,6,20,Entity_0020,1.0,L2-ALL,-8946.42
2024,7,20,Entity_0020,1.0,L2-ALL,-8297.46
2024,8,20,Entity_0020,1.0,L2-ALL,-9497.18
2024,9,20,Entity_0020,1.0,L2-ALL,-9737.43
2024,10,20,Entity_0020,1.0,L2-ALL,-9965.36
2024,11,20,Entity_0020,1.0,L2-ALL,-9714.83
2024,12,20,Entity_0020,1.0,L2-ALL,-9920.47
2024,1,21,Entity_0021,1.0,L2-ALL,-7970.5
2024,2,21,Entity_0021,1.0,L2-ALL,-10484.53
2024,3,21,Entity_0021,1.0,L2-ALL,-14474.45
2024,4,21,Entity_0021,1.0,L2-ALL,-13963.98
2024,5,21,Entity_0021,1.0,L2-ALL,-14326.22
2024,6,21,Entity_0021,1.0,L2-ALL,-14135.7
2024,7,21,Entity_0021,1.0,L2-ALL,-11187.11
2024,8,21,Entity_0021,1.0,L2-ALL,-14162.65
2024,9,21,Entity_0021,1.0,L2-ALL,-14165.54
2024,10,21,Entity_0021,1.0,L2-ALL,-14391.19
2024,11,21,Entity_0021,1.0,L2-ALL,-14193.48
2024,12,21,Entity_0021,1.0,L2-ALL,-14396.59
2024,1,22,Entity_0022,1.0,L2-ALL,-12562.8
2024,2,22,Entity_0022,1.0,L2-ALL,-35317.39
2024,3,22,Entity_0022,1.0,L2-ALL,11168.22
2024,4,22,Entity_0022,1.0,L2-ALL,-14172.78
2024,5,22,Entity_0022,1.0,L2-ALL,-11238.36
2024,6,22,Entity_0022,1.0,L2-ALL,-13306.05
2024,7,22,Entity_0022,1.0,L2-ALL,-7831.86
2024,8,22,Entity_0022,1.0,L2-ALL,-12380.41
2024,9,22,Entity_0022,1.0,L2-ALL,23919.38
2024,10,22,Entity_0022,1.0,L2-ALL,-10875.58
2024,11,22,Entity_0022,1.0,L2-ALL,9420.62
2024,12,22,Entity_0022,1.0,L2-ALL,15192.7
2024,1,23,Entity_0023,1.0,L2-ALL,-13227.85
2024,2,23,Entity_0023,1.0,L2-ALL,-26189.15
2024,3,23,Entity_0023,1.0,L2-ALL,268.33
2024,4,23,Entity_0023,1.0,L2-ALL,-9733.03
2024,5,23,Entity_0023,1.0,L2-ALL,-12911.5
2024,6,23,Entity_0023,1.0,L2-ALL,-13656.41
2024,7,23,Entity_0023,1.0,L2-ALL,-10505.0
2024,8,23,Entity_0023,1.0,L2-ALL,-7830.38
2024,9,23,Entity_0023,1.0,L2-ALL,-15863.3
2024,10,23,Entity_0023,1.0,L2-ALL,-8684.99
2024,11,23,Entity_0023,1.0,L2-ALL,497.29
2024,12,23,Entity_0023,1.0,L2-ALL,-21521.66
2024,1,24,Entity_0024,1.0,L2-ALL,-10578.41
2024,2,24,Entity_0024,1.0,L2-ALL,-29646.62
2024,3,24,Entity_0024,1.0,L2-ALL,9185.08
2024,4,24,Entity_0024,1.0,L2-ALL,-11995.82
2024,5,24,Entity_0024,1.0,L2-ALL,-10198.86
2024,6,24,Entity_0024,1.0,L2-ALL,-11279.88
2024,7,24,Entity_0024,1.0,L2-ALL,-7466.63
2024,8,24,Entity_0024,1.0,L2-ALL,-10487.19
2024,9,24,Entity_0024,1.0,L2-ALL,-17709.0
2024,10,24,Entity_0024,1.0,L2-ALL,-9271.91
2024,11,24,Entity_0024,1.0,L2-ALL,7684.38
2024,12,24,Entity_0024,1.0,L2-ALL,-16314.34
2024,1,25,Entity_0025,1.0,L2-ALL,-13510.17
2024,2,25,Entity_0025,1.0,L2-ALL,-32067.03
2024,3,25,Entity_0025,1.0,L2-ALL,7178.27
2024,4,25,Entity_0025,1.0,L2-ALL,-14724.74
2024,5,25,Entity_0025,1.0,L2-ALL,-12855.9
2024,6,25,Entity_0025,1.0,L2-ALL,-13977.07
2024,7,25,Entity_0025,1.0,L2-ALL,-10830.47
2024,8,25,Entity_0025,1.0,L2-ALL,-13152.84
2024,9,25,Entity_0025,1.0,L2-ALL,-20641.21
2024,10,25,Entity_0025,1.0,L2-ALL,-11609.29
2024,11,25,Entity_0025,1.0,L2-ALL,5698.12
2024,12,25,Entity_0025,1.0,L2-ALL,-19273.84
2024,1,26,Entity_0026,1.0,L2-ALL,-7200.27
2024,2,26,Entity_0026,1.0,L2-ALL,-20323.03
2024,3,26,Entity_0026,1.0,L2-ALL,13652.18
2024,4,26,Entity_0026,1.0,L2-ALL,-7361.89
2024,5,26,Entity_0026,1.0,L2-ALL,-7021.55
2024,6,26,Entity_0026,1.0,L2-ALL,-7756.17
2024,7,26,Entity_0026,1.0,L2-ALL,-4604.41
2024,8,26,Entity_0026,1.0,L2-ALL,-7214.39
2024,9,26,Entity_0026,1.0,L2-ALL,-12153.4
2024,10,26,Entity_0026,1.0,L2-ALL,-6382.08
2024,11,26,Entity_0026,1.0,L2-ALL,5213.77
2024,12,26,Entity_0026,1.0,L2-ALL,-11174.09
2024,1,27,Entity_0027,1.0,L2-ALL,-14117.42
2024,2,27,Entity_0027,1.0,L2-ALL,-29275.89
2024,3,27,Entity_0027,1.0,L2-ALL,10523.38
2024,4,27,Entity_0027,1.0,L2-ALL,-9181.07
2024,5,27,Entity_0027,1.0,L2-ALL,-13340.31
2024,6,27,Entity_0027,1.0,L2-ALL,-14659.44
2024,7,27,Entity_0027,1.0,L2-ALL,-11521.35
2024,8,27,Entity_0027,1.0,L2-ALL,-14819.4
2024,9,27,Entity_0027,1.0,L2-ALL,-22356.45
2024,10,27,Entity_0027,1.0,L2-ALL,-12198.07
2024,11,27,Entity_0027,1.0,L2-ALL,8382.73
2024,12,27,Entity_0027,1.0,L2-ALL,-20827.82
2024,1,28,Entity_0028,1.0,L2-ALL,-4981.82
2024,2,28,Entity_0028,1.0,L2-ALL,-5238.68
2024,3,28,Entity_0028,1.0,L2-ALL,-4516.53
2024,4,28,Entity_0028,1.0,L2-ALL,-5814.53
2024,5,28,Entity_0028,1.0,L2-ALL,-4841.31
2024,6,28,Entity_0028,1.0,L2-ALL,-5488.6
2024,7,28,Entity_0028,1.0,L2-ALL,-1645.68
2024,8,28,Entity_0028,1.0,L2-ALL,-5796.83
2024,9,28,Entity_0028,1.0,L2-ALL,-4682.03
2024,10,28,Entity_0028,1.0,L2-ALL,-4166.27
2024,11,28,Entity_0028,1.0,L2-ALL,-5496.31
2024,12,28,Entity_0028,1.0,L2-ALL,-4095.93
2024,1,29,Entity_0029,1.0,L2-ALL,-4645.28
2024,2,29,Entity_0029,1.0,L2-ALL,-4903.22
2024,3,29,Entity_0029,1.0,L2-ALL,-4453.4
2024,4,29,Entity_0029,1.0,L2-ALL,-5100.32
2024,5,29,Entity_0029,1.0,L2-ALL,-5395.41
2024,6,29,Entity_0029,1.0,L2-ALL,-5906.68
2024,7,29,Entity_0029,1.0,L2-ALL,-3778.64
2024,8,29,Entity_0029,1.0,L2-ALL,-6146.36
2024,9,29,Entity_0029,1.0,L2-ALL,-5235.55
2024,10,29,Entity_0029,1.0,L2-ALL,-4823.03
2024,11,29,Entity_0029,1.0,L2-ALL,-5899.78
2024,12,29,Entity_0029,1.0,L2-ALL,-4811.32
2024,1,30,Entity_0030,4.0,LJL,9970.69
2024,2,30,Entity_0030,4.0,LJL,77279.62
2024,3,30,Entity_0030,4.0,LJL,38979.64
2024,4,30,Entity_0030,4.0,LJL,17463.74
2024,5,30,Entity_0030,4.0,LJL,10178.81
2024,6,30,Entity_0030,4.0,LJL,8599.32
2024,7,30,Entity_0030,4.0,LJL,27516.29
2024,8,30,Entity_0030,4.0,LJL,13416.74
2024,9,30,Entity_0030,4.0,LJL,17563.85
2024,10,30,Entity_0030,4.0,LJL,-136083.97
2024,11,30,Entity_0030,4.0,LJL,67219.74
2024,12,30,Entity_0030,4.0,LJL,8674.82
2024,1,32,Entity_0032,1.0,L2-ALL,-16537.94
2024,2,32,Entity_0032,1.0,L2-ALL,-15896.16
2024,3,32,Entity_0032,1.0,L2-ALL,-16461.49
2024,4,32,Entity_0032,1.0,L2-ALL,-16720.29
2024,5,32,Entity_0032,1.0,L2-ALL,-16079.71
2024,6,32,Entity_0032,1.0,L2-ALL,-17110.9
2024,7,32,Entity_0032,1.0,L2-ALL,-13331.82
2024,8,32,Entity_0032,1.0,L2-ALL,-16917.99
2024,9,32,Entity_0032,1.0,L2-ALL,-16628.75
2024,10,32,Entity_0032,1.0,L2-ALL,-15300.44
2024,11,32,Entity_0032,1.0,L2-ALL,-16728.21
2024,12,32,Entity_0032,1.0,L2-ALL,-16168.76
2024,1,34,Entity_0034,1.0,L2-ALL,-11502.18
2024,2,34,Entity_0034,1.0,L2-ALL,-15074.91
2024,3,34,Entity_0034,1.0,L2-ALL,-15023.36
2024,4,34,Entity_0034,1.0,L2-ALL,-16425.7
2024,5,34,Entity_0034,1.0,L2-ALL,-13142.0
2024,6,34,Entity_0034,1.0,L2-ALL,-16183.85
2024,7,34,Entity_0034,1.0,L2-ALL,-11240.85
2024,8,34,Entity_0034,1.0,L2-ALL,-15827.13
2024,9,34,Entity_0034,1.0,L2-ALL,-15230.24
2024,10,34,Entity_0034,1.0,L2-ALL,-14800.82
2024,11,34,Entity_0034,1.0,L2-ALL,-15681.41
2024,12,34,Entity_0034,1.0,L2-ALL,3414.72
2024,1,35,Entity_0035,1.0,L2-ALL,-15787.14
2024,2,35,Entity_0035,1.0,L2-ALL,-12788.32
2024,3,35,Entity_0035,1.0,L2-ALL,-5572.94
2024,4,35,Entity_0035,1.0,L2-ALL,-15054.23
2024,5,35,Entity_0035,1.0,L2-ALL,-16338.13
2024,6,35,Entity_0035,1.0,L2-ALL,-15924.3
2024,7,35,Entity_0035,1.0,L2-ALL,-13141.89
2024,8,35,Entity_0035,1.0,L2-ALL,-15077.61
2024,9,35,Entity_0035,1.0,L2-ALL,-16008.58
2024,10,35,Entity_0035,1.0,L2-ALL,-15787.32
2024,11,35,Entity_0035,1.0,L2-ALL,-15727.2
2024,12,35,Entity_0035,1.0,L2-ALL,-16578.2
2024,1,41,Entity_0041,1.0,L2-ALL,-36928.98
2024,2,41,Entity_0041,1.0,L2-ALL,-32800.59
2024,3,41,Entity_0041,1.0,L2-ALL,-5320.78
2024,4,41,Entity_0041,1.0,L2-ALL,-90845.16
2024,5,41,Entity_0041,1.0,L2-ALL,-106137.7
2024,6,41,Entity_0041,1.0,L2-ALL,-19629.11
2024,7,41,Entity_0041,1.0,L2-ALL,52931.66
2024,8,41,Entity_0041,1.0,L2-ALL,-129599.0
2024,9,41,Entity_0041,1.0,L2-ALL,-15515.86
2024,10,41,Entity_0041,1.0,L2-ALL,44373.73
2024,11,41,Entity_0041,1.0,L2-ALL,-126126.47
2024,12,41,Entity_0041,1.0,L2-ALL,88270.17
2024,1,43,Entity_0043,1.0,L2-ALL,-12044.51
2024,2,43,Entity_0043,1.0,L2-ALL,-11429.24
2024,3,43,Entity_0043,1.0,L2-ALL,-12883.8
2024,4,43,Entity_0043,1.0,L2-ALL,-12576.99
2024,5,43,Entity_0043,1.0,L2-ALL,-10556.02
2024,6,43,Entity_0043,1.0,L2-ALL,-12290.76
2024,7,43,Entity_0043,1.0,L2-ALL,-8192.12
2024,8,43,Entity_0043,1.0,L2-ALL,-12509.73
2024,9,43,Entity_0043,1.0,L2-ALL,-12666.23
2024,10,43,Entity_0043,1.0,L2-ALL,-12843.06
2024,11,43,Entity_0043,1.0,L2-ALL,-12702.45
2024,12,43,Entity_0043,1.0,L2-ALL,-12807.84
2024,1,44,Entity_0044,1.0,L2-ALL,-12476.72
2024,2,44,Entity_0044,1.0,L2-ALL,-13175.23
2024,3,44,Entity_0044,1.0,L2-ALL,-13375.83
2024,4,44,Entity_0044,1.0,L2-ALL,-13033.99
2024,5,44,Entity_0044,1.0,L2-ALL,-11033.46
2024,6,44,Entity_0044,1.0,L2-ALL,-12715.07
2024,7,44,Entity_0044,1.0,L2-ALL,-12006.43
2024,8,44,Entity_0044,1.0,L2-ALL,-12974.89
2024,9,44,Entity_0044,1.0,L2-ALL,-13133.42
2024,10,44,Entity_0044,1.0,L2-ALL,-13330.45
2024,11,44,Entity_0044,1.0,L2-ALL,-13173.78
2024,12,44,Entity_0044,1.0,L2-ALL,-13299.2
2024,1,46,Entity_0046,1.0,L2-ALL,-16989.92
2024,2,46,Entity_0046,1.0,L2-ALL,-17610.11
2024,3,46,Entity_0046,1.0,L2-ALL,-12113.03
2024,4,46,Entity_0046,1.0,L2-ALL,-17425.7
2024,5,46,Entity_0046,1.0,L2-ALL,-15486.14
2024,6,46,Entity_0046,1.0,L2-ALL,-17009.29
2024,7,46,Entity_0046,1.0,L2-ALL,-13498.89
2024,8,46,Entity_0046,1.0,L2-ALL,-17314.25
2024,9,46,Entity_0046,1.0,L2-ALL,-17555.52
2024,10,46,Entity_0046,1.0,L2-ALL,-17812.77
2024,11,46,Entity_0046,1.0,L2-ALL,-17608.21
2024,12,46,Entity_0046,1.0,L2-ALL,-17132.62
2024,1,47,Entity_0047,1.0,L2-ALL,-10311.43
2024,2,47,Entity_0047,1.0,L2-ALL,-10739.96
2024,3,47,Entity_0047,1.0,L2-ALL,-10901.52
2024,4,47,Entity_0047,1.0,L2-ALL,-10626.21
2024,5,47,Entity_0047,1.0,L2-ALL,-8586.85
2024,6,47,Entity_0047,1.0,L2-ALL,-10369.36
2024,7,47,Entity_0047,1.0,L2-ALL,-6696.47
2024,8,47,Entity_0047,1.0,L2-ALL,-10551.6
2024,9,47,Entity_0047,1.0,L2-ALL,-10706.28
2024,10,47,Entity_0047,1.0,L2-ALL,-10838.96
2024,11,47,Entity_0047,1.0,L2-ALL,-10738.79
2024,12,47,Entity_0047,1.0,L2-ALL,-10826.17
2024,1,48,Entity_0048,1.0,L2-ALL,-9506.64
2024,2,48,Entity_0048,1.0,L2-ALL,-9859.37
2024,3,48,Entity_0048,1.0,L2-ALL,-10044.89
2024,4,48,Entity_0048,1.0,L2-ALL,-9728.22
2024,5,48,Entity_0048,1.0,L2-ALL,-9912.88
2024,6,48,Entity_0048,1.0,L2-ALL,-9432.76
2024,7,48,Entity_0048,1.0,L2-ALL,-7112.08
2024,8,48,Entity_0048,1.0,L2-ALL,-9801.95
2024,9,48,Entity_0048,1.0,L2-ALL,-9820.25
2024,10,48,Entity_0048,1.0,L2-ALL,-10002.71
2024,11,48,Entity_0048,1.0,L2-ALL,-9857.62
2024,12,48,Entity_0048,1.0,L2-ALL,-10040.34
2024,1,49,Entity_0049,1.0,L2-ALL,-11465.4
2024,2,49,Entity_0049,1.0,L2-ALL,-11490.42
2024,3,49,Entity_0049,1.0,L2-ALL,-12517.56
2024,4,49,Entity_0049,1.0,L2-ALL,-11544.97
2024,5,49,Entity_0049,1.0,L2-ALL,-12069.57
2024,6,49,Entity_0049,1.0,L2-ALL,-11597.88
2024,7,49,Entity_0049,1.0,L2-ALL,-4322.32
2024,8,49,Entity_0049,1.0,L2-ALL,-11651.22
2024,9,49,Entity_0049,1.0,L2-ALL,-10927.02
2024,10,49,Entity_0049,1.0,L2-ALL,-12197.89
2024,11,49,Entity_0049,1.0,L2-ALL,-11731.02
2024,12,49,Entity_0049,1.0,L2-ALL,-12250.36
2024,1,51,Entity_0051,1.0,L2-ALL,-11333.75
2024,2,51,Entity_0051,1.0,L2-ALL,-12416.13
2024,3,51,Entity_0051,1.0,L2-ALL,-13414.95
2024,4,51,Entity_0051,1.0,L2-ALL,-12499.13
2024,5,51,Entity_0051,1.0,L2-ALL,-13009.29
2024,6,51,Entity_0051,1.0,L2-ALL,-12550.58
2024,7,51,Entity_0051,1.0,L2-ALL,-11437.46
2024,8,51,Entity_0051,1.0,L2-ALL,-12602.46
2024,9,51,Entity_0051,1.0,L2-ALL,-12627.55
2024,10,51,Entity_0051,1.0,L2-ALL,-13134.08
2024,11,51,Entity_0051,1.0,L2-ALL,-12680.05
2024,12,51,Entity_0051,1.0,L2-ALL,-13185.11
2024,1,55,Entity_0055,1.0,L2-ALL,-8765.17
2024,2,55,Entity_0055,1.0,L2-ALL,-8272.4
2024,3,55,Entity_0055,1.0,L2-ALL,-4056.68
2024,4,55,Entity_0055,1.0,L2-ALL,-8157.53
2024,5,55,Entity_0055,1.0,L2-ALL,-9289.5
2024,6,55,Entity_0055,1.0,L2-ALL,-9152.07
2024,7,55,Entity_0055,1.0,L2-ALL,-3830.17
2024,8,55,Entity_0055,1.0,L2-ALL,-9234.73
2024,9,55,Entity_0055,1.0,L2-ALL,-9169.48
2024,10,55,Entity_0055,1.0,L2-ALL,-9246.07
2024,11,55,Entity_0055,1.0,L2-ALL,-9181.24
2024,12,55,Entity_0055,1.0,L2-ALL,-9046.6
2024,1,57,Entity_0057,1.0,L2-ALL,-12109.69
2024,2,57,Entity_0057,1.0,L2-ALL,-12198.6
2024,3,57,Entity_0057,1.0,L2-ALL,-13184.35
2024,4,57,Entity_0057,1.0,L2-ALL,-12671.86
2024,5,57,Entity_0057,1.0,L2-ALL,-13210.74
2024,6,57,Entity_0057,1.0,L2-ALL,-11447.59
2024,7,57,Entity_0057,1.0,L2-ALL,-7994.75
2024,8,57,Entity_0057,1.0,L2-ALL,-13019.16
2024,9,57,Entity_0057,1.0,L2-ALL,-10016.06
2024,10,57,Entity_0057,1.0,L2-ALL,-13412.92
2024,11,57,Entity_0057,1.0,L2-ALL,-11461.72
2024,12,57,Entity_0057,1.0,L2-ALL,-12719.09
2024,1,60,Entity_0060,1.0,L2-ALL,-9803.38
2024,2,60,Entity_0060,1.0,L2-ALL,-10818.42
2024,3,60,Entity_0060,1.0,L2-ALL,-6258.46
2024,4,60,Entity_0060,1.0,L2-ALL,-9976.26
2024,5,60,Entity_0060,1.0,L2-ALL,1542.37
2024,6,60,Entity_0060,1.0,L2-ALL,-10005.39
2024,7,60,Entity_0060,1.0,L2-ALL,-9129.66
2024,8,60,Entity_0060,1.0,L2-ALL,-10872.14
2024,9,60,Entity_0060,1.0,L2-ALL,-10770.03
2024,10,60,Entity_0060,1.0,L2-ALL,-11096.5
2024,11,60,Entity_0060,1.0,L2-ALL,-10788.67
2024,12,60,Entity_0060,1.0,L2-ALL,-10823.23
2024,1,63,Entity_0063,1.0,L2-ALL,-10629.41
2024,2,63,Entity_0063,1.0,L2-ALL,-71858.41
2024,3,63,Entity_0063,1.0,L2-ALL,-10619.41
2024,4,63,Entity_0063,1.0,L2-ALL,-10458.58
2024,5,63,Entity_0063,1.0,L2-ALL,-10619.41
2024,6,63,Entity_0063,1.0,L2-ALL,-10619.41
2024,7,63,Entity_0063,1.0,L2-ALL,-7457.94
2024,8,63,Entity_0063,1.0,L2-ALL,-10490.66
2024,9,63,Entity_0063,1.0,L2-ALL,-10619.41
2024,10,63,Entity_0063,1.0,L2-ALL,-10629.41
2024,11,63,Entity_0063,1.0,L2-ALL,-10549.41
2024,12,63,Entity_0063,1.0,L2-ALL,-10559.41
2024,1,64,Entity_0064,1.0,L2-ALL,-14656.3
2024,2,64,Entity_0064,1.0,L2-ALL,-14911.8
2024,3,64,Entity_0064,1.0,L2-ALL,-15422.71
2024,4,64,Entity_0064,1.0,L2-ALL,-14838.91
2024,5,64,Entity_0064,1.0,L2-ALL,-14624.12
2024,6,64,Entity_0064,1.0,L2-ALL,-15030.83
2024,7,64,Entity_0064,1.0,L2-ALL,-11691.66
2024,8,64,Entity_0064,1.0,L2-ALL,-14923.86
2024,9,64,Entity_0064,1.0,L2-ALL,-15010.91
2024,10,64,Entity_0064,1.0,L2-ALL,-11311.05
2024,11,64,Entity_0064,1.0,L2-ALL,-14046.53
2024,12,64,Entity_0064,1.0,L2-ALL,-20348.33
2024,1,65,Entity_0065,1.0,L2-ALL,-30599.34
2024,2,65,Entity_0065,1.0,L2-ALL,-27755.45
2024,3,65,Entity_0065,1.0,L2-ALL,-29400.5
2024,4,65,Entity_0065,1.0,L2-ALL,-28644.54
2024,5,65,Entity_0065,1.0,L2-ALL,-27950.6
2024,6,65,Entity_0065,1.0,L2-ALL,-29302.12
2024,7,65,Entity_0065,1.0,L2-ALL,-26519.96
2024,8,65,Entity_0065,1.0,L2-ALL,-28532.0
2024,9,65,Entity_0065,1.0,L2-ALL,-29586.79
2024,10,65,Entity_0065,1.0,L2-ALL,-23035.43
2024,11,65,Entity_0065,1.0,L2-ALL,-28359.2
2024,12,65,Entity_0065,1.0,L2-ALL,-29369.28
2024,1,66,Entity_0066,1.0,L2-ALL,-25508.72
2024,2,66,Entity_0066,1.0,L2-ALL,-25536.19
2024,3,66,Entity_0066,1.0,L2-ALL,-25830.21
2024,4,66,Entity_0066,1.0,L2-ALL,-25047.95
2024,5,66,Entity_0066,1.0,L2-ALL,-23274.51
2024,6,66,Entity_0066,1.0,L2-ALL,-26717.7
2024,7,66,Entity_0066,1.0,L2-ALL,-21739.5
2024,8,66,Entity_0066,1.0,L2-ALL,-25687.85
2024,9,66,Entity_0066,1.0,L2-ALL,-25807.82
2024,10,66,Entity_0066,1.0,L2-ALL,-24417.97
2024,11,66,Entity_0066,1.0,L2-ALL,-26461.6
2024,12,66,Entity_0066,1.0,L2-ALL,-26020.7
2024,1,88,Entity_0088,1.0,L2-ALL,-8534.79
2024,2,88,Entity_0088,1.0,L2-ALL,-8913.32
2024,3,88,Entity_0088,1.0,L2-ALL,-10059.03
2024,4,88,Entity_0088,1.0,L2-ALL,-9058.7
2024,5,88,Entity_0088,1.0,L2-ALL,-9615.59
2024,6,88,Entity_0088,1.0,L2-ALL,-9167.48
2024,7,88,Entity_0088,1.0,L2-ALL,-6523.92
2024,8,88,Entity_0088,1.0,L2-ALL,-9051.03
2024,9,88,Entity_0088,1.0,L2-ALL,-9231.79
2024,10,88,Entity_0088,1.0,L2-ALL,-10071.14
2024,11,88,Entity_0088,1.0,L2-ALL,-10334.53
2024,12,88,Entity_0088,1.0,L2-ALL,-11127.02
2024,1,99,Entity_0099,3.0,L2B,-7358.29
2024,2,99,Entity_0099,3.0,L2B,-7129.0
2024,3,99,Entity_0099,3.0,L2B,-7847.67
2024,4,99,Entity_0099,3.0,L2B,-5869.21
2024,5,99,Entity_0099,3.0,L2B,-6715.57
2024,6,99,Entity_0099,3.0,L2B,-6392.1
2024,7,99,Entity_0099,3.0,L2B,-3392.82
2024,8,99,Entity_0099,3.0,L2B,-6846.47
2024,9,99,Entity_0099,3.0,L2B,-6008.12
2024,10,99,Entity_0099,3.0,L2B,-7557.85
2024,11,99,Entity_0099,3.0,L2B,-6497.97
2024,12,99,Entity_0099,3.0,L2B,-7015.03
2024,1,101,Entity_0101,3.0,L2B,-13153.22
2024,2,101,Entity_0101,3.0,L2B,-13912.59
2024,3,101,Entity_0101,3.0,L2B,-14727.45
2024,4,101,Entity_0101,3.0,L2B,-11639.23
2024,5,101,Entity_0101,3.0,L2B,-12796.89
2024,6,101,Entity_0101,3.0,L2B,-13239.89
2024,7,101,Entity_0101,3.0,L2B,-8464.0
2024,8,101,Entity_0101,3.0,L2B,-12863.76
2024,9,101,Entity_0101,3.0,L2B,-13347.84
2024,10,101,Entity_0101,3.0,L2B,-12670.4
2024,11,101,Entity_0101,3.0,L2B,-13391.28
2024,12,101,Entity_0101,3.0,L2B,-3908.69
2024,1,102,Entity_0102,3.0,L2B,-13366.34
2024,2,102,Entity_0102,3.0,L2B,-13063.49
2024,3,102,Entity_0102,3.0,L2B,-14073.76
2024,4,102,Entity_0102,3.0,L2B,-10651.84
2024,5,102,Entity_0102,3.0,L2B,-11937.75
2024,6,102,Entity_0102,3.0,L2B,-9310.93
2024,7,102,Entity_0102,3.0,L2B,-364.02
2024,8,102,Entity_0102,3.0,L2B,-12338.39
2024,9,102,Entity_0102,3.0,L2B,-11880.62
2024,10,102,Entity_0102,3.0,L2B,-13372.16
2024,11,102,Entity_0102,3.0,L2B,-24234.72
2024,12,102,Entity_0102,3.0,L2B,-14257.61
2024,1,103,Entity_0103,3.0,L2B,-11599.54
2024,2,103,Entity_0103,3.0,L2B,-10825.12
2024,3,103,Entity_0103,3.0,L2B,-12844.06
2024,4,103,Entity_0103,3.0,L2B,-9907.38
2024,5,103,Entity_0103,3.0,L2B,-9962.94
2024,6,103,Entity_0103,3.0,L2B,-10518.16
2024,7,103,Entity_0103,3.0,L2B,7103.23
2024,8,103,Entity_0103,3.0,L2B,-11267.18
2024,9,103,Entity_0103,3.0,L2B,-11019.29
2024,10,103,Entity_0103,3.0,L2B,-12207.32
2024,11,103,Entity_0103,3.0,L2B,-11453.36
2024,12,103,Entity_0103,3.0,L2B,-29414.31
2024,1,104,Entity_0104,3.0,L2B,-6667.39
2024,2,104,Entity_0104,3.0,L2B,-2034.7
2024,3,104,Entity_0104,3.0,L2B,-11817.77
2024,4,104,Entity_0104,3.0,L2B,-7334.67
2024,5,104,Entity_0104,3.0,L2B,-7093.73
2024,6,104,Entity_0104,3.0,L2B,615.48
2024,7,104,Entity_0104,3.0,L2B,-3914.6
2024,8,104,Entity_0104,3.0,L2B,-11679.05
2024,9,104,Entity_0104,3.0,L2B,-7185.69
2024,10,104,Entity_0104,3.0,L2B,-7128.59
2024,11,104,Entity_0104,3.0,L2B,-7137.93
2024,12,104,Entity_0104,3.0,L2B,-7067.24
2024,1,105,Entity_0105,1.0,L2-ALL,10510.29
2024,2,105,Entity_0105,1.0,L2-ALL,6229.97
2024,3,105,Entity_0105,1.0,L2-ALL,4298.65
2024,4,105,Entity_0105,1.0,L2-ALL,-7925.01
2024,5,105,Entity_0105,1.0,L2-ALL,-7064.45
2024,6,105,Entity_0105,1.0,L2-ALL,-7489.06
2024,7,105,Entity_0105,1.0,L2-ALL,-3625.59
2024,8,105,Entity_0105,1.0,L2-ALL,-7654.84
2024,9,105,Entity_0105,1.0,L2-ALL,-7051.45
2024,10,105,Entity_0105,1.0,L2-ALL,-8046.65
2024,11,105,Entity_0105,1.0,L2-ALL,-8466.87
2024,12,105,Entity_0105,1.0,L2-ALL,-8575.55
2024,1,107,Entity_0107,1.0,L2-ALL,-6962.04
2024,2,107,Entity_0107,1.0,L2-ALL,-7758.68
2024,3,107,Entity_0107,1.0,L2-ALL,-138.99
2024,4,107,Entity_0107,1.0,L2-ALL,-17011.51
2024,5,107,Entity_0107,1.0,L2-ALL,-19056.49
2024,6,107,Entity_0107,1.0,L2-ALL,-19162.49
2024,7,107,Entity_0107,1.0,L2-ALL,-17480.67
2024,8,107,Entity_0107,1.0,L2-ALL,-19003.74
2024,9,107,Entity_0107,1.0,L2-ALL,-19162.49
2024,10,107,Entity_0107,1.0,L2-ALL,15138.74
2024,11,107,Entity_0107,1.0,L2-ALL,-18642.49
2024,12,107,Entity_0107,1.0,L2-ALL,-21311.9
2024,1,108,Entity_0108,1.0,L2-ALL,-12715.32
2024,2,108,Entity_0108,1.0,L2-ALL,-11579.78
2024,3,108,Entity_0108,1.0,L2-ALL,-14168.69
2024,4,108,Entity_0108,1.0,L2-ALL,-13002.94
2024,5,108,Entity_0108,1.0,L2-ALL,-13735.95
2024,6,108,Entity_0108,1.0,L2-ALL,-13287.03
2024,7,108,Entity_0108,1.0,L2-ALL,-9971.35
2024,8,108,Entity_0108,1.0,L2-ALL,-13183.75
2024,9,108,Entity_0108,1.0,L2-ALL,-13309.18
2024,10,108,Entity_0108,1.0,L2-ALL,-13820.78
2024,11,108,Entity_0108,1.0,L2-ALL,-13375.14
2024,12,108,Entity_0108,1.0,L2-ALL,-13815.74
2024,1,110,Entity_0110,1.0,L2-ALL,-6842.49
2024,2,110,Entity_0110,1.0,L2-ALL,-5063.27
2024,3,110,Entity_0110,1.0,L2-ALL,-7645.14
2024,4,110,Entity_0110,1.0,L2-ALL,-8163.81
2024,5,110,Entity_0110,1.0,L2-ALL,-7675.05
2024,6,110,Entity_0110,1.0,L2-ALL,-7940.06
2024,7,110,Entity_0110,1.0,L2-ALL,-3353.05
2024,8,110,Entity_0110,1.0,L2-ALL,-7830.15
2024,9,110,Entity_0110,1.0,L2-ALL,-7746.96
2024,10,110,Entity_0110,1.0,L2-ALL,-8013.95
2024,11,110,Entity_0110,1.0,L2-ALL,-7611.53
2024,12,110,Entity_0110,1.0,L2-ALL,2060.63
2024,1,111,Entity_0111,1.0,L2-ALL,-9934.06
2024,2,111,Entity_0111,1.0,L2-ALL,-10966.41
2024,3,111,Entity_0111,1.0,L2-ALL,-11485.8
2024,4,111,Entity_0111,1.0,L2-ALL,-10998.62
2024,5,111,Entity_0111,1.0,L2-ALL,-11264.98
2024,6,111,Entity_0111,1.0,L2-ALL,-7398.16
2024,7,111,Entity_0111,1.0,L2-ALL,-3218.33
2024,8,111,Entity_0111,1.0,L2-ALL,-10953.17
2024,9,111,Entity_0111,1.0,L2-ALL,-9709.9
2024,10,111,Entity_0111,1.0,L2-ALL,-11371.53
2024,11,111,Entity_0111,1.0,L2-ALL,-10366.24
2024,12,111,Entity_0111,1.0,L2-ALL,-10570.75
2024,1,113,Entity_0113,1.0,L2-ALL,-9101.95
2024,2,113,Entity_0113,1.0,L2-ALL,-8918.67
2024,3,113,Entity_0113,1.0,L2-ALL,-9889.24
2024,4,113,Entity_0113,1.0,L2-ALL,-10474.18
2024,5,113,Entity_0113,1.0,L2-ALL,-10730.26
2024,6,113,Entity_0113,1.0,L2-ALL,-10504.03
2024,7,113,Entity_0113,1.0,L2-ALL,-5336.29
2024,8,113,Entity_0113,1.0,L2-ALL,-10425.34
2024,9,113,Entity_0113,1.0,L2-ALL,-10548.77
2024,10,113,Entity_0113,1.0,L2-ALL,-10802.71
2024,11,113,Entity_0113,1.0,L2-ALL,-10579.15
2024,12,113,Entity_0113,1.0,L2-ALL,-10747.85
2024,1,115,Entity_0115,1.0,L2-ALL,-27015.93
2024,2,115,Entity_0115,1.0,L2-ALL,-25824.85
2024,3,115,Entity_0115,1.0,L2-ALL,-27331.35
2024,4,115,Entity_0115,1.0,L2-ALL,-27331.35
2024,5,115,Entity_0115,1.0,L2-ALL,-27331.35
2024,6,115,Entity_0115,1.0,L2-ALL,-27331.35
2024,7,115,Entity_0115,1.0,L2-ALL,-24159.88
2024,8,115,Entity_0115,1.0,L2-ALL,-27192.6
2024,9,115,Entity_0115,1.0,L2-ALL,-27331.35
2024,10,115,Entity_0115,1.0,L2-ALL,-27331.35
2024,11,115,Entity_0115,1.0,L2-ALL,-27331.35
2024,12,115,Entity_0115,1.0,L2-ALL,93054.38
2024,1,121,Entity_0121,1.0,L2-ALL,-9913.84
2024,2,121,Entity_0121,1.0,L2-ALL,-78482.21
2024,3,121,Entity_0121,1.0,L2-ALL,-10789.31
2024,4,121,Entity_0121,1.0,L2-ALL,-10086.79
2024,5,121,Entity_0121,1.0,L2-ALL,-10465.13
2024,6,121,Entity_0121,1.0,L2-ALL,-8067.01
2024,7,121,Entity_0121,1.0,L2-ALL,-8879.66
2024,8,121,Entity_0121,1.0,L2-ALL,-10161.9
2024,9,121,Entity_0121,1.0,L2-ALL,-10180.12
2024,10,121,Entity_0121,1.0,L2-ALL,-10555.84
2024,11,121,Entity_0121,1.0,L2-ALL,-10218.29
2024,12,121,Entity_0121,1.0,L2-ALL,-10522.93
2024,1,129,Entity_0129,1.0,L2-ALL,-9350.42
2024,2,129,Entity_0129,1.0,L2-ALL,-9254.97
2024,3,129,Entity_0129,1.0,L2-ALL,-8457.93
2024,4,129,Entity_0129,1.0,L2-ALL,-7660.66
2024,5,129,Entity_0129,1.0,L2-ALL,-8821.86
2024,6,129,Entity_0129,1.0,L2-ALL,-9556.04
2024,7,129,Entity_0129,1.0,L2-ALL,-5732.6
2024,8,129,Entity_0129,1.0,L2-ALL,14618.58
2024,9,129,Entity_0129,1.0,L2-ALL,15849.98
2024,10,129,Entity_0129,1.0,L2-ALL,-8091.52
2024,11,129,Entity_0129,1.0,L2-ALL,-9547.54
2024,12,129,Entity_0129,1.0,L2-ALL,-8168.24
2024,1,131,Entity_0131,1.0,L2-ALL,-11846.97
2024,2,131,Entity_0131,1.0,L2-ALL,-11684.67
2024,3,131,Entity_0131,1.0,L2-ALL,-10329.56
2024,4,131,Entity_0131,1.0,L2-ALL,-11869.63
2024,5,131,Entity_0131,1.0,L2-ALL,-10986.85
2024,6,131,Entity_0131,1.0,L2-ALL,-12230.49
2024,7,131,Entity_0131,1.0,L2-ALL,-9396.2
2024,8,131,Entity_0131,1.0,L2-ALL,-12823.71
2024,9,131,Entity_0131,1.0,L2-ALL,-10571.97
2024,10,131,Entity_0131,1.0,L2-ALL,-9735.9
2024,11,131,Entity_0131,1.0,L2-ALL,-12227.05
2024,12,131,Entity_0131,1.0,L2-ALL,94269.05
2024,1,132,Entity_0132,1.0,L2-ALL,-5512.27
2024,2,132,Entity_0132,1.0,L2-ALL,-5438.9
2024,3,132,Entity_0132,1.0,L2-ALL,-4826.18
2024,4,132,Entity_0132,1.0,L2-ALL,-5930.47
2024,5,132,Entity_0132,1.0,L2-ALL,-5105.62
2024,6,132,Entity_0132,1.0,L2-ALL,-5653.37
2024,7,132,Entity_0132,1.0,L2-ALL,-1955.04
2024,8,132,Entity_0132,1.0,L2-ALL,-5914.03
2024,9,132,Entity_0132,1.0,L2-ALL,-4796.68
2024,10,132,Entity_0132,1.0,L2-ALL,-4532.57
2024,11,132,Entity_0132,1.0,L2-ALL,-5669.92
2024,12,132,Entity_0132,1.0,L2-ALL,-4589.16
2024,1,136,Entity_0136,1.0,L2-ALL,-20428.96
2024,2,136,Entity_0136,1.0,L2-ALL,-34986.66
2024,3,136,Entity_0136,1.0,L2-ALL,-3416.22
2024,4,136,Entity_0136,1.0,L2-ALL,-23362.25
2024,5,136,Entity_0136,1.0,L2-ALL,-22427.07
2024,6,136,Entity_0136,1.0,L2-ALL,-10970.81
2024,7,136,Entity_0136,1.0,L2-ALL,-8435.4
2024,8,136,Entity_0136,1.0,L2-ALL,-18531.19
2024,9,136,Entity_0136,1.0,L2-ALL,-21596.84
2024,10,136,Entity_0136,1.0,L2-ALL,-22607.1
2024,11,136,Entity_0136,1.0,L2-ALL,-17242.42
2024,12,136,Entity_0136,1.0,L2-ALL,-17744.5
2024,1,139,Entity_0139,1.0,L2-ALL,-7135.39
2024,2,139,Entity_0139,1.0,L2-ALL,-6159.5
2024,3,139,Entity_0139,1.0,L2-ALL,-7307.12
2024,4,139,Entity_0139,1.0,L2-ALL,-6719.88
2024,5,139,Entity_0139,1.0,L2-ALL,-7077.71
2024,6,139,Entity_0139,1.0,L2-ALL,-6921.85
2024,7,139,Entity_0139,1.0,L2-ALL,-5223.12
2024,8,139,Entity_0139,1.0,L2-ALL,-6961.92
2024,9,139,Entity_0139,1.0,L2-ALL,-6972.77
2024,10,139,Entity_0139,1.0,L2-ALL,-7198.69
2024,11,139,Entity_0139,1.0,L2-ALL,-6992.95
2024,12,139,Entity_0139,1.0,L2-ALL,-6618.63
2024,1,141,Entity_0141,3.0,L2B,-10418.99
2024,2,141,Entity_0141,3.0,L2B,-10045.66
2024,3,141,Entity_0141,3.0,L2B,-10550.22
2024,4,141,Entity_0141,3.0,L2B,-10019.4
2024,5,141,Entity_0141,3.0,L2B,-9872.13
2024,6,141,Entity_0141,3.0,L2B,-21185.95
2024,7,141,Entity_0141,3.0,L2B,2811.55
2024,8,141,Entity_0141,3.0,L2B,-9694.92
2024,9,141,Entity_0141,3.0,L2B,-10626.23
2024,10,141,Entity_0141,3.0,L2B,-10429.46
2024,11,141,Entity_0141,3.0,L2B,-9435.36
2024,12,141,Entity_0141,3.0,L2B,-17799.91
2024,1,142,Entity_0142,3.0,L2B,-31260.09
2024,2,142,Entity_0142,3.0,L2B,-30140.0
2024,3,142,Entity_0142,3.0,L2B,-31653.84
2024,4,142,Entity_0142,3.0,L2B,-30061.2
2024,5,142,Entity_0142,3.0,L2B,-29619.36
2024,6,142,Entity_0142,3.0,L2B,-63564.22
2024,7,142,Entity_0142,3.0,L2B,8435.49
2024,8,142,Entity_0142,3.0,L2B,-29087.68
2024,9,142,Entity_0142,3.0,L2B,-31881.88
2024,10,142,Entity_0142,3.0,L2B,-31291.51
2024,11,142,Entity_0142,3.0,L2B,-28308.9
2024,12,142,Entity_0142,3.0,L2B,-53405.08
2024,1,144,Entity_0144,1.0,L2-ALL,-12481.83
2024,2,144,Entity_0144,1.0,L2-ALL,-11661.74
2024,3,144,Entity_0144,1.0,L2-ALL,-13521.38
2024,4,144,Entity_0144,1.0,L2-ALL,-12705.42
2024,5,144,Entity_0144,1.0,L2-ALL,-13144.01
2024,6,144,Entity_0144,1.0,L2-ALL,-12747.67
2024,7,144,Entity_0144,1.0,L2-ALL,-10013.6
2024,8,144,Entity_0144,1.0,L2-ALL,-12651.52
2024,9,144,Entity_0144,1.0,L2-ALL,-12810.82
2024,10,144,Entity_0144,1.0,L2-ALL,-13246.45
2024,11,144,Entity_0144,1.0,L2-ALL,-12883.91
2024,12,144,Entity_0144,1.0,L2-ALL,-13248.33
2024,1,145,Entity_0145,1.0,L2-ALL,-7122.43
2024,2,145,Entity_0145,1.0,L2-ALL,-6294.3
2024,3,145,Entity_0145,1.0,L2-ALL,-7806.55
2024,4,145,Entity_0145,1.0,L2-ALL,-7320.33
2024,5,145,Entity_0145,1.0,L2-ALL,-7581.69
2024,6,145,Entity_0145,1.0,L2-ALL,-7345.51
2024,7,145,Entity_0145,1.0,L2-ALL,-2816.81
2024,8,145,Entity_0145,1.0,L2-ALL,-7262.15
2024,9,145,Entity_0145,1.0,L2-ALL,-7383.14
2024,10,145,Entity_0145,1.0,L2-ALL,-7642.73
2024,11,145,Entity_0145,1.0,L2-ALL,-7408.86
2024,12,145,Entity_0145,1.0,L2-ALL,-7607.72
2024,1,146,Entity_0146,1.0,L2-ALL,-7091.26
2024,2,146,Entity_0146,1.0,L2-ALL,-8215.32
2024,3,146,Entity_0146,1.0,L2-ALL,-10022.27
2024,4,146,Entity_0146,1.0,L2-ALL,-9446.16
2024,5,146,Entity_0146,1.0,L2-ALL,-9755.83
2024,6,146,Entity_0146,1.0,L2-ALL,-9476.0
2024,7,146,Entity_0146,1.0,L2-ALL,-5721.11
2024,8,146,Entity_0146,1.0,L2-ALL,-9069.62
2024,9,146,Entity_0146,1.0,L2-ALL,-9520.59
2024,10,146,Entity_0146,1.0,L2-ALL,-8915.67
2024,11,146,Entity_0146,1.0,L2-ALL,-9481.05
2024,12,146,Entity_0146,1.0,L2-ALL,-9797.77
2024,1,148,Entity_0148,1.0,L2-ALL,-9739.42
2024,2,148,Entity_0148,1.0,L2-ALL,-8681.84
2024,3,148,Entity_0148,1.0,L2-ALL,-10797.4
2024,4,148,Entity_0148,1.0,L2-ALL,-9926.99
2024,5,148,Entity_0148,1.0,L2-ALL,-10424.72
2024,6,148,Entity_0148,1.0,L2-ALL,-9972.54
2024,7,148,Entity_0148,1.0,L2-ALL,-7064.56
2024,8,148,Entity_0148,1.0,L2-ALL,-9879.98
2024,9,148,Entity_0148,1.0,L2-ALL,-10041.6
2024,10,148,Entity_0148,1.0,L2-ALL,-9407.06
2024,11,148,Entity_0148,1.0,L2-ALL,-9940.45
2024,12,148,Entity_0148,1.0,L2-ALL,-10481.41
2024,1,153,Entity_0153,1.0,L2-ALL,9580.95
2024,2,153,Entity_0153,1.0,L2-ALL,-11683.58
2024,3,153,Entity_0153,1.0,L2-ALL,-25685.62
2024,4,153,Entity_0153,1.0,L2-ALL,-2783.7
2024,5,153,Entity_0153,1.0,L2-ALL,-14277.53
2024,6,153,Entity_0153,1.0,L2-ALL,-25685.62
2024,7,153,Entity_0153,1.0,L2-ALL,694.31
2024,8,153,Entity_0153,1.0,L2-ALL,-13824.38
2024,9,153,Entity_0153,1.0,L2-ALL,-13984.35
2024,10,153,Entity_0153,1.0,L2-ALL,-2741.93
2024,11,153,Entity_0153,1.0,L2-ALL,-14045.77
2024,12,153,Entity_0153,1.0,L2-ALL,-14370.79
2024,1,155,Entity_0155,1.0,L2-ALL,-20994.5
2024,2,155,Entity_0155,1.0,L2-ALL,-21040.05
2024,3,155,Entity_0155,1.0,L2-ALL,-21622.88
2024,4,155,Entity_0155,1.0,L2-ALL,-21043.57
2024,5,155,Entity_0155,1.0,L2-ALL,-21326.83
2024,6,155,Entity_0155,1.0,L2-ALL,-21076.21
2024,7,155,Entity_0155,1.0,L2-ALL,-19766.72
2024,8,155,Entity_0155,1.0,L2-ALL,-21109.1
2024,9,155,Entity_0155,1.0,L2-ALL,-21155.08
2024,10,155,Entity_0155,1.0,L2-ALL,-21436.01
2024,11,155,Entity_0155,1.0,L2-ALL,-21158.33
2024,12,155,Entity_0155,1.0,L2-ALL,-21468.3
2024,1,157,Entity_0157,1.0,L2-ALL,-14033.08
2024,2,157,Entity_0157,1.0,L2-ALL,-14046.46
2024,3,157,Entity_0157,1.0,L2-ALL,-6377.47
2024,4,157,Entity_0157,1.0,L2-ALL,-13913.63
2024,5,157,Entity_0157,1.0,L2-ALL,-14391.46
2024,6,157,Entity_0157,1.0,L2-ALL,-14087.35
2024,7,157,Entity_0157,1.0,L2-ALL,-11253.97
2024,8,157,Entity_0157,1.0,L2-ALL,-14122.59
2024,9,157,Entity_0157,1.0,L2-ALL,-14139.7
2024,10,157,Entity_0157,1.0,L2-ALL,-14506.29
2024,11,157,Entity_0157,1.0,L2-ALL,-14175.32
2024,12,157,Entity_0157,1.0,L2-ALL,-14440.88
2024,1,160,Entity_0160,1.0,L2-ALL,-15762.54
2024,2,160,Entity_0160,1.0,L2-ALL,-15783.25
2024,3,160,Entity_0160,1.0,L2-ALL,-16538.53
2024,4,160,Entity_0160,1.0,L2-ALL,-15827.33
2024,5,160,Entity_0160,1.0,L2-ALL,-16214.08
2024,6,160,Entity_0160,1.0,L2-ALL,-15870.48
2024,7,160,Entity_0160,1.0,L2-ALL,-13084.5
2024,8,160,Entity_0160,1.0,L2-ALL,-15913.9
2024,9,160,Entity_0160,1.0,L2-ALL,-15935.12
2024,10,160,Entity_0160,1.0,L2-ALL,-16318.74
2024,11,160,Entity_0160,1.0,L2-ALL,-15978.97
2024,12,160,Entity_0160,1.0,L2-ALL,-16361.32
2024,1,165,Entity_0165,1.0,L2-ALL,-9232.9
2024,2,165,Entity_0165,1.0,L2-ALL,-10269.56
2024,3,165,Entity_0165,1.0,L2-ALL,-10359.02
2024,4,165,Entity_0165,1.0,L2-ALL,-10359.02
2024,5,165,Entity_0165,1.0,L2-ALL,-10599.01
2024,6,165,Entity_0165,1.0,L2-ALL,-10430.56
2024,7,165,Entity_0165,1.0,L2-ALL,-7278.18
2024,8,165,Entity_0165,1.0,L2-ALL,-10499.65
2024,9,165,Entity_0165,1.0,L2-ALL,-10536.68
2024,10,165,Entity_0165,1.0,L2-ALL,-10730.44
2024,11,165,Entity_0165,1.0,L2-ALL,-10577.78
2024,12,165,Entity_0165,1.0,L2-ALL,-10744.79
2024,1,166,Entity_0166,1.0,L2-ALL,-14799.03
2024,2,166,Entity_0166,1.0,L2-ALL,-14813.62
2024,3,166,Entity_0166,1.0,L2-ALL,-15364.16
2024,4,166,Entity_0166,1.0,L2-ALL,-14705.87
2024,5,166,Entity_0166,1.0,L2-ALL,-15177.84
2024,6,166,Entity_0166,1.0,L2-ALL,-14923.62
2024,7,166,Entity_0166,1.0,L2-ALL,-11971.75
2024,8,166,Entity_0166,1.0,L2-ALL,-14967.15
2024,9,166,Entity_0166,1.0,L2-ALL,-14977.0
2024,10,166,Entity_0166,1.0,L2-ALL,-15263.8
2024,11,166,Entity_0166,1.0,L2-ALL,-15011.39
2024,12,166,Entity_0166,1.0,L2-ALL,-15245.85
2024,1,167,Entity_0167,1.0,L2-ALL,-6658.01
2024,2,167,Entity_0167,1.0,L2-ALL,-6477.81
2024,3,167,Entity_0167,1.0,L2-ALL,-7427.94
2024,4,167,Entity_0167,1.0,L2-ALL,-6545.69
2024,5,167,Entity_0167,1.0,L2-ALL,-7073.03
2024,6,167,Entity_0167,1.0,L2-ALL,-6709.48
2024,7,167,Entity_0167,1.0,L2-ALL,-3422.47
2024,8,167,Entity_0167,1.0,L2-ALL,-6734.91
2024,9,167,Entity_0167,1.0,L2-ALL,-6746.81
2024,10,167,Entity_0167,1.0,L2-ALL,-7133.57
2024,11,167,Entity_0167,1.0,L2-ALL,-6701.02
2024,12,167,Entity_0167,1.0,L2-ALL,-38092.17
2024,1,169,Entity_0169,1.0,L2-ALL,-15996.37
2024,2,169,Entity_0169,1.0,L2-ALL,-15923.1
2024,3,169,Entity_0169,1.0,L2-ALL,-16960.05
2024,4,169,Entity_0169,1.0,L2-ALL,-15653.65
2024,5,169,Entity_0169,1.0,L2-ALL,-15965.92
2024,6,169,Entity_0169,1.0,L2-ALL,-17315.89
2024,7,169,Entity_0169,1.0,L2-ALL,-11875.33
2024,8,169,Entity_0169,1.0,L2-ALL,4302.04
2024,9,169,Entity_0169,1.0,L2-ALL,-17431.32
2024,10,169,Entity_0169,1.0,L2-ALL,3007.78
2024,11,169,Entity_0169,1.0,L2-ALL,-16665.75
2024,12,169,Entity_0169,1.0,L2-ALL,-16965.19
2024,1,170,Entity_0170,1.0,L2-ALL,-7998.18
2024,2,170,Entity_0170,1.0,L2-ALL,-7961.55
2024,3,170,Entity_0170,1.0,L2-ALL,-8480.02
2024,4,170,Entity_0170,1.0,L2-ALL,-7826.82
2024,5,170,Entity_0170,1.0,L2-ALL,-7982.96
2024,6,170,Entity_0170,1.0,L2-ALL,-8657.94
2024,7,170,Entity_0170,1.0,L2-ALL,-5937.66
2024,8,170,Entity_0170,1.0,L2-ALL,2151.02
2024,9,170,Entity_0170,1.0,L2-ALL,-8715.66
2024,10,170,Entity_0170,1.0,L2-ALL,1503.89
2024,11,170,Entity_0170,1.0,L2-ALL,-8332.88
2024,12,170,Entity_0170,1.0,L2-ALL,-8482.59
2024,1,173,Entity_0173,1.0,L2-ALL,-12190.94
2024,2,173,Entity_0173,1.0,L2-ALL,-11487.03
2024,3,173,Entity_0173,1.0,L2-ALL,-12619.42
2024,4,173,Entity_0173,1.0,L2-ALL,-11919.5
2024,5,173,Entity_0173,1.0,L2-ALL,-12346.58
2024,6,173,Entity_0173,1.0,L2-ALL,-12089.74
2024,7,173,Entity_0173,1.0,L2-ALL,-8534.7
2024,8,173,Entity_0173,1.0,L2-ALL,-12121.45
2024,9,173,Entity_0173,1.0,L2-ALL,-12136.92
2024,10,173,Entity_0173,1.0,L2-ALL,-12452.98
2024,11,173,Entity_0173,1.0,L2-ALL,-12168.95
2024,12,173,Entity_0173,1.0,L2-ALL,-12384.08
2024,1,174,Entity_0174,1.0,L2-ALL,-14215.1
2024,2,174,Entity_0174,1.0,L2-ALL,-14409.1
2024,3,174,Entity_0174,1.0,L2-ALL,-15074.05
2024,4,174,Entity_0174,1.0,L2-ALL,-14445.89
2024,5,174,Entity_0174,1.0,L2-ALL,-14786.41
2024,6,174,Entity_0174,1.0,L2-ALL,-14483.44
2024,7,174,Entity_0174,1.0,L2-ALL,-13201.48
2024,8,174,Entity_0174,1.0,L2-ALL,-14451.77
2024,9,174,Entity_0174,1.0,L2-ALL,-14540.31
2024,10,174,Entity_0174,1.0,L2-ALL,-14876.65
2024,11,174,Entity_0174,1.0,L2-ALL,-14577.19
2024,12,174,Entity_0174,1.0,L2-ALL,-14784.26
2024,1,175,Entity_0175,1.0,L2-ALL,-10598.02
2024,2,175,Entity_0175,1.0,L2-ALL,-10022.46
2024,3,175,Entity_0175,1.0,L2-ALL,-10989.37
2024,4,175,Entity_0175,1.0,L2-ALL,-10632.79
2024,5,175,Entity_0175,1.0,L2-ALL,-10827.78
2024,6,175,Entity_0175,1.0,L2-ALL,-10655.95
2024,7,175,Entity_0175,1.0,L2-ALL,-6451.2
2024,8,175,Entity_0175,1.0,L2-ALL,-10679.26
2024,9,175,Entity_0175,1.0,L2-ALL,-10690.69
2024,10,175,Entity_0175,1.0,L2-ALL,-10883.98
2024,11,175,Entity_0175,1.0,L2-ALL,-10714.19
2024,12,175,Entity_0175,1.0,L2-ALL,-10906.8
2024,1,176,Entity_0176,1.0,L2-ALL,-72226.29
2024,2,176,Entity_0176,1.0,L2-ALL,-29428.87
2024,3,176,Entity_0176,1.0,L2-ALL,12656.37
2024,4,176,Entity_0176,1.0,L2-ALL,-71606.75
2024,5,176,Entity_0176,1.0,L2-ALL,-29829.06
2024,6,176,Entity_0176,1.0,L2-ALL,13366.33
2024,7,176,Entity_0176,1.0,L2-ALL,-24797.98
2024,8,176,Entity_0176,1.0,L2-ALL,-29540.89
2024,9,176,Entity_0176,1.0,L2-ALL,-72454.0
2024,10,176,Entity_0176,1.0,L2-ALL,12887.11
2024,11,176,Entity_0176,1.0,L2-ALL,-29551.66
2024,12,176,Entity_0176,1.0,L2-ALL,-50076.95
2024,1,177,Entity_0177,1.0,L2-ALL,-12689.74
2024,2,177,Entity_0177,1.0,L2-ALL,-12677.51
2024,3,177,Entity_0177,1.0,L2-ALL,-13235.08
2024,4,177,Entity_0177,1.0,L2-ALL,-12541.24
2024,5,177,Entity_0177,1.0,L2-ALL,-12965.49
2024,6,177,Entity_0177,1.0,L2-ALL,-12711.79
2024,7,177,Entity_0177,1.0,L2-ALL,-11374.55
2024,8,177,Entity_0177,1.0,L2-ALL,-12743.8
2024,9,177,Entity_0177,1.0,L2-ALL,-12759.44
2024,10,177,Entity_0177,1.0,L2-ALL,-13042.63
2024,11,177,Entity_0177,1.0,L2-ALL,-12791.75
2024,12,177,Entity_0177,1.0,L2-ALL,-12724.0
2024,1,178,Entity_0178,1.0,L2-ALL,-14000.52
2024,2,178,Entity_0178,1.0,L2-ALL,-13059.61
2024,3,178,Entity_0178,1.0,L2-ALL,-15053.4
2024,4,178,Entity_0178,1.0,L2-ALL,-14426.45
2024,5,178,Entity_0178,1.0,L2-ALL,-14767.42
2024,6,178,Entity_0178,1.0,L2-ALL,-14464.53
2024,7,178,Entity_0178,1.0,L2-ALL,-11584.17
2024,8,178,Entity_0178,1.0,L2-ALL,-14502.86
2024,9,178,Entity_0178,1.0,L2-ALL,-14495.6
2024,10,178,Entity_0178,1.0,L2-ALL,-14859.8
2024,11,178,Entity_0178,1.0,L2-ALL,-14560.3
2024,12,178,Entity_0178,1.0,L2-ALL,-14897.37
2024,1,181,Entity_0181,1.0,L2-ALL,-48384.84
2024,2,181,Entity_0181,1.0,L2-ALL,-21534.68
2024,3,181,Entity_0181,1.0,L2-ALL,-8824.7
2024,4,181,Entity_0181,1.0,L2-ALL,-42688.98
2024,5,181,Entity_0181,1.0,L2-ALL,-30750.37
2024,6,181,Entity_0181,1.0,L2-ALL,6028.31
2024,7,181,Entity_0181,1.0,L2-ALL,-23027.56
2024,8,181,Entity_0181,1.0,L2-ALL,-16394.22
2024,9,181,Entity_0181,1.0,L2-ALL,-44881.75
2024,10,181,Entity_0181,1.0,L2-ALL,-2083.15
2024,11,181,Entity_0181,1.0,L2-ALL,-17663.07
2024,12,181,Entity_0181,1.0,L2-ALL,-48065.29
2024,1,186,Entity_0186,1.0,L2-ALL,-2932.01
2024,2,186,Entity_0186,1.0,L2-ALL,-3130.92
2024,3,186,Entity_0186,1.0,L2-ALL,-3062.97
2024,4,186,Entity_0186,1.0,L2-ALL,-3010.22
2024,5,186,Entity_0186,1.0,L2-ALL,-3197.54
2024,6,186,Entity_0186,1.0,L2-ALL,-3153.26
2024,7,186,Entity_0186,1.0,L2-ALL,-33.7
2024,8,186,Entity_0186,1.0,L2-ALL,-3156.5
2024,9,186,Entity_0186,1.0,L2-ALL,-2789.5
2024,10,186,Entity_0186,1.0,L2-ALL,-3218.04
2024,11,186,Entity_0186,1.0,L2-ALL,-3106.81
2024,12,186,Entity_0186,1.0,L2-ALL,-3154.08
2024,1,188,Entity_0188,1.0,L2-ALL,-8480.6
2024,2,188,Entity_0188,1.0,L2-ALL,-8628.0
2024,3,188,Entity_0188,1.0,L2-ALL,-8890.58
2024,4,188,Entity_0188,1.0,L2-ALL,-8697.8
2024,5,188,Entity_0188,1.0,L2-ALL,-8839.57
2024,6,188,Entity_0188,1.0,L2-ALL,-8749.99
2024,7,188,Entity_0188,1.0,L2-ALL,-7268.89
2024,8,188,Entity_0188,1.0,L2-ALL,-8801.52
2024,9,188,Entity_0188,1.0,L2-ALL,-8829.43
2024,10,188,Entity_0188,1.0,L2-ALL,-8928.85
2024,11,188,Entity_0188,1.0,L2-ALL,-8866.68
2024,12,188,Entity_0188,1.0,L2-ALL,-8948.17
2024,1,189,Entity_0189,1.0,L2-ALL,-11806.32
2024,2,189,Entity_0189,1.0,L2-ALL,-12824.45
2024,3,189,Entity_0189,1.0,L2-ALL,-12812.27
2024,4,189,Entity_0189,1.0,L2-ALL,-12120.14
2024,5,189,Entity_0189,1.0,L2-ALL,-12209.05
2024,6,189,Entity_0189,1.0,L2-ALL,-12886.0
2024,7,189,Entity_0189,1.0,L2-ALL,-9708.19
2024,8,189,Entity_0189,1.0,L2-ALL,-12920.06
2024,9,189,Entity_0189,1.0,L2-ALL,-12938.15
2024,10,189,Entity_0189,1.0,L2-ALL,-12954.3
2024,11,189,Entity_0189,1.0,L2-ALL,-12967.49
2024,12,189,Entity_0189,1.0,L2-ALL,-12837.03
2024,1,190,Entity_0190,1.0,L2-ALL,-14824.99
2024,2,190,Entity_0190,1.0,L2-ALL,-13761.1
2024,3,190,Entity_0190,1.0,L2-ALL,-15573.56
2024,4,190,Entity_0190,1.0,L2-ALL,-14995.3
2024,5,190,Entity_0190,1.0,L2-ALL,-15308.61
2024,6,190,Entity_0190,1.0,L2-ALL,-15028.79
2024,7,190,Entity_0190,1.0,L2-ALL,-10541.81
2024,8,190,Entity_0190,1.0,L2-ALL,-14923.74
2024,9,190,Entity_0190,1.0,L2-ALL,-15078.96
2024,10,190,Entity_0190,1.0,L2-ALL,-15368.32
2024,11,190,Entity_0190,1.0,L2-ALL,-15112.96
2024,12,190,Entity_0190,1.0,L2-ALL,-15352.82
2024,1,192,Entity_0192,1.0,L2-ALL,-4684.06
2024,2,192,Entity_0192,1.0,L2-ALL,-5120.0
2024,3,192,Entity_0192,1.0,L2-ALL,-5285.39
2024,4,192,Entity_0192,1.0,L2-ALL,-4832.19
2024,5,192,Entity_0192,1.0,L2-ALL,-12822.95
2024,6,192,Entity_0192,1.0,L2-ALL,-5156.38
2024,7,192,Entity_0192,1.0,L2-ALL,-2076.09
2024,8,192,Entity_0192,1.0,L2-ALL,-5086.86
2024,9,192,Entity_0192,1.0,L2-ALL,-1649.97
2024,10,192,Entity_0192,1.0,L2-ALL,-9575.11
2024,11,192,Entity_0192,1.0,L2-ALL,-9091.19
2024,12,192,Entity_0192,1.0,L2-ALL,-9007.29
2024,1,193,Entity_0193,1.0,L2-ALL,38323.71
2024,2,193,Entity_0193,1.0,L2-ALL,-204.97
2024,3,193,Entity_0193,1.0,L2-ALL,-3266.41
2024,4,193,Entity_0193,1.0,L2-ALL,-3784.12
2024,5,193,Entity_0193,1.0,L2-ALL,-3381.19
2024,6,193,Entity_0193,1.0,L2-ALL,-3531.87
2024,7,193,Entity_0193,1.0,L2-ALL,-1757.71
2024,8,193,Entity_0193,1.0,L2-ALL,33.42
2024,9,193,Entity_0193,1.0,L2-ALL,-3365.68
2024,10,193,Entity_0193,1.0,L2-ALL,-3370.85
2024,11,193,Entity_0193,1.0,L2-ALL,-530.31
2024,12,193,Entity_0193,1.0,L2-ALL,-7916.67
2024,1,196,Entity_0196,1.0,L2-ALL,-21041.88
2024,2,196,Entity_0196,1.0,L2-ALL,-11676.54
2024,3,196,Entity_0196,1.0,L2-ALL,-12164.74
2024,4,196,Entity_0196,1.0,L2-ALL,-11715.62
2024,5,196,Entity_0196,1.0,L2-ALL,-11960.23
2024,6,196,Entity_0196,1.0,L2-ALL,-11743.4
2024,7,196,Entity_0196,1.0,L2-ALL,-12100.27
2024,8,196,Entity_0196,1.0,L2-ALL,-11771.36
2024,9,196,Entity_0196,1.0,L2-ALL,-11785.05
2024,10,196,Entity_0196,1.0,L2-ALL,-11998.62
2024,11,196,Entity_0196,1.0,L2-ALL,-11813.25
2024,12,196,Entity_0196,1.0,L2-ALL,-10055.0
2024,1,198,Entity_0198,1.0,L2-ALL,33.28
2024,2,198,Entity_0198,1.0,L2-ALL,-8922.08
2024,3,198,Entity_0198,1.0,L2-ALL,-9207.0
2024,4,198,Entity_0198,1.0,L2-ALL,-8796.13
2024,5,198,Entity_0198,1.0,L2-ALL,-4523.58
2024,6,198,Entity_0198,1.0,L2-ALL,-13516.07
2024,7,198,Entity_0198,1.0,L2-ALL,-3023.56
2024,8,198,Entity_0198,1.0,L2-ALL,-9012.43
2024,9,198,Entity_0198,1.0,L2-ALL,-9015.44
2024,10,198,Entity_0198,1.0,L2-ALL,-9171.92
2024,11,198,Entity_0198,1.0,L2-ALL,-9032.03
2024,12,198,Entity_0198,1.0,L2-ALL,-9144.25
2024,1,200,Entity_0200,1.0,L2-ALL,66.57
2024,2,200,Entity_0200,1.0,L2-ALL,-17844.15
2024,3,200,Entity_0200,1.0,L2-ALL,-18413.99
2024,4,200,Entity_0200,1.0,L2-ALL,-17592.26
2024,5,200,Entity_0200,1.0,L2-ALL,-9047.15
2024,6,200,Entity_0200,1.0,L2-ALL,-27032.14
2024,7,200,Entity_0200,1.0,L2-ALL,-6047.12
2024,8,200,Entity_0200,1.0,L2-ALL,-18024.86
2024,9,200,Entity_0200,1.0,L2-ALL,-18030.88
2024,10,200,Entity_0200,1.0,L2-ALL,-18343.84
2024,11,200,Entity_0200,1.0,L2-ALL,-18064.07
2024,12,200,Entity_0200,1.0,L2-ALL,-18288.5
2024,1,201,Entity_0201,1.0,L2-ALL,-9846.95
2024,2,201,Entity_0201,1.0,L2-ALL,-9858.19
2024,3,201,Entity_0201,1.0,L2-ALL,-10125.37
2024,4,201,Entity_0201,1.0,L2-ALL,-9811.98
2024,5,201,Entity_0201,1.0,L2-ALL,-10089.89
2024,6,201,Entity_0201,1.0,L2-ALL,-9905.31
2024,7,201,Entity_0201,1.0,L2-ALL,-7824.21
2024,8,201,Entity_0201,1.0,L2-ALL,-7247.78
2024,9,201,Entity_0201,1.0,L2-ALL,-9190.27
2024,10,201,Entity_0201,1.0,L2-ALL,-10105.22
2024,11,201,Entity_0201,1.0,L2-ALL,-9963.95
2024,12,201,Entity_0201,1.0,L2-ALL,-10169.46
2024,1,211,Entity_0211,1.0,L2-ALL,-119163.82
2024,2,211,Entity_0211,1.0,L2-ALL,-29300.76
2024,3,211,Entity_0211,1.0,L2-ALL,-4109.04
2024,4,211,Entity_0211,1.0,L2-ALL,-63158.67
2024,5,211,Entity_0211,1.0,L2-ALL,-62010.24
2024,6,211,Entity_0211,1.0,L2-ALL,-66697.16
2024,7,211,Entity_0211,1.0,L2-ALL,44222.26
2024,8,211,Entity_0211,1.0,L2-ALL,-56600.7
2024,9,211,Entity_0211,1.0,L2-ALL,-66573.65
2024,10,211,Entity_0211,1.0,L2-ALL,34568.41
2024,11,211,Entity_0211,1.0,L2-ALL,-61405.18
2024,12,211,Entity_0211,1.0,L2-ALL,-182146.48
2024,1,212,Entity_0212,1.0,L2-ALL,-190662.11
2024,2,212,Entity_0212,1.0,L2-ALL,-46881.21
2024,3,212,Entity_0212,1.0,L2-ALL,-6574.47
2024,4,212,Entity_0212,1.0,L2-ALL,-101053.87
2024,5,212,Entity_0212,1.0,L2-ALL,-99216.38
2024,6,212,Entity_0212,1.0,L2-ALL,-106715.46
2024,7,212,Entity_0212,1.0,L2-ALL,70755.62
2024,8,212,Entity_0212,1.0,L2-ALL,-90561.12
2024,9,212,Entity_0212,1.0,L2-ALL,-106517.84
2024,10,212,Entity_0212,1.0,L2-ALL,55309.45
2024,11,212,Entity_0212,1.0,L2-ALL,-98248.29
2024,12,212,Entity_0212,1.0,L2-ALL,-291434.37
2024,1,214,Entity_0214,1.0,L2-ALL,-13591.47
2024,2,214,Entity_0214,1.0,L2-ALL,-12424.34
2024,3,214,Entity_0214,1.0,L2-ALL,12219.24
2024,4,214,Entity_0214,1.0,L2-ALL,-12509.71
2024,5,214,Entity_0214,1.0,L2-ALL,-12813.16
2024,6,214,Entity_0214,1.0,L2-ALL,-12619.57
2024,7,214,Entity_0214,1.0,L2-ALL,-11149.41
2024,8,214,Entity_0214,1.0,L2-ALL,-12606.25
2024,9,214,Entity_0214,1.0,L2-ALL,12389.37
2024,10,214,Entity_0214,1.0,L2-ALL,-12705.1
2024,11,214,Entity_0214,1.0,L2-ALL,-12582.67
2024,12,214,Entity_0214,1.0,L2-ALL,-52163.27
2024,1,215,Entity_0215,1.0,L2-ALL,-8562.08
2024,2,215,Entity_0215,1.0,L2-ALL,-8599.37
2024,3,215,Entity_0215,1.0,L2-ALL,-8841.49
2024,4,215,Entity_0215,1.0,L2-ALL,-8150.53
2024,5,215,Entity_0215,1.0,L2-ALL,-8739.0
2024,6,215,Entity_0215,1.0,L2-ALL,-8647.56
2024,7,215,Entity_0215,1.0,L2-ALL,-7190.78
2024,8,215,Entity_0215,1.0,L2-ALL,-8665.76
2024,9,215,Entity_0215,1.0,L2-ALL,-7858.85
2024,10,215,Entity_0215,1.0,L2-ALL,-8786.28
2024,11,215,Entity_0215,1.0,L2-ALL,-8691.63
2024,12,215,Entity_0215,1.0,L2-ALL,-8768.53
2024,1,216,Entity_0216,1.0,L2-ALL,-13055.97
2024,2,216,Entity_0216,1.0,L2-ALL,-12982.99
2024,3,216,Entity_0216,1.0,L2-ALL,-13441.96
2024,4,216,Entity_0216,1.0,L2-ALL,-13006.45
2024,5,216,Entity_0216,1.0,L2-ALL,-13243.66
2024,6,216,Entity_0216,1.0,L2-ALL,-12830.42
2024,7,216,Entity_0216,1.0,L2-ALL,-11648.01
2024,8,216,Entity_0216,1.0,L2-ALL,-12983.85
2024,9,216,Entity_0216,1.0,L2-ALL,-13073.83
2024,10,216,Entity_0216,1.0,L2-ALL,-13309.06
2024,11,216,Entity_0216,1.0,L2-ALL,-13101.19
2024,12,216,Entity_0216,1.0,L2-ALL,-13173.61
2024,1,218,Entity_0218,1.0,L2-ALL,-17124.16
2024,2,218,Entity_0218,1.0,L2-ALL,-17198.74
2024,3,218,Entity_0218,1.0,L2-ALL,-17682.98
2024,4,218,Entity_0218,1.0,L2-ALL,-16301.07
2024,5,218,Entity_0218,1.0,L2-ALL,-17478.0
2024,6,218,Entity_0218,1.0,L2-ALL,-17295.13
2024,7,218,Entity_0218,1.0,L2-ALL,-14381.55
2024,8,218,Entity_0218,1.0,L2-ALL,-17331.52
2024,9,218,Entity_0218,1.0,L2-ALL,-15717.7
2024,10,218,Entity_0218,1.0,L2-ALL,-17572.57
2024,11,218,Entity_0218,1.0,L2-ALL,-17383.25
2024,12,218,Entity_0218,1.0,L2-ALL,-17537.07
2024,1,220,Entity_0220,3.0,L2B,-5561.78
2024,2,220,Entity_0220,3.0,L2B,-7595.81
2024,3,220,Entity_0220,3.0,L2B,-7932.57
2024,4,220,Entity_0220,3.0,L2B,-7588.21
2024,5,220,Entity_0220,3.0,L2B,-15988.59
2024,6,220,Entity_0220,3.0,L2B,-7369.01
2024,7,220,Entity_0220,3.0,L2B,-1141.12
2024,8,220,Entity_0220,3.0,L2B,-9151.0
2024,9,220,Entity_0220,3.0,L2B,-8949.7
2024,10,220,Entity_0220,3.0,L2B,-8870.15
2024,11,220,Entity_0220,3.0,L2B,-8969.48
2024,12,220,Entity_0220,3.0,L2B,-9105.02
2024,1,221,Entity_0221,3.0,L2B,-9054.72
2024,2,221,Entity_0221,3.0,L2B,-12176.67
2024,3,221,Entity_0221,3.0,L2B,-12716.53
2024,4,221,Entity_0221,3.0,L2B,-12163.98
2024,5,221,Entity_0221,3.0,L2B,-25630.38
2024,6,221,Entity_0221,3.0,L2B,-11812.53
2024,7,221,Entity_0221,3.0,L2B,-1828.73
2024,8,221,Entity_0221,3.0,L2B,-14667.39
2024,9,221,Entity_0221,3.0,L2B,-14342.37
2024,10,221,Entity_0221,3.0,L2B,-14212.98
2024,11,221,Entity_0221,3.0,L2B,-14371.93
2024,12,221,Entity_0221,3.0,L2B,-14600.81
2024,1,222,Entity_0222,3.0,L2B,-30852.73
2024,2,222,Entity_0222,3.0,L2B,-22978.91
2024,3,222,Entity_0222,3.0,L2B,-206750.2
2024,4,222,Entity_0222,3.0,L2B,-14556.27
2024,5,222,Entity_0222,3.0,L2B,-34502.78
2024,6,222,Entity_0222,3.0,L2B,-50257.19
2024,7,222,Entity_0222,3.0,L2B,-24905.93
2024,8,222,Entity_0222,3.0,L2B,-46308.16
2024,9,222,Entity_0222,3.0,L2B,-49907.25
2024,10,222,Entity_0222,3.0,L2B,-30829.34
2024,11,222,Entity_0222,3.0,L2B,-33934.96
2024,12,222,Entity_0222,3.0,L2B,-24031.83
2024,1,224,Entity_0224,3.0,L2B,-30182.4
2024,2,224,Entity_0224,3.0,L2B,-40588.91
2024,3,224,Entity_0224,3.0,L2B,-42388.42
2024,4,224,Entity_0224,3.0,L2B,-40546.59
2024,5,224,Entity_0224,3.0,L2B,-85434.6
2024,6,224,Entity_0224,3.0,L2B,-39375.1
2024,7,224,Entity_0224,3.0,L2B,-6095.75
2024,8,224,Entity_0224,3.0,L2B,-48891.31
2024,9,224,Entity_0224,3.0,L2B,-47807.91
2024,10,224,Entity_0224,3.0,L2B,-47376.6
2024,11,224,Entity_0224,3.0,L2B,-47906.45
2024,12,224,Entity_0224,3.0,L2B,-48669.38
2024,1,226,Entity_0226,1.0,L2-ALL,30660.81
2024,2,226,Entity_0226,1.0,L2-ALL,-9142.57
2024,3,226,Entity_0226,1.0,L2-ALL,-9160.99
2024,4,226,Entity_0226,1.0,L2-ALL,-9635.98
2024,5,226,Entity_0226,1.0,L2-ALL,-8703.37
2024,6,226,Entity_0226,1.0,L2-ALL,-9937.24
2024,7,226,Entity_0226,1.0,L2-ALL,-9237.76
2024,8,226,Entity_0226,1.0,L2-ALL,-7722.33
2024,9,226,Entity_0226,1.0,L2-ALL,-9681.48
2024,10,226,Entity_0226,1.0,L2-ALL,-9500.24
2024,11,226,Entity_0226,1.0,L2-ALL,-8802.67
2024,12,226,Entity_0226,1.0,L2-ALL,-7480.73
2024,1,231,Entity_0231,1.0,L2-ALL,-17399.51
2024,2,231,Entity_0231,1.0,L2-ALL,-17425.51
2024,3,231,Entity_0231,1.0,L2-ALL,-17421.52
2024,4,231,Entity_0231,1.0,L2-ALL,-17477.51
2024,5,231,Entity_0231,1.0,L2-ALL,-17503.51
2024,6,231,Entity_0231,1.0,L2-ALL,-17525.51
2024,7,231,Entity_0231,1.0,L2-ALL,-14384.04
2024,8,231,Entity_0231,1.0,L2-ALL,-17581.51
2024,9,231,Entity_0231,1.0,L2-ALL,-17749.04
2024,10,231,Entity_0231,1.0,L2-ALL,-18164.26
2024,11,231,Entity_0231,1.0,L2-ALL,-18184.26
2024,12,231,Entity_0231,1.0,L2-ALL,-18215.26
2024,1,235,Entity_0235,1.0,L2-ALL,-14128.6
2024,2,235,Entity_0235,1.0,L2-ALL,-4546.52
2024,3,235,Entity_0235,1.0,L2-ALL,4538.48
2024,4,235,Entity_0235,1.0,L2-ALL,-14092.84
2024,5,235,Entity_0235,1.0,L2-ALL,4731.03
2024,6,235,Entity_0235,1.0,L2-ALL,-4658.63
2024,7,235,Entity_0235,1.0,L2-ALL,-11722.76
2024,8,235,Entity_0235,1.0,L2-ALL,4886.68
2024,9,235,Entity_0235,1.0,L2-ALL,-14185.47
2024,10,235,Entity_0235,1.0,L2-ALL,-4388.57
2024,11,235,Entity_0235,1.0,L2-ALL,4930.26
2024,12,235,Entity_0235,1.0,L2-ALL,-24562.85
2024,1,237,Entity_0237,1.0,L2-ALL,-28257.21
2024,2,237,Entity_0237,1.0,L2-ALL,-9093.04
2024,3,237,Entity_0237,1.0,L2-ALL,9076.96
2024,4,237,Entity_0237,1.0,L2-ALL,-28185.68
2024,5,237,Entity_0237,1.0,L2-ALL,9462.07
2024,6,237,Entity_0237,1.0,L2-ALL,-9317.25
2024,7,237,Entity_0237,1.0,L2-ALL,-23445.53
2024,8,237,Entity_0237,1.0,L2-ALL,9773.35
2024,9,237,Entity_0237,1.0,L2-ALL,-28370.94
2024,10,237,Entity_0237,1.0,L2-ALL,-8777.15
2024,11,237,Entity_0237,1.0,L2-ALL,9860.52
2024,12,237,Entity_0237,1.0,L2-ALL,-49125.7
2024,1,239,Entity_0239,1.0,L2-ALL,-13796.4
2024,2,239,Entity_0239,1.0,L2-ALL,-15274.17
2024,3,239,Entity_0239,1.0,L2-ALL,-15261.17
2024,4,239,Entity_0239,1.0,L2-ALL,-15306.17
2024,5,239,Entity_0239,1.0,L2-ALL,-15321.17
2024,6,239,Entity_0239,1.0,L2-ALL,-15332.17
2024,7,239,Entity_0239,1.0,L2-ALL,-12180.7
2024,8,239,Entity_0239,1.0,L2-ALL,-15286.48
2024,9,239,Entity_0239,1.0,L2-ALL,-15383.17
2024,10,239,Entity_0239,1.0,L2-ALL,-15398.17
2024,11,239,Entity_0239,1.0,L2-ALL,-15407.17
2024,12,239,Entity_0239,1.0,L2-ALL,-15355.17
2024,1,241,Entity_0241,1.0,L2-ALL,-5317.87
2024,2,241,Entity_0241,1.0,L2-ALL,-5408.13
2024,3,241,Entity_0241,1.0,L2-ALL,-5546.26
2024,4,241,Entity_0241,1.0,L2-ALL,-5347.52
2024,5,241,Entity_0241,1.0,L2-ALL,-3498.28
2024,6,241,Entity_0241,1.0,L2-ALL,-5509.18
2024,7,241,Entity_0241,1.0,L2-ALL,-3429.26
2024,8,241,Entity_0241,1.0,L2-ALL,-5452.9
2024,9,241,Entity_0241,1.0,L2-ALL,-5508.59
2024,10,241,Entity_0241,1.0,L2-ALL,-5466.91
2024,11,241,Entity_0241,1.0,L2-ALL,-5537.78
2024,12,241,Entity_0241,1.0,L2-ALL,-5420.54
2024,1,242,Entity_0242,1.0,L2-ALL,-10635.74
2024,2,242,Entity_0242,1.0,L2-ALL,-10816.26
2024,3,242,Entity_0242,1.0,L2-ALL,-11092.51
2024,4,242,Entity_0242,1.0,L2-ALL,-10695.05
2024,5,242,Entity_0242,1.0,L2-ALL,-6996.57
2024,6,242,Entity_0242,1.0,L2-ALL,-11018.36
2024,7,242,Entity_0242,1.0,L2-ALL,-6858.53
2024,8,242,Entity_0242,1.0,L2-ALL,-10905.8
2024,9,242,Entity_0242,1.0,L2-ALL,-11017.17
2024,10,242,Entity_0242,1.0,L2-ALL,-10933.81
2024,11,242,Entity_0242,1.0,L2-ALL,-11075.57
2024,12,242,Entity_0242,1.0,L2-ALL,-10841.08
2024,1,245,Entity_0245,1.0,L2-ALL,-4462.16
2024,2,245,Entity_0245,1.0,L2-ALL,-8219.43
2024,3,245,Entity_0245,1.0,L2-ALL,-10542.98
2024,4,245,Entity_0245,1.0,L2-ALL,-10237.88
2024,5,245,Entity_0245,1.0,L2-ALL,-9104.92
2024,6,245,Entity_0245,1.0,L2-ALL,-10257.99
2024,7,245,Entity_0245,1.0,L2-ALL,-8663.86
2024,8,245,Entity_0245,1.0,L2-ALL,19721.8
2024,9,245,Entity_0245,1.0,L2-ALL,-10211.46
2024,10,245,Entity_0245,1.0,L2-ALL,-10453.69
2024,11,245,Entity_0245,1.0,L2-ALL,-10308.51
2024,12,245,Entity_0245,1.0,L2-ALL,-12473.45
2024,1,248,Entity_0248,1.0,L2-ALL,-26094.99
2024,2,248,Entity_0248,1.0,L2-ALL,-14994.85
2024,3,248,Entity_0248,1.0,L2-ALL,-3952.75
2024,4,248,Entity_0248,1.0,L2-ALL,-25976.2
2024,5,248,Entity_0248,1.0,L2-ALL,-15315.37
2024,6,248,Entity_0248,1.0,L2-ALL,-4069.48
2024,7,248,Entity_0248,1.0,L2-ALL,-14079.32
2024,8,248,Entity_0248,1.0,L2-ALL,-15206.58
2024,9,248,Entity_0248,1.0,L2-ALL,-26237.39
2024,10,248,Entity_0248,1.0,L2-ALL,-4298.26
2024,11,248,Entity_0248,1.0,L2-ALL,-15187.96
2024,12,248,Entity_0248,1.0,L2-ALL,-15373.77
2024,1,249,Entity_0249,1.0,L2-ALL,-52189.98
2024,2,249,Entity_0249,1.0,L2-ALL,-29989.69
2024,3,249,Entity_0249,1.0,L2-ALL,-7905.5
2024,4,249,Entity_0249,1.0,L2-ALL,-51952.4
2024,5,249,Entity_0249,1.0,L2-ALL,-30630.74
2024,6,249,Entity_0249,1.0,L2-ALL,-8138.96
2024,7,249,Entity_0249,1.0,L2-ALL,-28158.64
2024,8,249,Entity_0249,1.0,L2-ALL,-30413.15
2024,9,249,Entity_0249,1.0,L2-ALL,-52474.77
2024,10,249,Entity_0249,1.0,L2-ALL,-8596.52
2024,11,249,Entity_0249,1.0,L2-ALL,-30375.91
2024,12,249,Entity_0249,1.0,L2-ALL,-30747.54
2024,1,250,Entity_0250,1.0,L2-ALL,-14499.16
2024,2,250,Entity_0250,1.0,L2-ALL,-8376.12
2024,3,250,Entity_0250,1.0,L2-ALL,-2110.25
2024,4,250,Entity_0250,1.0,L2-ALL,-14510.39
2024,5,250,Entity_0250,1.0,L2-ALL,-8557.31
2024,6,250,Entity_0250,1.0,L2-ALL,-2275.3
2024,7,250,Entity_0250,1.0,L2-ALL,-7866.87
2024,8,250,Entity_0250,1.0,L2-ALL,-8496.57
2024,9,250,Entity_0250,1.0,L2-ALL,-14659.93
2024,10,250,Entity_0250,1.0,L2-ALL,-2309.09
2024,11,250,Entity_0250,1.0,L2-ALL,-8490.08
2024,12,250,Entity_0250,1.0,L2-ALL,-8575.35
2024,1,254,Entity_0254,1.0,L2-ALL,-7091.71
2024,2,254,Entity_0254,1.0,L2-ALL,-7472.85
2024,3,254,Entity_0254,1.0,L2-ALL,-7727.69
2024,4,254,Entity_0254,1.0,L2-ALL,-7488.2
2024,5,254,Entity_0254,1.0,L2-ALL,-7618.83
2024,6,254,Entity_0254,1.0,L2-ALL,-7300.29
2024,7,254,Entity_0254,1.0,L2-ALL,8750.93
2024,8,254,Entity_0254,1.0,L2-ALL,4176.53
2024,9,254,Entity_0254,1.0,L2-ALL,-7509.92
2024,10,254,Entity_0254,1.0,L2-ALL,-6664.69
2024,11,254,Entity_0254,1.0,L2-ALL,-7411.22
2024,12,254,Entity_0254,1.0,L2-ALL,-8427.14
2024,1,284,Entity_0284,1.0,L2-ALL,-17814.94
2024,2,284,Entity_0284,1.0,L2-ALL,-17821.17
2024,3,284,Entity_0284,1.0,L2-ALL,-17917.05
2024,4,284,Entity_0284,1.0,L2-ALL,-17834.35
2024,5,284,Entity_0284,1.0,L2-ALL,-18488.57
2024,6,284,Entity_0284,1.0,L2-ALL,-17847.27
2024,7,284,Entity_0284,1.0,L2-ALL,-13520.0
2024,8,284,Entity_0284,1.0,L2-ALL,-17860.26
2024,9,284,Entity_0284,1.0,L2-ALL,-17866.63
2024,10,284,Entity_0284,1.0,L2-ALL,-17985.72
2024,11,284,Entity_0284,1.0,L2-ALL,-17809.73
2024,12,284,Entity_0284,1.0,L2-ALL,-12002.61
2024,1,291,Entity_0291,1.0,L2-ALL,-14236.21
2024,2,291,Entity_0291,1.0,L2-ALL,-14253.53
2024,3,291,Entity_0291,1.0,L2-ALL,-14891.31
2024,4,291,Entity_0291,1.0,L2-ALL,-14290.1
2024,5,291,Entity_0291,1.0,L2-ALL,-14616.6
2024,6,291,Entity_0291,1.0,L2-ALL,-14325.99
2024,7,291,Entity_0291,1.0,L2-ALL,-11479.96
2024,8,291,Entity_0291,1.0,L2-ALL,-14362.08
2024,9,291,Entity_0291,1.0,L2-ALL,-14379.76
2024,10,291,Entity_0291,1.0,L2-ALL,-14703.62
2024,11,291,Entity_0291,1.0,L2-ALL,-14416.16
2024,12,291,Entity_0291,1.0,L2-ALL,-14738.95
2024,1,294,Entity_0294,1.0,L2-ALL,-1166.19
2024,2,294,Entity_0294,1.0,L2-ALL,-3267.4
2024,3,294,Entity_0294,1.0,L2-ALL,-5058.82
2024,4,294,Entity_0294,1.0,L2-ALL,-1275.46
2024,5,294,Entity_0294,1.0,L2-ALL,-44522.39
2024,6,294,Entity_0294,1.0,L2-ALL,-6509.43
2024,7,294,Entity_0294,1.0,L2-ALL,643.4
2024,8,294,Entity_0294,1.0,L2-ALL,-6463.41
2024,9,294,Entity_0294,1.0,L2-ALL,-2542.4
2024,10,294,Entity_0294,1.0,L2-ALL,-4477.38
2024,11,294,Entity_0294,1.0,L2-ALL,-6464.92
2024,12,294,Entity_0294,1.0,L2-ALL,-2481.6
2024,1,295,Entity_0295,1.0,L2-ALL,-41126.27
2024,2,295,Entity_0295,1.0,L2-ALL,-41190.62
2024,3,295,Entity_0295,1.0,L2-ALL,-42356.11
2024,4,295,Entity_0295,1.0,L2-ALL,-41115.01
2024,5,295,Entity_0295,1.0,L2-ALL,-97883.28
2024,6,295,Entity_0295,1.0,L2-ALL,14506.62
2024,7,295,Entity_0295,1.0,L2-ALL,-35981.2
2024,8,295,Entity_0295,1.0,L2-ALL,-97537.15
2024,9,295,Entity_0295,1.0,L2-ALL,14336.28
2024,10,295,Entity_0295,1.0,L2-ALL,-42988.92
2024,11,295,Entity_0295,1.0,L2-ALL,-98173.24
2024,12,295,Entity_0295,1.0,L2-ALL,-4084.88
2024,1,296,Entity_0296,1.0,L2-ALL,-20563.14
2024,2,296,Entity_0296,1.0,L2-ALL,-20595.31
2024,3,296,Entity_0296,1.0,L2-ALL,-21178.06
2024,4,296,Entity_0296,1.0,L2-ALL,-20557.51
2024,5,296,Entity_0296,1.0,L2-ALL,-48941.64
2024,6,296,Entity_0296,1.0,L2-ALL,7253.31
2024,7,296,Entity_0296,1.0,L2-ALL,-17990.6
2024,8,296,Entity_0296,1.0,L2-ALL,-48768.58
2024,9,296,Entity_0296,1.0,L2-ALL,7168.14
2024,10,296,Entity_0296,1.0,L2-ALL,-21494.46
2024,11,296,Entity_0296,1.0,L2-ALL,-49086.62
2024,12,296,Entity_0296,1.0,L2-ALL,-2042.44
2024,1,298,Entity_0298,1.0,L2-ALL,-2882.24
2024,2,298,Entity_0298,1.0,L2-ALL,-2191.87
2024,3,298,Entity_0298,1.0,L2-ALL,-4863.72
2024,4,298,Entity_0298,1.0,L2-ALL,-4413.6
2024,5,298,Entity_0298,1.0,L2-ALL,-3709.65
2024,6,298,Entity_0298,1.0,L2-ALL,-4327.63
2024,7,298,Entity_0298,1.0,L2-ALL,-319.67
2024,8,298,Entity_0298,1.0,L2-ALL,-4257.81
2024,9,298,Entity_0298,1.0,L2-ALL,-2774.49
2024,10,298,Entity_0298,1.0,L2-ALL,-3874.27
2024,11,298,Entity_0298,1.0,L2-ALL,-5382.21
2024,12,298,Entity_0298,1.0,L2-ALL,-5163.46
2024,1,304,Entity_0304,1.0,L2-ALL,-1070.22
2024,2,304,Entity_0304,1.0,L2-ALL,-547.33
2024,3,304,Entity_0304,1.0,L2-ALL,-3340.24
2024,4,304,Entity_0304,1.0,L2-ALL,-3063.25
2024,5,304,Entity_0304,1.0,L2-ALL,-2105.73
2024,6,304,Entity_0304,1.0,L2-ALL,-2740.24
2024,7,304,Entity_0304,1.0,L2-ALL,-2089.8
2024,8,304,Entity_0304,1.0,L2-ALL,-2665.91
2024,9,304,Entity_0304,1.0,L2-ALL,-1171.75
2024,10,304,Entity_0304,1.0,L2-ALL,-2316.35
2024,11,304,Entity_0304,1.0,L2-ALL,-3967.68
2024,12,304,Entity_0304,1.0,L2-ALL,-2676.67
2024,1,306,Entity_0306,1.0,L2-ALL,-1689.16
2024,2,306,Entity_0306,1.0,L2-ALL,-13320.16
2024,3,306,Entity_0306,1.0,L2-ALL,-13307.16
2024,4,306,Entity_0306,1.0,L2-ALL,-12735.16
2024,5,306,Entity_0306,1.0,L2-ALL,-13367.16
2024,6,306,Entity_0306,1.0,L2-ALL,-13379.16
2024,7,306,Entity_0306,1.0,L2-ALL,-8098.3
2024,8,306,Entity_0306,1.0,L2-ALL,-13411.16
2024,9,306,Entity_0306,1.0,L2-ALL,-13428.16
2024,10,306,Entity_0306,1.0,L2-ALL,-13443.16
2024,11,306,Entity_0306,1.0,L2-ALL,-13453.16
2024,12,306,Entity_0306,1.0,L2-ALL,-12837.16
2024,1,307,Entity_0307,1.0,L2-ALL,8798.6
2024,2,307,Entity_0307,1.0,L2-ALL,-20549.42
2024,3,307,Entity_0307,1.0,L2-ALL,-15405.92
2024,4,307,Entity_0307,1.0,L2-ALL,8704.91
2024,5,307,Entity_0307,1.0,L2-ALL,-17636.05
2024,6,307,Entity_0307,1.0,L2-ALL,-48523.2
2024,7,307,Entity_0307,1.0,L2-ALL,10358.89
2024,8,307,Entity_0307,1.0,L2-ALL,-61347.91
2024,9,307,Entity_0307,1.0,L2-ALL,7644.31
2024,10,307,Entity_0307,1.0,L2-ALL,-20486.43
2024,11,307,Entity_0307,1.0,L2-ALL,-27575.64
2024,12,307,Entity_0307,1.0,L2-ALL,-49423.24
2024,1,309,Entity_0309,1.0,L2-ALL,-10323.81
2024,2,309,Entity_0309,1.0,L2-ALL,-10947.38
2024,3,309,Entity_0309,1.0,L2-ALL,-11181.39
2024,4,309,Entity_0309,1.0,L2-ALL,-10782.61
2024,5,309,Entity_0309,1.0,L2-ALL,-8485.31
2024,6,309,Entity_0309,1.0,L2-ALL,-10410.57
2024,7,309,Entity_0309,1.0,L2-ALL,-8304.39
2024,8,309,Entity_0309,1.0,L2-ALL,-10736.78
2024,9,309,Entity_0309,1.0,L2-ALL,-10898.6
2024,10,309,Entity_0309,1.0,L2-ALL,-11128.44
2024,11,309,Entity_0309,1.0,L2-ALL,-10945.68
2024,12,309,Entity_0309,1.0,L2-ALL,-11103.65
2024,1,311,Entity_0311,1.0,L2-ALL,-8515.25
2024,2,311,Entity_0311,1.0,L2-ALL,-10752.07
2024,3,311,Entity_0311,1.0,L2-ALL,-11975.65
2024,4,311,Entity_0311,1.0,L2-ALL,-8799.94
2024,5,311,Entity_0311,1.0,L2-ALL,-10960.66
2024,6,311,Entity_0311,1.0,L2-ALL,-9769.84
2024,7,311,Entity_0311,1.0,L2-ALL,-6265.3
2024,8,311,Entity_0311,1.0,L2-ALL,-11070.89
2024,9,311,Entity_0311,1.0,L2-ALL,-11106.11
2024,10,311,Entity_0311,1.0,L2-ALL,-9541.79
2024,11,311,Entity_0311,1.0,L2-ALL,-12753.06
2024,12,311,Entity_0311,1.0,L2-ALL,-9900.27
2024,1,315,Entity_0315,1.0,L2-ALL,-29259.62
2024,2,315,Entity_0315,1.0,L2-ALL,11383.3
2024,3,315,Entity_0315,1.0,L2-ALL,-9836.62
2024,4,315,Entity_0315,1.0,L2-ALL,-9025.74
2024,5,315,Entity_0315,1.0,L2-ALL,-9542.52
2024,6,315,Entity_0315,1.0,L2-ALL,-9647.73
2024,7,315,Entity_0315,1.0,L2-ALL,-6022.1
2024,8,315,Entity_0315,1.0,L2-ALL,-9168.54
2024,9,315,Entity_0315,1.0,L2-ALL,-9353.32
2024,10,315,Entity_0315,1.0,L2-ALL,-8213.2
2024,11,315,Entity_0315,1.0,L2-ALL,-8539.17
2024,12,315,Entity_0315,1.0,L2-ALL,-8063.1
2024,1,316,Entity_0316,1.0,L2-ALL,-5245.52
2024,2,316,Entity_0316,1.0,L2-ALL,-5281.28
2024,3,316,Entity_0316,1.0,L2-ALL,-5605.4
2024,4,316,Entity_0316,1.0,L2-ALL,-5262.58
2024,5,316,Entity_0316,1.0,L2-ALL,-5432.23
2024,6,316,Entity_0316,1.0,L2-ALL,-5263.28
2024,7,316,Entity_0316,1.0,L2-ALL,-5420.78
2024,8,316,Entity_0316,1.0,L2-ALL,-4895.04
2024,9,316,Entity_0316,1.0,L2-ALL,-5024.46
2024,10,316,Entity_0316,1.0,L2-ALL,-5430.31
2024,11,316,Entity_0316,1.0,L2-ALL,-5494.57
2024,12,316,Entity_0316,1.0,L2-ALL,59959.12
2024,1,318,Entity_0318,1.0,L2-ALL,-20146.32
2024,2,318,Entity_0318,1.0,L2-ALL,9607.26
2024,3,318,Entity_0318,1.0,L2-ALL,-36115.48
2024,4,318,Entity_0318,1.0,L2-ALL,-20604.52
2024,5,318,Entity_0318,1.0,L2-ALL,-5934.47
2024,6,318,Entity_0318,1.0,L2-ALL,-5557.45
2024,7,318,Entity_0318,1.0,L2-ALL,-2248.24
2024,8,318,Entity_0318,1.0,L2-ALL,-5549.29
2024,9,318,Entity_0318,1.0,L2-ALL,-5399.68
2024,10,318,Entity_0318,1.0,L2-ALL,9182.8
2024,11,318,Entity_0318,1.0,L2-ALL,-36010.3
2024,12,318,Entity_0318,1.0,L2-ALL,9473.44
2024,1,319,Entity_0319,1.0,L2-ALL,-4473.75
2024,2,319,Entity_0319,1.0,L2-ALL,-4388.69
2024,3,319,Entity_0319,1.0,L2-ALL,-4439.9
2024,4,319,Entity_0319,1.0,L2-ALL,-5689.95
2024,5,319,Entity_0319,1.0,L2-ALL,34939.74
2024,6,319,Entity_0319,1.0,L2-ALL,-5224.45
2024,7,319,Entity_0319,1.0,L2-ALL,221.92
2024,8,319,Entity_0319,1.0,L2-ALL,-5186.37
2024,9,319,Entity_0319,1.0,L2-ALL,-4668.01
2024,10,319,Entity_0319,1.0,L2-ALL,-5148.39
2024,11,319,Entity_0319,1.0,L2-ALL,-6512.89
2024,12,319,Entity_0319,1.0,L2-ALL,-6294.94
2024,1,320,Entity_0320,1.0,L2-ALL,-2275.27
2024,2,320,Entity_0320,1.0,L2-ALL,-3745.8
2024,3,320,Entity_0320,1.0,L2-ALL,-3417.33
2024,4,320,Entity_0320,1.0,L2-ALL,-3791.09
2024,5,320,Entity_0320,1.0,L2-ALL,23884.45
2024,6,320,Entity_0320,1.0,L2-ALL,-3856.22
2024,7,320,Entity_0320,1.0,L2-ALL,-28.8
2024,8,320,Entity_0320,1.0,L2-ALL,-96578.38
2024,9,320,Entity_0320,1.0,L2-ALL,-3939.84
2024,10,320,Entity_0320,1.0,L2-ALL,-4828.04
2024,11,320,Entity_0320,1.0,L2-ALL,-4757.69
2024,12,320,Entity_0320,1.0,L2-ALL,-5117.47
2024,1,321,Entity_0321,1.0,L2-ALL,-6658.01
2024,2,321,Entity_0321,1.0,L2-ALL,-6477.81
2024,3,321,Entity_0321,1.0,L2-ALL,-7427.94
2024,4,321,Entity_0321,1.0,L2-ALL,-6545.69
2024,5,321,Entity_0321,1.0,L2-ALL,-7073.03
2024,6,321,Entity_0321,1.0,L2-ALL,-6709.48
2024,7,321,Entity_0321,1.0,L2-ALL,-3422.47
2024,8,321,Entity_0321,1.0,L2-ALL,-6734.91
2024,9,321,Entity_0321,1.0,L2-ALL,-6746.81
2024,10,321,Entity_0321,1.0,L2-ALL,-7133.57
2024,11,321,Entity_0321,1.0,L2-ALL,-6701.02
2024,12,321,Entity_0321,1.0,L2-ALL,-38092.17
2024,1,322,Entity_0322,1.0,L2-ALL,-3329.01
2024,2,322,Entity_0322,1.0,L2-ALL,-3238.91
2024,3,322,Entity_0322,1.0,L2-ALL,-3713.97
2024,4,322,Entity_0322,1.0,L2-ALL,-3203.47
2024,5,322,Entity_0322,1.0,L2-ALL,-3536.51
2024,6,322,Entity_0322,1.0,L2-ALL,-3354.74
2024,7,322,Entity_0322,1.0,L2-ALL,-1711.23
2024,8,322,Entity_0322,1.0,L2-ALL,-3367.45
2024,9,322,Entity_0322,1.0,L2-ALL,-3373.41
2024,10,322,Entity_0322,1.0,L2-ALL,-3566.79
2024,11,322,Entity_0322,1.0,L2-ALL,-3350.51
2024,12,322,Entity_0322,1.0,L2-ALL,-19029.62
2024,1,323,Entity_0323,1.0,L2-ALL,-6030.77
2024,2,323,Entity_0323,1.0,L2-ALL,-6641.7
2024,3,323,Entity_0323,1.0,L2-ALL,-7803.9
2024,4,323,Entity_0323,1.0,L2-ALL,1632.43
2024,5,323,Entity_0323,1.0,L2-ALL,-31137.13
2024,6,323,Entity_0323,1.0,L2-ALL,-30670.83
2024,7,323,Entity_0323,1.0,L2-ALL,37831.38
2024,8,323,Entity_0323,1.0,L2-ALL,-30999.52
2024,9,323,Entity_0323,1.0,L2-ALL,-30898.62
2024,10,323,Entity_0323,1.0,L2-ALL,35155.86
2024,11,323,Entity_0323,1.0,L2-ALL,-28907.17
2024,12,323,Entity_0323,1.0,L2-ALL,-28434.43
2024,1,324,Entity_0324,1.0,L2-ALL,-3110.38
2024,2,324,Entity_0324,1.0,L2-ALL,-7223.44
2024,3,324,Entity_0324,1.0,L2-ALL,-7989.41
2024,4,324,Entity_0324,1.0,L2-ALL,-7548.63
2024,5,324,Entity_0324,1.0,L2-ALL,-12358.7
2024,6,324,Entity_0324,1.0,L2-ALL,-3297.22
2024,7,324,Entity_0324,1.0,L2-ALL,-12409.66
2024,8,324,Entity_0324,1.0,L2-ALL,-7837.56
2024,9,324,Entity_0324,1.0,L2-ALL,-5955.93
2024,10,324,Entity_0324,1.0,L2-ALL,-7924.73
2024,11,324,Entity_0324,1.0,L2-ALL,-3352.03
2024,12,324,Entity_0324,1.0,L2-ALL,-58345.65
2024,1,325,Entity_0325,1.0,L2-ALL,-1555.19
2024,2,325,Entity_0325,1.0,L2-ALL,-3611.72
2024,3,325,Entity_0325,1.0,L2-ALL,-3994.71
2024,4,325,Entity_0325,1.0,L2-ALL,-3774.32
2024,5,325,Entity_0325,1.0,L2-ALL,-6179.35
2024,6,325,Entity_0325,1.0,L2-ALL,-1648.61
2024,7,325,Entity_0325,1.0,L2-ALL,-6204.83
2024,8,325,Entity_0325,1.0,L2-ALL,-3918.78
2024,9,325,Entity_0325,1.0,L2-ALL,-2977.97
2024,10,325,Entity_0325,1.0,L2-ALL,-3962.36
2024,11,325,Entity_0325,1.0,L2-ALL,-1676.02
2024,12,325,Entity_0325,1.0,L2-ALL,-29172.82
2024,1,326,Entity_0326,1.0,L2-ALL,-26388.41
2024,2,326,Entity_0326,1.0,L2-ALL,-29058.9
2024,3,326,Entity_0326,1.0,L2-ALL,15911.36
2024,4,326,Entity_0326,1.0,L2-ALL,-68292.94
2024,5,326,Entity_0326,1.0,L2-ALL,-157440.9
2024,6,326,Entity_0326,1.0,L2-ALL,-60849.5
2024,7,326,Entity_0326,1.0,L2-ALL,52737.89
2024,8,326,Entity_0326,1.0,L2-ALL,-62353.74
2024,9,326,Entity_0326,1.0,L2-ALL,-88528.92
2024,10,326,Entity_0326,1.0,L2-ALL,67007.08
2024,11,326,Entity_0326,1.0,L2-ALL,-71127.32
2024,12,326,Entity_0326,1.0,L2-ALL,-97898.15
2024,1,327,Entity_0327,1.0,L2-ALL,-15358.68
2024,2,327,Entity_0327,1.0,L2-ALL,-17002.36
2024,3,327,Entity_0327,1.0,L2-ALL,9309.74
2024,4,327,Entity_0327,1.0,L2-ALL,-39963.76
2024,5,327,Entity_0327,1.0,L2-ALL,-92118.76
2024,6,327,Entity_0327,1.0,L2-ALL,-35603.13
2024,7,327,Entity_0327,1.0,L2-ALL,30856.85
2024,8,327,Entity_0327,1.0,L2-ALL,-36484.31
2024,9,327,Entity_0327,1.0,L2-ALL,-51800.79
2024,10,327,Entity_0327,1.0,L2-ALL,39202.11
2024,11,327,Entity_0327,1.0,L2-ALL,-41620.6
2024,12,327,Entity_0327,1.0,L2-ALL,-57277.42
2024,1,328,Entity_0328,1.0,L2-ALL,-143857.45
2024,1,328,Entity_0328,4.0,LJL,27216.53
2024,2,328,Entity_0328,1.0,L2-ALL,-216559.88
2024,2,328,Entity_0328,4.0,LJL,90760.38
2024,3,328,Entity_0328,1.0,L2-ALL,1229.8
2024,3,328,Entity_0328,4.0,LJL,51948.98
2024,4,328,Entity_0328,1.0,L2-ALL,-159497.84
2024,4,328,Entity_0328,4.0,LJL,50530.17
2024,5,328,Entity_0328,1.0,L2-ALL,-226375.26
2024,5,328,Entity_0328,4.0,LJL,27676.26
2024,6,328,Entity_0328,1.0,L2-ALL,-140638.47
2024,6,328,Entity_0328,4.0,LJL,20390.95
2024,7,328,Entity_0328,1.0,L2-ALL,-65489.25
2024,7,328,Entity_0328,4.0,LJL,45100.76
2024,8,328,Entity_0328,1.0,L2-ALL,-187408.5
2024,8,328,Entity_0328,4.0,LJL,26460.19
2024,9,328,Entity_0328,1.0,L2-ALL,-120497.33
2024,9,328,Entity_0328,4.0,LJL,31355.41
2024,10,328,Entity_0328,1.0,L2-ALL,-83274.49
2024,10,328,Entity_0328,4.0,LJL,-110214.81
2024,11,328,Entity_0328,1.0,L2-ALL,-97175.49
2024,11,328,Entity_0328,4.0,LJL,79051.98
2024,12,328,Entity_0328,1.0,L2-ALL,-148976.56
2024,12,328,Entity_0328,4.0,LJL,20671.73
2024,1,329,Entity_0329,1.0,L2-ALL,-65971.03
2024,2,329,Entity_0329,1.0,L2-ALL,-72647.25
2024,3,329,Entity_0329,1.0,L2-ALL,39778.41
2024,4,329,Entity_0329,1.0,L2-ALL,-170732.36
2024,5,329,Entity_0329,1.0,L2-ALL,-393602.25
2024,6,329,Entity_0329,1.0,L2-ALL,-152123.75
2024,7,329,Entity_0329,1.0,L2-ALL,131844.73
2024,8,329,Entity_0329,1.0,L2-ALL,-155884.34
2024,9,329,Entity_0329,1.0,L2-ALL,-221322.29
2024,10,329,Entity_0329,1.0,L2-ALL,167517.7
2024,11,329,Entity_0329,1.0,L2-ALL,-177818.31
2024,12,329,Entity_0329,1.0,L2-ALL,-244745.37
2024,1,333,Entity_0333,1.0,L2-ALL,-7399.51
2024,2,333,Entity_0333,1.0,L2-ALL,-7406.81
2024,3,333,Entity_0333,1.0,L2-ALL,-7682.08
2024,4,333,Entity_0333,1.0,L2-ALL,-7352.94
2024,5,333,Entity_0333,1.0,L2-ALL,-7588.92
2024,6,333,Entity_0333,1.0,L2-ALL,-7461.81
2024,7,333,Entity_0333,1.0,L2-ALL,-5985.87
2024,8,333,Entity_0333,1.0,L2-ALL,-7483.57
2024,9,333,Entity_0333,1.0,L2-ALL,-7488.5
2024,10,333,Entity_0333,1.0,L2-ALL,-7631.9
2024,11,333,Entity_0333,1.0,L2-ALL,-7505.69
2024,12,333,Entity_0333,1.0,L2-ALL,-7622.93
2024,1,334,Entity_0334,3.0,L2B,-119802.98
2024,2,334,Entity_0334,3.0,L2B,-48757.86
2024,3,334,Entity_0334,3.0,L2B,-233759.53
2024,4,334,Entity_0334,3.0,L2B,-34370.54
2024,5,334,Entity_0334,3.0,L2B,202107.32
2024,6,334,Entity_0334,3.0,L2B,-275569.75
2024,7,334,Entity_0334,3.0,L2B,-7728.52
2024,8,334,Entity_0334,3.0,L2B,-55486.37
2024,9,334,Entity_0334,3.0,L2B,-272819.11
2024,10,334,Entity_0334,3.0,L2B,169557.78
2024,11,334,Entity_0334,3.0,L2B,-47162.01
2024,12,334,Entity_0334,3.0,L2B,-24144.09
2024,1,335,Entity_0335,3.0,L2B,-95971.94
2024,2,335,Entity_0335,3.0,L2B,-161789.15
2024,3,335,Entity_0335,3.0,L2B,-663902.68
2024,4,335,Entity_0335,3.0,L2B,-110340.95
2024,5,335,Entity_0335,3.0,L2B,-290632.57
2024,6,335,Entity_0335,3.0,L2B,-925166.9
2024,7,335,Entity_0335,3.0,L2B,188789.71
2024,8,335,Entity_0335,3.0,L2B,-566626.67
2024,9,335,Entity_0335,3.0,L2B,-861079.59
2024,10,335,Entity_0335,3.0,L2B,-48408.76
2024,11,335,Entity_0335,3.0,L2B,-246935.19
2024,12,335,Entity_0335,3.0,L2B,235449.59
2024,1,336,Entity_0336,3.0,L2B,6355.97
2024,2,336,Entity_0336,3.0,L2B,4355.97
2024,3,336,Entity_0336,3.0,L2B,865.46
2024,4,336,Entity_0336,3.0,L2B,6399.29
2024,5,336,Entity_0336,3.0,L2B,4442.15
2024,6,336,Entity_0336,3.0,L2B,-850.61
2024,7,336,Entity_0336,3.0,L2B,8338.4
2024,8,336,Entity_0336,3.0,L2B,1926.08
2024,9,336,Entity_0336,3.0,L2B,-711.78
2024,10,336,Entity_0336,3.0,L2B,6328.02
2024,11,336,Entity_0336,3.0,L2B,4480.04
2024,12,336,Entity_0336,3.0,L2B,8819.03
2024,1,337,Entity_0337,3.0,L2B,-74733.07
2024,2,337,Entity_0337,3.0,L2B,-82528.4
2024,3,337,Entity_0337,3.0,L2B,-491724.78
2024,4,337,Entity_0337,3.0,L2B,-89487.53
2024,5,337,Entity_0337,3.0,L2B,-97576.41
2024,6,337,Entity_0337,3.0,L2B,-111332.24
2024,7,337,Entity_0337,3.0,L2B,-60832.72
2024,8,337,Entity_0337,3.0,L2B,-96476.54
2024,9,337,Entity_0337,3.0,L2B,-111937.47
2024,10,337,Entity_0337,3.0,L2B,-72645.47
2024,11,337,Entity_0337,3.0,L2B,-82167.46
2024,12,337,Entity_0337,3.0,L2B,-58929.8
2024,1,338,ADMIN_ENTITY_0338,1.0,L2-ALL,-25973.05
2024,1,338,ADMIN_ENTITY_0338,3.0,L2B,-48113.03
2024,2,338,ADMIN_ENTITY_0338,1.0,L2-ALL,-12924.99
2024,2,338,ADMIN_ENTITY_0338,3.0,L2B,-48113.03
2024,3,338,ADMIN_ENTITY_0338,1.0,L2-ALL,-12924.99
2024,3,338,ADMIN_ENTITY_0338,3.0,L2B,-47243.79
2024,4,338,ADMIN_ENTITY_0338,1.0,L2-ALL,-26105.35
2024,4,338,ADMIN_ENTITY_0338,3.0,L2B,-53778.1
2024,5,338,ADMIN_ENTITY_0338,1.0,L2-ALL,-42383.33
2024,5,338,ADMIN_ENTITY_0338,3.0,L2B,-53878.18
2024,6,338,ADMIN_ENTITY_0338,1.0,L2-ALL,-1124.01
2024,6,338,ADMIN_ENTITY_0338,3.0,L2B,-55253.98
2024,7,338,ADMIN_ENTITY_0338,1.0,L2-ALL,-24022.65
2024,7,338,ADMIN_ENTITY_0338,3.0,L2B,-52656.35
2024,8,338,ADMIN_ENTITY_0338,1.0,L2-ALL,-28572.37
2024,8,338,ADMIN_ENTITY_0338,3.0,L2B,-52853.43
2024,9,338,ADMIN_ENTITY_0338,1.0,L2-ALL,-1000.51
2024,10,338,ADMIN_ENTITY_0338,1.0,L2-ALL,-28388.95
2024,10,338,ADMIN_ENTITY_0338,3.0,L2B,-105693.0
2024,11,338,ADMIN_ENTITY_0338,1.0,L2-ALL,-17096.93
2024,11,338,ADMIN_ENTITY_0338,3.0,L2B,-52842.0
2024,12,338,ADMIN_ENTITY_0338,1.0,L2-ALL,-21154.16
2024,12,338,ADMIN_ENTITY_0338,3.0,L2B,-52890.68
2024,1,339,Entity_0339,3.0,L2B,-486.22
2024,2,339,Entity_0339,3.0,L2B,-3044.34
2024,3,339,Entity_0339,3.0,L2B,-22549.15
2024,4,339,Entity_0339,3.0,L2B,1296.25
2024,5,339,Entity_0339,3.0,L2B,-7787.11
2024,6,339,Entity_0339,3.0,L2B,-30718.38
2024,7,339,Entity_0339,3.0,L2B,10177.97
2024,8,339,Entity_0339,3.0,L2B,-19071.84
2024,9,339,Entity_0339,3.0,L2B,-30356.6
2024,10,339,Entity_0339,3.0,L2B,844.21
2024,11,339,Entity_0339,3.0,L2B,-6799.54
2024,12,339,Entity_0339,3.0,L2B,12070.6
2024,1,340,Entity_0340,3.0,L2B,-11965.74
2024,2,340,Entity_0340,3.0,L2B,-74919.82
2024,3,340,Entity_0340,3.0,L2B,-554923.38
2024,4,340,Entity_0340,3.0,L2B,31899.96
2024,5,340,Entity_0340,3.0,L2B,-191637.06
2024,6,340,Entity_0340,3.0,L2B,-755964.09
2024,7,340,Entity_0340,3.0,L2B,250474.77
2024,8,340,Entity_0340,3.0,L2B,-469348.52
2024,9,340,Entity_0340,3.0,L2B,-747060.83
2024,10,340,Entity_0340,3.0,L2B,20775.51
2024,11,340,Entity_0340,3.0,L2B,-167333.25
2024,12,340,Entity_0340,3.0,L2B,297051.4
2024,1,343,Entity_0343,1.0,L2-ALL,-22778.67
2024,2,343,Entity_0343,1.0,L2-ALL,-22778.67
2024,3,343,Entity_0343,1.0,L2-ALL,-22778.67
2024,4,343,Entity_0343,1.0,L2-ALL,-12236.51
2024,5,343,Entity_0343,1.0,L2-ALL,-20332.02
2024,6,343,Entity_0343,1.0,L2-ALL,-18340.94
2024,7,343,Entity_0343,1.0,L2-ALL,-17160.55
2024,8,343,Entity_0343,1.0,L2-ALL,-20332.02
2024,9,343,Entity_0343,1.0,L2-ALL,-20332.02
2024,10,343,Entity_0343,1.0,L2-ALL,-21846.1
2024,11,343,Entity_0343,1.0,L2-ALL,-18340.94
2024,12,343,Entity_0343,1.0,L2-ALL,-22323.1
2024,1,348,Entity_0348,1.0,L2-ALL,-186129.24
2024,1,348,Entity_0348,3.0,L2B,-21440.59
2024,2,348,Entity_0348,1.0,L2-ALL,-157311.47
2024,2,348,Entity_0348,3.0,L2B,-19496.72
2024,3,348,Entity_0348,1.0,L2-ALL,-117866.4
2024,3,348,Entity_0348,3.0,L2B,-109424.91
2024,4,348,Entity_0348,1.0,L2-ALL,-231788.87
2024,4,348,Entity_0348,3.0,L2B,-16049.89
2024,5,348,Entity_0348,1.0,L2-ALL,-296667.46
2024,5,348,Entity_0348,3.0,L2B,-28972.64
2024,6,348,Entity_0348,1.0,L2-ALL,-170817.83
2024,6,348,Entity_0348,3.0,L2B,-36534.79
2024,7,348,Entity_0348,1.0,L2-ALL,-50620.74
2024,7,348,Entity_0348,3.0,L2B,-8535.3
2024,8,348,Entity_0348,1.0,L2-ALL,-282689.27
2024,8,348,Entity_0348,3.0,L2B,-30250.39
2024,9,348,Entity_0348,1.0,L2-ALL,-137082.54
2024,9,348,Entity_0348,3.0,L2B,-29935.73
2024,10,348,Entity_0348,1.0,L2-ALL,-93518.64
2024,10,348,Entity_0348,3.0,L2B,-23518.33
2024,11,348,Entity_0348,1.0,L2-ALL,-282193.51
2024,11,348,Entity_0348,3.0,L2B,-24175.13
2024,12,348,Entity_0348,1.0,L2-ALL,-244134.25
2024,12,348,Entity_0348,3.0,L2B,-25486.82
2024,1,349,Entity_0349,1.0,L2-ALL,-9645.17
2024,2,349,Entity_0349,1.0,L2-ALL,-9636.17
2024,3,349,Entity_0349,1.0,L2-ALL,5727.68
2024,4,349,Entity_0349,1.0,L2-ALL,-23368.95
2024,5,349,Entity_0349,1.0,L2-ALL,-23218.56
2024,6,349,Entity_0349,1.0,L2-ALL,14114.89
2024,7,349,Entity_0349,1.0,L2-ALL,-20003.45
2024,8,349,Entity_0349,1.0,L2-ALL,-23305.39
2024,9,349,Entity_0349,1.0,L2-ALL,15298.85
2024,10,349,Entity_0349,1.0,L2-ALL,-21272.69
2024,11,349,Entity_0349,1.0,L2-ALL,-22349.65
2024,12,349,Entity_0349,1.0,L2-ALL,14827.54
2024,1,353,Entity_0353,3.0,L2B,-30900.05
2024,2,353,Entity_0353,3.0,L2B,477.97
2024,3,353,Entity_0353,3.0,L2B,-1486.84
2024,4,353,Entity_0353,3.0,L2B,406.5
2024,5,353,Entity_0353,3.0,L2B,-1136.92
2024,6,353,Entity_0353,3.0,L2B,-811.18
2024,7,353,Entity_0353,3.0,L2B,8665.78
2024,8,353,Entity_0353,3.0,L2B,-494.61
2024,9,353,Entity_0353,3.0,L2B,-1770.57
2024,10,353,Entity_0353,3.0,L2B,1320.74
2024,11,353,Entity_0353,3.0,L2B,-279.19
2024,12,353,Entity_0353,3.0,L2B,31585.05
2024,1,354,Entity_0354,4.0,LJL,12481.62
2024,2,354,Entity_0354,4.0,LJL,10251.68
2024,3,354,Entity_0354,4.0,LJL,9755.47
2024,4,354,Entity_0354,4.0,LJL,12524.94
2024,5,354,Entity_0354,4.0,LJL,14330.16
2024,6,354,Entity_0354,4.0,LJL,8639.71
2024,7,354,Entity_0354,4.0,LJL,12930.48
2024,8,354,Entity_0354,4.0,LJL,9922.43
2024,9,354,Entity_0354,4.0,LJL,10686.08
2024,10,354,Entity_0354,4.0,LJL,21261.78
2024,11,354,Entity_0354,4.0,LJL,8757.99
2024,12,354,Entity_0354,4.0,LJL,8938.36
2024,1,355,Entity_0355,3.0,L2B,-55553.12
2024,2,355,Entity_0355,3.0,L2B,8389.36
2024,3,355,Entity_0355,3.0,L2B,-1948.16
2024,4,355,Entity_0355,3.0,L2B,1087.86
2024,5,355,Entity_0355,3.0,L2B,-1312.26
2024,6,355,Entity_0355,3.0,L2B,-766.13
2024,7,355,Entity_0355,3.0,L2B,11472.51
2024,8,355,Entity_0355,3.0,L2B,-115.76
2024,9,355,Entity_0355,3.0,L2B,-2346.19
2024,10,355,Entity_0355,3.0,L2B,3281.83
2024,11,355,Entity_0355,3.0,L2B,50.08
2024,12,355,Entity_0355,3.0,L2B,57920.68
2024,1,357,Entity_0357,3.0,L2B,-96030.71
2024,2,357,Entity_0357,3.0,L2B,-15690.22
2024,3,357,Entity_0357,3.0,L2B,-321.1
2024,4,357,Entity_0357,3.0,L2B,-2728.45
2024,5,357,Entity_0357,3.0,L2B,-146513.7
2024,6,357,Entity_0357,3.0,L2B,-8765.67
2024,7,357,Entity_0357,3.0,L2B,29930.11
2024,8,357,Entity_0357,3.0,L2B,-18528.82
2024,9,357,Entity_0357,3.0,L2B,-12135.49
2024,10,357,Entity_0357,3.0,L2B,-3488.43
2024,11,357,Entity_0357,3.0,L2B,13711.78
2024,12,357,Entity_0357,3.0,L2B,35508.38
2024,1,360,Entity_0360,3.0,L2B,-32613.73
2024,2,360,Entity_0360,3.0,L2B,-4185.07
2024,3,360,Entity_0360,3.0,L2B,-6012.07
2024,4,360,Entity_0360,3.0,L2B,-4324.09
2024,5,360,Entity_0360,3.0,L2B,-5697.58
2024,6,360,Entity_0360,3.0,L2B,-5395.27
2024,7,360,Entity_0360,3.0,L2B,8611.5
2024,8,360,Entity_0360,3.0,L2B,-5129.16
2024,9,360,Entity_0360,3.0,L2B,-6384.09
2024,10,360,Entity_0360,3.0,L2B,-3284.04
2024,11,360,Entity_0360,3.0,L2B,-5011.8
2024,12,360,Entity_0360,3.0,L2B,24040.5
2024,1,361,Entity_0361,3.0,L2B,-33718.41
2024,2,361,Entity_0361,3.0,L2B,-4333.91
2024,3,361,Entity_0361,3.0,L2B,-6220.76
2024,4,361,Entity_0361,3.0,L2B,-4488.04
2024,5,361,Entity_0361,3.0,L2B,-5896.69
2024,6,361,Entity_0361,3.0,L2B,-5585.2
2024,7,361,Entity_0361,3.0,L2B,8611.53
2024,8,361,Entity_0361,3.0,L2B,-5320.28
2024,9,361,Entity_0361,3.0,L2B,2280.07
2024,10,361,Entity_0361,3.0,L2B,-3438.61
2024,11,361,Entity_0361,3.0,L2B,-5193.61
2024,12,361,Entity_0361,3.0,L2B,24672.09
2024,1,362,Entity_0362,3.0,L2B,-30362.71
2024,2,362,Entity_0362,3.0,L2B,-5658.58
2024,3,362,Entity_0362,3.0,L2B,-7252.36
2024,4,362,Entity_0362,3.0,L2B,-6028.67
2024,5,362,Entity_0362,3.0,L2B,-6968.83
2024,6,362,Entity_0362,3.0,L2B,-6398.63
2024,7,362,Entity_0362,3.0,L2B,6871.49
2024,8,362,Entity_0362,3.0,L2B,-31827.66
2024,9,362,Entity_0362,3.0,L2B,-7616.1
2024,10,362,Entity_0362,3.0,L2B,-4920.3
2024,11,362,Entity_0362,3.0,L2B,-6368.17
2024,12,362,Entity_0362,3.0,L2B,18684.17
2024,1,363,Entity_0363,3.0,L2B,-18423.53
2024,2,363,Entity_0363,3.0,L2B,-2321.96
2024,3,363,Entity_0363,3.0,L2B,-3377.07
2024,4,363,Entity_0363,3.0,L2B,-2265.93
2024,5,363,Entity_0363,3.0,L2B,-3198.12
2024,6,363,Entity_0363,3.0,L2B,-3002.12
2024,7,363,Entity_0363,3.0,L2B,9165.28
2024,8,363,Entity_0363,3.0,L2B,-2891.11
2024,9,363,Entity_0363,3.0,L2B,-3645.41
2024,10,363,Entity_0363,3.0,L2B,-1939.44
2024,11,363,Entity_0363,3.0,L2B,-2797.63
2024,12,363,Entity_0363,3.0,L2B,13761.85
2024,1,364,Entity_0364,1.0,L2-ALL,-3528.98
2024,2,364,Entity_0364,1.0,L2-ALL,-3598.99
2024,3,364,Entity_0364,1.0,L2-ALL,5097.14
2024,4,364,Entity_0364,1.0,L2-ALL,-11558.96
2024,5,364,Entity_0364,1.0,L2-ALL,-11347.95
2024,6,364,Entity_0364,1.0,L2-ALL,9629.54
2024,7,364,Entity_0364,1.0,L2-ALL,-11342.45
2024,8,364,Entity_0364,1.0,L2-ALL,-11736.08
2024,9,364,Entity_0364,1.0,L2-ALL,10476.41
2024,10,364,Entity_0364,1.0,L2-ALL,-11041.7
2024,11,364,Entity_0364,1.0,L2-ALL,-10820.78
2024,12,364,Entity_0364,1.0,L2-ALL,-2324.98
2024,1,368,Entity_0368,1.0,L2-ALL,-1281.06
2024,2,368,Entity_0368,1.0,L2-ALL,-1188.54
2024,3,368,Entity_0368,1.0,L2-ALL,-1424.39
2024,4,368,Entity_0368,1.0,L2-ALL,-1156.27
2024,5,368,Entity_0368,1.0,L2-ALL,-1334.42
2024,6,368,Entity_0368,1.0,L2-ALL,-1242.5
2024,7,368,Entity_0368,1.0,L2-ALL,241.11
2024,8,368,Entity_0368,1.0,L2-ALL,-1171.67
2024,9,368,Entity_0368,1.0,L2-ALL,-1252.2
2024,10,368,Entity_0368,1.0,L2-ALL,-1354.81
2024,11,368,Entity_0368,1.0,L2-ALL,-1261.3
2024,12,368,Entity_0368,1.0,L2-ALL,-1276.31
2024,1,369,Entity_0369,1.0,L2-ALL,-2562.12
2024,2,369,Entity_0369,1.0,L2-ALL,-2377.08
2024,3,369,Entity_0369,1.0,L2-ALL,-2848.78
2024,4,369,Entity_0369,1.0,L2-ALL,-2312.55
2024,5,369,Entity_0369,1.0,L2-ALL,-2668.84
2024,6,369,Entity_0369,1.0,L2-ALL,-2485.0
2024,7,369,Entity_0369,1.0,L2-ALL,482.22
2024,8,369,Entity_0369,1.0,L2-ALL,-2343.34
2024,9,369,Entity_0369,1.0,L2-ALL,-2504.4
2024,10,369,Entity_0369,1.0,L2-ALL,-2709.63
2024,11,369,Entity_0369,1.0,L2-ALL,-2522.59
2024,12,369,Entity_0369,1.0,L2-ALL,-2552.62
2024,1,370,Entity_0370,3.0,L2B,298162.08
2024,2,370,Entity_0370,3.0,L2B,10820.19
2024,3,370,Entity_0370,3.0,L2B,-22812.48
2024,4,370,Entity_0370,3.0,L2B,-12952.27
2024,5,370,Entity_0370,3.0,L2B,-34038.05
2024,6,370,Entity_0370,3.0,L2B,-152450.98
2024,7,370,Entity_0370,3.0,L2B,27930.49
2024,8,370,Entity_0370,3.0,L2B,-81963.76
2024,9,370,Entity_0370,3.0,L2B,-49331.89
2024,10,370,Entity_0370,3.0,L2B,-52817.3
2024,11,370,Entity_0370,3.0,L2B,-53120.75
2024,12,370,Entity_0370,3.0,L2B,-328273.33
2024,1,371,Entity_0371,1.0,L2-ALL,-13475.0
2024,2,371,Entity_0371,1.0,L2-ALL,-13475.0
2024,3,371,Entity_0371,1.0,L2-ALL,-13475.0
2024,4,371,Entity_0371,1.0,L2-ALL,-13475.0
2024,5,371,Entity_0371,1.0,L2-ALL,-13445.0
2024,6,371,Entity_0371,1.0,L2-ALL,-13475.0
2024,7,371,Entity_0371,1.0,L2-ALL,-10303.53
2024,8,371,Entity_0371,1.0,L2-ALL,-13475.0
2024,9,371,Entity_0371,1.0,L2-ALL,-13475.0
2024,10,371,Entity_0371,1.0,L2-ALL,-13475.0
2024,11,371,Entity_0371,1.0,L2-ALL,-13475.0
2024,12,371,Entity_0371,1.0,L2-ALL,-13475.0
2024,1,372,Entity_0372,1.0,L2-ALL,-22808.12
2024,2,372,Entity_0372,1.0,L2-ALL,-22808.12
2024,3,372,Entity_0372,1.0,L2-ALL,-22808.12
2024,4,372,Entity_0372,1.0,L2-ALL,-22808.12
2024,5,372,Entity_0372,1.0,L2-ALL,-22778.12
2024,6,372,Entity_0372,1.0,L2-ALL,-22808.12
2024,7,372,Entity_0372,1.0,L2-ALL,-19636.65
2024,8,372,Entity_0372,1.0,L2-ALL,-22808.12
2024,9,372,Entity_0372,1.0,L2-ALL,-22808.12
2024,10,372,Entity_0372,1.0,L2-ALL,-22808.12
2024,11,372,Entity_0372,1.0,L2-ALL,-22808.12
2024,12,372,Entity_0372,1.0,L2-ALL,-22808.12
2024,7,374,Entity_0374,1.0,L2-ALL,-1936599.11
2024,7,374,Entity_0374,3.0,L2B,-595993.98
2024,7,374,Entity_0374,5.0,3RD,-4422.53
2024,1,375,Entity_0375,1.0,L2-ALL,-4317.25
2024,2,375,Entity_0375,1.0,L2-ALL,-4319.61
2024,3,375,Entity_0375,1.0,L2-ALL,-4587.21
2024,4,375,Entity_0375,1.0,L2-ALL,-4325.77
2024,5,375,Entity_0375,1.0,L2-ALL,-4328.17
2024,6,375,Entity_0375,1.0,L2-ALL,-4492.92
2024,7,375,Entity_0375,1.0,L2-ALL,-617.1
2024,8,375,Entity_0375,1.0,L2-ALL,-4260.15
2024,9,375,Entity_0375,1.0,L2-ALL,-4339.28
2024,10,375,Entity_0375,1.0,L2-ALL,-4503.72
2024,11,375,Entity_0375,1.0,L2-ALL,-4667.34
2024,12,375,Entity_0375,1.0,L2-ALL,5093.98
2024,1,376,Entity_0376,1.0,L2-ALL,-8059.94
2024,2,376,Entity_0376,1.0,L2-ALL,-7169.61
2024,3,376,Entity_0376,1.0,L2-ALL,-7329.72
2024,4,376,Entity_0376,1.0,L2-ALL,-5255.18
2024,5,376,Entity_0376,1.0,L2-ALL,-7106.6
2024,6,376,Entity_0376,1.0,L2-ALL,-8230.73
2024,7,376,Entity_0376,1.0,L2-ALL,-4495.83
2024,8,376,Entity_0376,1.0,L2-ALL,-25651.62
2024,9,376,Entity_0376,1.0,L2-ALL,9668.97
2024,10,376,Entity_0376,1.0,L2-ALL,-7020.85
2024,11,376,Entity_0376,1.0,L2-ALL,-8276.03
2024,12,376,Entity_0376,1.0,L2-ALL,-7751.87
2024,1,378,Entity_0378,3.0,L2B,61989.85
2024,2,378,Entity_0378,3.0,L2B,-7239.87
2024,3,378,Entity_0378,3.0,L2B,-10895.35
2024,4,378,Entity_0378,3.0,L2B,-2490.62
2024,5,378,Entity_0378,3.0,L2B,-31997.12
2024,6,378,Entity_0378,3.0,L2B,1726.73
2024,7,378,Entity_0378,3.0,L2B,13013.32
2024,8,378,Entity_0378,3.0,L2B,-10343.51
2024,9,378,Entity_0378,3.0,L2B,-12074.95
2024,10,378,Entity_0378,3.0,L2B,-8216.61
2024,11,378,Entity_0378,3.0,L2B,-9917.63
2024,12,378,Entity_0378,3.0,L2B,-5385.66
2024,1,381,Entity_0381,3.0,L2B,-10651.78
2024,2,381,Entity_0381,3.0,L2B,1446.17
2024,3,381,Entity_0381,3.0,L2B,-41131.94
2024,4,381,Entity_0381,3.0,L2B,5416.75
2024,5,381,Entity_0381,3.0,L2B,-68735.18
2024,6,381,Entity_0381,3.0,L2B,-16119.62
2024,7,381,Entity_0381,3.0,L2B,-3340.78
2024,8,381,Entity_0381,3.0,L2B,-5705.33
2024,9,381,Entity_0381,3.0,L2B,-6610.34
2024,10,381,Entity_0381,3.0,L2B,-58011.53
2024,11,381,Entity_0381,3.0,L2B,46263.15
2024,12,381,Entity_0381,3.0,L2B,49814.98
2024,1,383,Entity_0383,1.0,L2-ALL,-117378.77
2024,2,383,Entity_0383,1.0,L2-ALL,-54086.7
2024,3,383,Entity_0383,1.0,L2-ALL,-18478.42
2024,4,383,Entity_0383,1.0,L2-ALL,-99305.81
2024,5,383,Entity_0383,1.0,L2-ALL,-73542.61
2024,6,383,Entity_0383,1.0,L2-ALL,15070.78
2024,7,383,Entity_0383,1.0,L2-ALL,-50152.25
2024,8,383,Entity_0383,1.0,L2-ALL,-37652.22
2024,9,383,Entity_0383,1.0,L2-ALL,-112204.37
2024,10,383,Entity_0383,1.0,L2-ALL,2208.77
2024,11,383,Entity_0383,1.0,L2-ALL,-44407.68
2024,12,383,Entity_0383,1.0,L2-ALL,-112746.58
2024,1,385,Entity_0385,3.0,L2B,150928.25
2024,2,385,Entity_0385,3.0,L2B,-686.52
2024,3,385,Entity_0385,3.0,L2B,-5449.86
2024,4,385,Entity_0385,3.0,L2B,-125.64
2024,5,385,Entity_0385,3.0,L2B,-3402.88
2024,6,385,Entity_0385,3.0,L2B,-2692.81
2024,7,385,Entity_0385,3.0,L2B,9316.65
2024,8,385,Entity_0385,3.0,L2B,-1827.48
2024,9,385,Entity_0385,3.0,L2B,-4909.57
2024,10,385,Entity_0385,3.0,L2B,2752.12
2024,11,385,Entity_0385,3.0,L2B,-1911.71
2024,12,385,Entity_0385,3.0,L2B,81804.13
2024,1,388,Entity_0388,1.0,L2-ALL,-5713.98
2024,2,388,Entity_0388,1.0,L2-ALL,-12864.57
2024,3,388,Entity_0388,1.0,L2-ALL,3007.26
2024,4,388,Entity_0388,1.0,L2-ALL,-6252.34
2024,5,388,Entity_0388,1.0,L2-ALL,-1980.43
2024,6,388,Entity_0388,1.0,L2-ALL,-639.29
2024,7,388,Entity_0388,1.0,L2-ALL,-619.51
2024,8,388,Entity_0388,1.0,L2-ALL,-1958.44
2024,9,388,Entity_0388,1.0,L2-ALL,-1039.71
2024,10,388,Entity_0388,1.0,L2-ALL,-9993.61
2024,11,388,Entity_0388,1.0,L2-ALL,5271.3
2024,12,388,Entity_0388,1.0,L2-ALL,-15134.58
2024,1,389,Entity_0389,1.0,L2-ALL,-5981.92
2024,2,389,Entity_0389,1.0,L2-ALL,-5540.24
2024,3,389,Entity_0389,1.0,L2-ALL,-5321.19
2024,4,389,Entity_0389,1.0,L2-ALL,-6361.94
2024,5,389,Entity_0389,1.0,L2-ALL,-5564.94
2024,6,389,Entity_0389,1.0,L2-ALL,-5853.64
2024,7,389,Entity_0389,1.0,L2-ALL,-5458.61
2024,8,389,Entity_0389,1.0,L2-ALL,-5972.09
2024,9,389,Entity_0389,1.0,L2-ALL,-5555.64
2024,10,389,Entity_0389,1.0,L2-ALL,-5136.69
2024,11,389,Entity_0389,1.0,L2-ALL,-5563.86
2024,12,389,Entity_0389,1.0,L2-ALL,-4595.22
2024,1,390,Entity_0390,1.0,L2-ALL,1406.5
2024,2,390,Entity_0390,1.0,L2-ALL,-8044.76
2024,3,390,Entity_0390,1.0,L2-ALL,2929.82
2024,4,390,Entity_0390,1.0,L2-ALL,-3047.42
2024,5,390,Entity_0390,1.0,L2-ALL,-2853.64
2024,6,390,Entity_0390,1.0,L2-ALL,-94.33
2024,7,390,Entity_0390,1.0,L2-ALL,3908.99
2024,8,390,Entity_0390,1.0,L2-ALL,-2895.12
2024,9,390,Entity_0390,1.0,L2-ALL,2854.2
2024,10,390,Entity_0390,1.0,L2-ALL,-7837.77
2024,11,390,Entity_0390,1.0,L2-ALL,-2763.45
2024,12,390,Entity_0390,1.0,L2-ALL,3427.89
2024,1,391,Entity_0391,1.0,L2-ALL,-7117.54
2024,2,391,Entity_0391,1.0,L2-ALL,-7678.86
2024,3,391,Entity_0391,1.0,L2-ALL,-7459.81
2024,4,391,Entity_0391,1.0,L2-ALL,-8500.56
2024,5,391,Entity_0391,1.0,L2-ALL,-7703.56
2024,6,391,Entity_0391,1.0,L2-ALL,-6870.26
2024,7,391,Entity_0391,1.0,L2-ALL,-4425.76
2024,8,391,Entity_0391,1.0,L2-ALL,-8110.71
2024,9,391,Entity_0391,1.0,L2-ALL,-7302.51
2024,10,391,Entity_0391,1.0,L2-ALL,-6270.31
2024,11,391,Entity_0391,1.0,L2-ALL,-7702.48
2024,12,391,Entity_0391,1.0,L2-ALL,-7320.15
2024,1,392,Entity_0392,1.0,L2-ALL,-4097.0
2024,2,392,Entity_0392,1.0,L2-ALL,-3041.16
2024,3,392,Entity_0392,1.0,L2-ALL,-3606.57
2024,4,392,Entity_0392,1.0,L2-ALL,-4379.09
2024,5,392,Entity_0392,1.0,L2-ALL,-2767.5
2024,6,392,Entity_0392,1.0,L2-ALL,-4001.78
2024,7,392,Entity_0392,1.0,L2-ALL,347.9
2024,8,392,Entity_0392,1.0,L2-ALL,-4089.71
2024,9,392,Entity_0392,1.0,L2-ALL,-16234.82
2024,10,392,Entity_0392,1.0,L2-ALL,6400.38
2024,11,392,Entity_0392,1.0,L2-ALL,-3786.69
2024,12,392,Entity_0392,1.0,L2-ALL,-4130.68
2024,1,393,Entity_0393,1.0,L2-ALL,-5815.79
2024,2,393,Entity_0393,1.0,L2-ALL,-3742.5
2024,3,393,Entity_0393,1.0,L2-ALL,-4910.32
2024,4,393,Entity_0393,1.0,L2-ALL,-6336.57
2024,5,393,Entity_0393,1.0,L2-ALL,-5244.37
2024,6,393,Entity_0393,1.0,L2-ALL,-5639.99
2024,7,393,Entity_0393,1.0,L2-ALL,-1227.17
2024,8,393,Entity_0393,1.0,L2-ALL,-5802.32
2024,9,393,Entity_0393,1.0,L2-ALL,-5231.61
2024,10,393,Entity_0393,1.0,L2-ALL,-4657.49
2024,11,393,Entity_0393,1.0,L2-ALL,-4942.88
2024,12,393,Entity_0393,1.0,L2-ALL,-1815.56
2024,1,395,Entity_0395,1.0,L2-ALL,-5258.66
2024,2,395,Entity_0395,1.0,L2-ALL,-8679.97
2024,3,395,Entity_0395,1.0,L2-ALL,4176.4
2024,4,395,Entity_0395,1.0,L2-ALL,-3801.85
2024,5,395,Entity_0395,1.0,L2-ALL,-3409.01
2024,6,395,Entity_0395,1.0,L2-ALL,193.83
2024,7,395,Entity_0395,1.0,L2-ALL,4451.75
2024,8,395,Entity_0395,1.0,L2-ALL,-3479.61
2024,9,395,Entity_0395,1.0,L2-ALL,4817.97
2024,10,395,Entity_0395,1.0,L2-ALL,-10447.33
2024,11,395,Entity_0395,1.0,L2-ALL,-3290.83
2024,12,395,Entity_0395,1.0,L2-ALL,4240.99
2024,1,396,Entity_0396,1.0,L2-ALL,-8909.82
2024,2,396,Entity_0396,1.0,L2-ALL,-32565.78
2024,3,396,Entity_0396,1.0,L2-ALL,18166.56
2024,4,396,Entity_0396,1.0,L2-ALL,-4075.31
2024,5,396,Entity_0396,1.0,L2-ALL,-4896.82
2024,6,396,Entity_0396,1.0,L2-ALL,-5727.3
2024,7,396,Entity_0396,1.0,L2-ALL,-773.43
2024,8,396,Entity_0396,1.0,L2-ALL,-4804.82
2024,9,396,Entity_0396,1.0,L2-ALL,-5114.6
2024,10,396,Entity_0396,1.0,L2-ALL,-3482.32
2024,11,396,Entity_0396,1.0,L2-ALL,-5204.9
2024,12,396,Entity_0396,1.0,L2-ALL,-9454.16
2024,1,397,Entity_0397,3.0,L2B,-85200.33
2024,2,397,Entity_0397,3.0,L2B,-7696.75
2024,3,397,Entity_0397,3.0,L2B,-12499.04
2024,4,397,Entity_0397,3.0,L2B,-7130.87
2024,5,397,Entity_0397,3.0,L2B,-10467.97
2024,6,397,Entity_0397,3.0,L2B,-9621.98
2024,7,397,Entity_0397,3.0,L2B,3119.65
2024,8,397,Entity_0397,3.0,L2B,-8831.1
2024,9,397,Entity_0397,3.0,L2B,-12431.79
2024,10,397,Entity_0397,3.0,L2B,-4192.32
2024,11,397,Entity_0397,3.0,L2B,-9144.01
2024,12,397,Entity_0397,3.0,L2B,70080.35
2024,1,398,Entity_0398,3.0,L2B,-56860.16
2024,2,398,Entity_0398,3.0,L2B,-19698.94
2024,3,398,Entity_0398,3.0,L2B,-22177.95
2024,4,398,Entity_0398,3.0,L2B,83883.64
2024,5,398,Entity_0398,3.0,L2B,-20227.02
2024,6,398,Entity_0398,3.0,L2B,-89378.06
2024,7,398,Entity_0398,3.0,L2B,-6345.19
2024,8,398,Entity_0398,3.0,L2B,-50724.06
2024,9,398,Entity_0398,3.0,L2B,-21672.69
2024,10,398,Entity_0398,3.0,L2B,-20792.52
2024,11,398,Entity_0398,3.0,L2B,-19308.32
2024,12,398,Entity_0398,3.0,L2B,21812.88
2024,1,399,Entity_0399,1.0,L2-ALL,-8607.34
2024,2,399,Entity_0399,1.0,L2-ALL,-8562.96
2024,3,399,Entity_0399,1.0,L2-ALL,-9464.89
2024,4,399,Entity_0399,1.0,L2-ALL,-8638.98
2024,5,399,Entity_0399,1.0,L2-ALL,-9080.82
2024,6,399,Entity_0399,1.0,L2-ALL,1435.61
2024,7,399,Entity_0399,1.0,L2-ALL,-7067.02
2024,8,399,Entity_0399,1.0,L2-ALL,-8623.75
2024,9,399,Entity_0399,1.0,L2-ALL,-8658.48
2024,10,399,Entity_0399,1.0,L2-ALL,-8294.0
2024,11,399,Entity_0399,1.0,L2-ALL,-8285.44
2024,12,399,Entity_0399,1.0,L2-ALL,-9031.87
2024,1,400,ADMIN_ENTITY_0400,1.0,L2-ALL,-10058.14
2024,1,400,ADMIN_ENTITY_0400,3.0,L2B,-4728.41
2024,2,400,ADMIN_ENTITY_0400,1.0,L2-ALL,-9223.88
2024,2,400,ADMIN_ENTITY_0400,3.0,L2B,-4728.41
2024,2,400,ADMIN_ENTITY_0400,5.0,3RD,-598.5
2024,3,400,ADMIN_ENTITY_0400,1.0,L2-ALL,-16413.15
2024,3,400,ADMIN_ENTITY_0400,3.0,L2B,-4741.29
2024,3,400,ADMIN_ENTITY_0400,5.0,3RD,-598.5
2024,4,400,ADMIN_ENTITY_0400,1.0,L2-ALL,-12042.17
2024,4,400,ADMIN_ENTITY_0400,3.0,L2B,-4741.29
2024,4,400,ADMIN_ENTITY_0400,5.0,3RD,-598.5
2024,5,400,ADMIN_ENTITY_0400,1.0,L2-ALL,-14790.17
2024,5,400,ADMIN_ENTITY_0400,3.0,L2B,-4741.29
2024,5,400,ADMIN_ENTITY_0400,5.0,3RD,-1197.0
2024,6,400,ADMIN_ENTITY_0400,1.0,L2-ALL,-11283.11
2024,6,400,ADMIN_ENTITY_0400,3.0,L2B,-4745.35
2024,7,400,ADMIN_ENTITY_0400,1.0,L2-ALL,-13720.99
2024,7,400,ADMIN_ENTITY_0400,3.0,L2B,-4745.35
2024,7,400,ADMIN_ENTITY_0400,5.0,3RD,-598.5
2024,8,400,ADMIN_ENTITY_0400,1.0,L2-ALL,-15359.42
2024,8,400,ADMIN_ENTITY_0400,3.0,L2B,-4745.35
2024,8,400,ADMIN_ENTITY_0400,5.0,3RD,-1197.0
2024,9,400,ADMIN_ENTITY_0400,1.0,L2-ALL,-11283.11
2024,10,400,ADMIN_ENTITY_0400,1.0,L2-ALL,-14392.64
2024,10,400,ADMIN_ENTITY_0400,3.0,L2B,-9490.7
2024,10,400,ADMIN_ENTITY_0400,5.0,3RD,-598.5
2024,11,400,ADMIN_ENTITY_0400,1.0,L2-ALL,-22905.65
2024,11,400,ADMIN_ENTITY_0400,3.0,L2B,-4745.35
2024,11,400,ADMIN_ENTITY_0400,5.0,3RD,-1197.0
2024,12,400,ADMIN_ENTITY_0400,1.0,L2-ALL,-13707.23
2024,12,400,ADMIN_ENTITY_0400,3.0,L2B,-4745.35
2024,12,400,ADMIN_ENTITY_0400,5.0,3RD,-598.5
2024,1,401,Entity_0401,1.0,L2-ALL,7408.87
2024,2,401,Entity_0401,1.0,L2-ALL,36730.69
2024,3,401,Entity_0401,1.0,L2-ALL,7278.42
2024,4,401,Entity_0401,1.0,L2-ALL,7450.13
2024,5,401,Entity_0401,1.0,L2-ALL,7060.52
2024,6,401,Entity_0401,1.0,L2-ALL,7311.37
2024,7,401,Entity_0401,1.0,L2-ALL,12196.07
2024,8,401,Entity_0401,1.0,L2-ALL,390.0
2024,9,401,Entity_0401,1.0,L2-ALL,25827.73
2024,10,401,Entity_0401,1.0,L2-ALL,12140.11
2024,11,401,Entity_0401,1.0,L2-ALL,12313.88
2024,12,401,Entity_0401,1.0,L2-ALL,12162.45
2024,1,403,Entity_0403,1.0,L2-ALL,-3583.33
2024,2,403,Entity_0403,1.0,L2-ALL,250.0
2024,3,403,Entity_0403,1.0,L2-ALL,-3583.33
2024,4,403,Entity_0403,1.0,L2-ALL,-7416.66
2024,5,403,Entity_0403,1.0,L2-ALL,-3333.33
2024,7,403,Entity_0403,1.0,L2-ALL,-7416.66
2024,8,403,Entity_0403,1.0,L2-ALL,-3333.33
2024,10,403,Entity_0403,1.0,L2-ALL,-7416.66
2024,11,403,Entity_0403,1.0,L2-ALL,250.0
2024,12,403,Entity_0403,1.0,L2-ALL,-7416.66
2024,1,404,Entity_0404,3.0,L2B,-238286.08
2024,2,404,Entity_0404,3.0,L2B,-31909.86
2024,3,404,Entity_0404,3.0,L2B,-36820.03
2024,4,404,Entity_0404,3.0,L2B,-33217.94
2024,5,404,Entity_0404,3.0,L2B,-132607.11
2024,6,404,Entity_0404,3.0,L2B,-40625.98
2024,7,404,Entity_0404,3.0,L2B,81666.91
2024,8,404,Entity_0404,3.0,L2B,-50449.59
2024,9,404,Entity_0404,3.0,L2B,-36494.58
2024,10,404,Entity_0404,3.0,L2B,-34160.14
2024,11,404,Entity_0404,3.0,L2B,-43677.16
2024,12,404,Entity_0404,3.0,L2B,1591.02
2024,1,405,Entity_0405,1.0,L2-ALL,-71534.07
2024,2,405,Entity_0405,1.0,L2-ALL,-17609.76
2024,3,405,Entity_0405,1.0,L2-ALL,-2469.53
2024,4,405,Entity_0405,1.0,L2-ALL,-37648.15
2024,5,405,Entity_0405,1.0,L2-ALL,-37268.38
2024,6,405,Entity_0405,1.0,L2-ALL,-39844.81
2024,7,405,Entity_0405,1.0,L2-ALL,26577.36
2024,8,405,Entity_0405,1.0,L2-ALL,-34018.32
2024,9,405,Entity_0405,1.0,L2-ALL,-39745.81
2024,10,405,Entity_0405,1.0,L2-ALL,20773.02
2024,11,405,Entity_0405,1.0,L2-ALL,-37143.78
2024,12,405,Entity_0405,1.0,L2-ALL,-109455.91
2024,1,406,Entity_0406,1.0,L2-ALL,-11123.49
2024,2,406,Entity_0406,1.0,L2-ALL,-11141.83
2024,3,406,Entity_0406,1.0,L2-ALL,-12320.25
2024,4,406,Entity_0406,1.0,L2-ALL,-11184.32
2024,5,406,Entity_0406,1.0,L2-ALL,-11795.04
2024,6,406,Entity_0406,1.0,L2-ALL,-11224.43
2024,7,406,Entity_0406,1.0,L2-ALL,-10212.21
2024,8,406,Entity_0406,1.0,L2-ALL,-11264.9
2024,9,406,Entity_0406,1.0,L2-ALL,-11283.9
2024,10,406,Entity_0406,1.0,L2-ALL,-11891.86
2024,11,406,Entity_0406,1.0,L2-ALL,-11324.93
2024,12,406,Entity_0406,1.0,L2-ALL,-11931.75
2024,1,407,Entity_0407,3.0,L2B,207001.95
2024,2,407,Entity_0407,3.0,L2B,-14328.2
2024,3,407,Entity_0407,3.0,L2B,-53270.46
2024,4,407,Entity_0407,3.0,L2B,25966.2
2024,5,407,Entity_0407,3.0,L2B,-26383.83
2024,6,407,Entity_0407,3.0,L2B,-66451.88
2024,7,407,Entity_0407,3.0,L2B,44253.12
2024,8,407,Entity_0407,3.0,L2B,-15569.1
2024,9,407,Entity_0407,3.0,L2B,-57009.24
2024,10,407,Entity_0407,3.0,L2B,-33707.0
2024,11,407,Entity_0407,3.0,L2B,-32624.89
2024,12,407,Entity_0407,3.0,L2B,171833.44
2024,1,408,Entity_0408,1.0,L2-ALL,-26253.54
2024,2,408,Entity_0408,1.0,L2-ALL,-26492.83
2024,3,408,Entity_0408,1.0,L2-ALL,-25433.11
2024,4,408,Entity_0408,1.0,L2-ALL,-25962.97
2024,5,408,Entity_0408,1.0,L2-ALL,-25962.97
2024,6,408,Entity_0408,1.0,L2-ALL,-25962.97
2024,7,408,Entity_0408,1.0,L2-ALL,-22791.5
2024,8,408,Entity_0408,1.0,L2-ALL,-25962.97
2024,9,408,Entity_0408,1.0,L2-ALL,-25962.97
2024,10,408,Entity_0408,1.0,L2-ALL,-25962.97
2024,11,408,Entity_0408,1.0,L2-ALL,-25962.97
2024,12,408,Entity_0408,1.0,L2-ALL,-25962.97
2024,1,409,Entity_0409,1.0,L2-ALL,-20512.22
2024,2,409,Entity_0409,1.0,L2-ALL,-20699.18
2024,3,409,Entity_0409,1.0,L2-ALL,-19871.22
2024,4,409,Entity_0409,1.0,L2-ALL,-20285.2
2024,5,409,Entity_0409,1.0,L2-ALL,-20285.2
2024,6,409,Entity_0409,1.0,L2-ALL,-20285.2
2024,7,409,Entity_0409,1.0,L2-ALL,-17113.73
2024,8,409,Entity_0409,1.0,L2-ALL,-20285.2
2024,9,409,Entity_0409,1.0,L2-ALL,-20285.2
2024,10,409,Entity_0409,1.0,L2-ALL,-20285.2
2024,11,409,Entity_0409,1.0,L2-ALL,-20285.2
2024,12,409,Entity_0409,1.0,L2-ALL,-20285.2
2024,1,410,Entity_0410,1.0,L2-ALL,-35555.2
2024,2,410,Entity_0410,1.0,L2-ALL,-35879.27
2024,3,410,Entity_0410,1.0,L2-ALL,-34444.09
2024,4,410,Entity_0410,1.0,L2-ALL,-35161.68
2024,5,410,Entity_0410,1.0,L2-ALL,-35161.68
2024,6,410,Entity_0410,1.0,L2-ALL,-35161.68
2024,7,410,Entity_0410,1.0,L2-ALL,-31990.21
2024,8,410,Entity_0410,1.0,L2-ALL,-35161.68
2024,9,410,Entity_0410,1.0,L2-ALL,-35161.68
2024,10,410,Entity_0410,1.0,L2-ALL,-35161.68
2024,11,410,Entity_0410,1.0,L2-ALL,-35161.68
2024,12,410,Entity_0410,1.0,L2-ALL,-35161.68
2024,1,411,Entity_0411,1.0,L2-ALL,-32778.34
2024,2,411,Entity_0411,1.0,L2-ALL,-33077.1
2024,3,411,Entity_0411,1.0,L2-ALL,-31754.02
2024,4,411,Entity_0411,1.0,L2-ALL,-32415.56
2024,5,411,Entity_0411,1.0,L2-ALL,-32415.56
2024,6,411,Entity_0411,1.0,L2-ALL,-32415.56
2024,7,411,Entity_0411,1.0,L2-ALL,-29244.09
2024,8,411,Entity_0411,1.0,L2-ALL,-32415.56
2024,9,411,Entity_0411,1.0,L2-ALL,-32415.56
2024,10,411,Entity_0411,1.0,L2-ALL,-32415.56
2024,11,411,Entity_0411,1.0,L2-ALL,-32415.56
2024,12,411,Entity_0411,1.0,L2-ALL,-32415.56
2024,1,413,Entity_0413,1.0,L2-ALL,-12090.63
2024,2,413,Entity_0413,1.0,L2-ALL,-12200.83
2024,3,413,Entity_0413,1.0,L2-ALL,-11712.79
2024,4,413,Entity_0413,1.0,L2-ALL,-11956.81
2024,5,413,Entity_0413,1.0,L2-ALL,-11956.81
2024,6,413,Entity_0413,1.0,L2-ALL,-11956.81
2024,7,413,Entity_0413,1.0,L2-ALL,-8785.34
2024,8,413,Entity_0413,1.0,L2-ALL,-11956.81
2024,9,413,Entity_0413,1.0,L2-ALL,-11956.81
2024,10,413,Entity_0413,1.0,L2-ALL,-11956.81
2024,11,413,Entity_0413,1.0,L2-ALL,-11956.81
2024,12,413,Entity_0413,1.0,L2-ALL,-11956.81
2024,1,414,Entity_0414,1.0,L2-ALL,-24974.12
2024,2,414,Entity_0414,1.0,L2-ALL,-23918.52
2024,3,414,Entity_0414,1.0,L2-ALL,-24349.77
2024,4,414,Entity_0414,1.0,L2-ALL,-24349.77
2024,5,414,Entity_0414,1.0,L2-ALL,-17975.42
2024,6,414,Entity_0414,1.0,L2-ALL,-24974.12
2024,7,414,Entity_0414,1.0,L2-ALL,-24349.77
2024,8,414,Entity_0414,1.0,L2-ALL,-23725.42
2024,9,414,Entity_0414,1.0,L2-ALL,-24974.12
2024,10,414,Entity_0414,1.0,L2-ALL,-24257.72
2024,11,414,Entity_0414,1.0,L2-ALL,-23725.42
2024,12,414,Entity_0414,1.0,L2-ALL,-24349.77
2024,1,415,Entity_0415,3.0,L2B,24204.76
2024,2,415,Entity_0415,3.0,L2B,-3018.18
2024,3,415,Entity_0415,3.0,L2B,-6937.13
2024,4,415,Entity_0415,3.0,L2B,-9738.06
2024,5,415,Entity_0415,3.0,L2B,-7264.42
2024,6,415,Entity_0415,3.0,L2B,-36657.02
2024,7,415,Entity_0415,3.0,L2B,18446.75
2024,8,415,Entity_0415,3.0,L2B,-29523.05
2024,9,415,Entity_0415,3.0,L2B,-135104.47
2024,10,415,Entity_0415,3.0,L2B,-25905.56
2024,11,415,Entity_0415,3.0,L2B,-15068.94
2024,12,415,Entity_0415,3.0,L2B,62552.13
2024,1,416,Entity_0416,1.0,L2-ALL,-21471.53
2024,2,416,Entity_0416,1.0,L2-ALL,-20738.35
2024,3,416,Entity_0416,1.0,L2-ALL,-20914.6
2024,4,416,Entity_0416,1.0,L2-ALL,-304.1
2024,5,416,Entity_0416,1.0,L2-ALL,-14862.67
2024,6,416,Entity_0416,1.0,L2-ALL,-21471.53
2024,7,416,Entity_0416,1.0,L2-ALL,-19992.1
2024,8,416,Entity_0416,1.0,L2-ALL,-20612.67
2024,9,416,Entity_0416,1.0,L2-ALL,-21471.53
2024,10,416,Entity_0416,1.0,L2-ALL,-20198.13
2024,11,416,Entity_0416,1.0,L2-ALL,-20612.67
2024,12,416,Entity_0416,1.0,L2-ALL,-21042.1
2024,1,419,Entity_0419,5.0,3RD,-23940.0
2024,2,419,Entity_0419,5.0,3RD,-23037.75
2024,3,419,Entity_0419,5.0,3RD,-23341.5
2024,4,419,Entity_0419,5.0,3RD,-23341.5
2024,5,419,Entity_0419,5.0,3RD,-17743.0
2024,6,419,Entity_0419,5.0,3RD,-23940.0
2024,7,419,Entity_0419,5.0,3RD,-18129.72
2024,8,419,Entity_0419,5.0,3RD,-22743.0
2024,9,419,Entity_0419,5.0,3RD,-23940.0
2024,10,419,Entity_0419,5.0,3RD,-23341.5
2024,11,419,Entity_0419,5.0,3RD,-22743.0
2024,12,419,Entity_0419,5.0,3RD,-23116.5
2024,1,420,Entity_0420,1.0,L2-ALL,-4440.69
2024,2,420,Entity_0420,1.0,L2-ALL,-5466.0
2024,3,420,Entity_0420,1.0,L2-ALL,-7540.25
2024,4,420,Entity_0420,1.0,L2-ALL,-8736.76
2024,5,420,Entity_0420,1.0,L2-ALL,-5460.42
2024,6,420,Entity_0420,1.0,L2-ALL,-8446.65
2024,7,420,Entity_0420,1.0,L2-ALL,-3598.19
2024,8,420,Entity_0420,1.0,L2-ALL,-8714.47
2024,9,420,Entity_0420,1.0,L2-ALL,-7725.95
2024,10,420,Entity_0420,1.0,L2-ALL,-7380.14
2024,11,420,Entity_0420,1.0,L2-ALL,-8526.95
2024,12,420,Entity_0420,1.0,L2-ALL,-7413.45
2024,1,422,Entity_0422,1.0,L2-ALL,-20994.43
2024,2,422,Entity_0422,1.0,L2-ALL,7512.26
2024,3,422,Entity_0422,1.0,L2-ALL,5799.15
2024,4,422,Entity_0422,1.0,L2-ALL,-1411.66
2024,5,422,Entity_0422,1.0,L2-ALL,-4066.01
2024,6,422,Entity_0422,1.0,L2-ALL,-6940.4
2024,7,422,Entity_0422,1.0,L2-ALL,-3032.73
2024,8,422,Entity_0422,1.0,L2-ALL,-4405.81
2024,9,422,Entity_0422,1.0,L2-ALL,-11146.15
2024,10,422,Entity_0422,1.0,L2-ALL,-2205.9
2024,11,422,Entity_0422,1.0,L2-ALL,-6325.93
2024,12,422,Entity_0422,1.0,L2-ALL,-31508.04
2024,1,423,Entity_0423,1.0,L2-ALL,-52486.08
2024,2,423,Entity_0423,1.0,L2-ALL,18780.64
2024,3,423,Entity_0423,1.0,L2-ALL,14497.88
2024,4,423,Entity_0423,1.0,L2-ALL,-3529.15
2024,5,423,Entity_0423,1.0,L2-ALL,-10165.02
2024,6,423,Entity_0423,1.0,L2-ALL,-17350.99
2024,7,423,Entity_0423,1.0,L2-ALL,-7581.83
2024,8,423,Entity_0423,1.0,L2-ALL,-11014.53
2024,9,423,Entity_0423,1.0,L2-ALL,-27865.37
2024,10,423,Entity_0423,1.0,L2-ALL,-5514.75
2024,11,423,Entity_0423,1.0,L2-ALL,-15814.82
2024,12,423,Entity_0423,1.0,L2-ALL,-78770.11
2024,1,424,Entity_0424,3.0,L2B,-29855.24
2024,2,424,Entity_0424,3.0,L2B,-17396.92
2024,3,424,Entity_0424,3.0,L2B,29749.52
2024,4,424,Entity_0424,3.0,L2B,15405.25
2024,5,424,Entity_0424,3.0,L2B,-34867.71
2024,6,424,Entity_0424,3.0,L2B,-118006.45
2024,7,424,Entity_0424,3.0,L2B,109.5
2024,8,424,Entity_0424,3.0,L2B,-105450.28
2024,9,424,Entity_0424,3.0,L2B,9509.67
2024,10,424,Entity_0424,3.0,L2B,-63966.37
2024,11,424,Entity_0424,3.0,L2B,29513.33
2024,12,424,Entity_0424,3.0,L2B,16978.52
2024,1,425,Entity_0425,1.0,L2-ALL,-412.66
2024,2,425,Entity_0425,1.0,L2-ALL,-3989.01
2024,3,425,Entity_0425,1.0,L2-ALL,-10148.26
2024,4,425,Entity_0425,1.0,L2-ALL,-1721.2
2024,5,425,Entity_0425,1.0,L2-ALL,-9724.71
2024,6,425,Entity_0425,1.0,L2-ALL,-9643.04
2024,7,425,Entity_0425,1.0,L2-ALL,-5008.12
2024,8,425,Entity_0425,1.0,L2-ALL,-9309.39
2024,9,425,Entity_0425,1.0,L2-ALL,-9336.84
2024,10,425,Entity_0425,1.0,L2-ALL,-8955.2
2024,11,425,Entity_0425,1.0,L2-ALL,-9054.57
2024,12,425,Entity_0425,1.0,L2-ALL,-9748.64
2024,1,426,Entity_0426,4.0,LJL,4764.22
2024,2,426,Entity_0426,4.0,LJL,3229.08
2024,3,426,Entity_0426,4.0,LJL,3213.87
2024,4,426,Entity_0426,4.0,LJL,20541.49
2024,5,426,Entity_0426,4.0,LJL,3167.29
2024,6,426,Entity_0426,4.0,LJL,3151.92
2024,7,426,Entity_0426,4.0,LJL,4653.99
2024,8,426,Entity_0426,4.0,LJL,3121.02
2024,9,426,Entity_0426,4.0,LJL,3105.48
2024,10,426,Entity_0426,4.0,LJL,4607.38
2024,11,426,Entity_0426,4.0,LJL,3074.25
2024,12,426,Entity_0426,4.0,LJL,3058.55
2024,2,430,Entity_0430,1.0,L2-ALL,-13764.75
2024,3,430,Entity_0430,1.0,L2-ALL,-13268.51
2024,4,430,Entity_0430,1.0,L2-ALL,-13268.51
2024,5,430,Entity_0430,1.0,L2-ALL,-13268.51
2024,6,430,Entity_0430,1.0,L2-ALL,-13268.51
2024,7,430,Entity_0430,1.0,L2-ALL,-8841.26
2024,8,430,Entity_0430,1.0,L2-ALL,-13268.51
2024,9,430,Entity_0430,1.0,L2-ALL,-13268.51
2024,10,430,Entity_0430,1.0,L2-ALL,-12518.51
2024,11,430,Entity_0430,1.0,L2-ALL,-13268.51
2024,12,430,Entity_0430,1.0,L2-ALL,-13268.51
2024,2,435,Entity_0435,1.0,L2-ALL,4554.15
2024,3,435,Entity_0435,1.0,L2-ALL,-5894.47
2024,4,435,Entity_0435,1.0,L2-ALL,-5894.47
2024,5,435,Entity_0435,1.0,L2-ALL,-11494.22
2024,6,435,Entity_0435,1.0,L2-ALL,294.72
2024,7,435,Entity_0435,1.0,L2-ALL,-9822.29
2024,8,435,Entity_0435,1.0,L2-ALL,294.72
2024,9,435,Entity_0435,1.0,L2-ALL,-11494.22
2024,10,435,Entity_0435,1.0,L2-ALL,-5717.64
2024,11,435,Entity_0435,1.0,L2-ALL,-6012.36
2024,12,435,Entity_0435,1.0,L2-ALL,300.62
2024,3,436,Entity_0436,1.0,L2-ALL,-7576.3
2024,4,436,Entity_0436,1.0,L2-ALL,-3061.38
2024,5,436,Entity_0436,1.0,L2-ALL,-12729.45
2024,6,436,Entity_0436,1.0,L2-ALL,-12841.1
2024,7,436,Entity_0436,1.0,L2-ALL,15375.87
2024,8,436,Entity_0436,1.0,L2-ALL,-14530.84
2024,9,436,Entity_0436,1.0,L2-ALL,-14755.6
2024,10,436,Entity_0436,1.0,L2-ALL,13308.44
2024,11,436,Entity_0436,1.0,L2-ALL,-13886.06
2024,12,436,Entity_0436,1.0,L2-ALL,-13714.26
2024,3,437,Entity_0437,1.0,L2-ALL,-3788.15
2024,4,437,Entity_0437,1.0,L2-ALL,-1530.69
2024,5,437,Entity_0437,1.0,L2-ALL,-6364.73
2024,6,437,Entity_0437,1.0,L2-ALL,-6420.55
2024,7,437,Entity_0437,1.0,L2-ALL,7687.93
2024,8,437,Entity_0437,1.0,L2-ALL,-7265.42
2024,9,437,Entity_0437,1.0,L2-ALL,-7377.8
2024,10,437,Entity_0437,1.0,L2-ALL,6654.22
2024,11,437,Entity_0437,1.0,L2-ALL,-6943.03
2024,12,437,Entity_0437,1.0,L2-ALL,-6857.13
2024,3,438,Entity_0438,1.0,L2-ALL,-2669.9
2024,4,438,Entity_0438,1.0,L2-ALL,-18750.0
2024,5,438,Entity_0438,1.0,L2-ALL,-18750.0
2024,6,438,Entity_0438,1.0,L2-ALL,-18750.0
2024,7,438,Entity_0438,1.0,L2-ALL,-18750.0
2024,8,438,Entity_0438,1.0,L2-ALL,-16781.25
2024,9,438,Entity_0438,1.0,L2-ALL,-18750.0
2024,10,438,Entity_0438,1.0,L2-ALL,-18093.75
2024,11,438,Entity_0438,1.0,L2-ALL,-18093.75
2024,12,438,Entity_0438,1.0,L2-ALL,-20087.45
2024,3,441,Entity_0441,3.0,L2B,-221280.07
2024,4,441,Entity_0441,3.0,L2B,-122646.03
2024,5,441,Entity_0441,3.0,L2B,47975.5
2024,6,441,Entity_0441,3.0,L2B,-88594.9
2024,7,441,Entity_0441,3.0,L2B,-74980.39
2024,8,441,Entity_0441,3.0,L2B,-86445.64
2024,9,441,Entity_0441,3.0,L2B,-230512.85
2024,10,441,Entity_0441,3.0,L2B,94063.94
2024,11,441,Entity_0441,3.0,L2B,-84887.71
2024,12,441,Entity_0441,3.0,L2B,-88869.5
2024,3,442,Entity_0442,1.0,L2-ALL,-343.21
2024,4,442,Entity_0442,1.0,L2-ALL,-138.68
2024,5,442,Entity_0442,1.0,L2-ALL,-576.64
2024,6,442,Entity_0442,1.0,L2-ALL,-581.7
2024,7,442,Entity_0442,1.0,L2-ALL,696.43
2024,8,442,Entity_0442,1.0,L2-ALL,-661.86
2024,9,442,Entity_0442,1.0,L2-ALL,-1163.62
2024,10,442,Entity_0442,1.0,L2-ALL,98.76
2024,11,442,Entity_0442,1.0,L2-ALL,-2697.71
2024,12,442,Entity_0442,1.0,L2-ALL,-3393.16
2024,8,443,Entity_0443,1.0,L2-ALL,-110.0
2024,9,443,Entity_0443,1.0,L2-ALL,-15744.21
2024,10,443,Entity_0443,1.0,L2-ALL,-16024.98
2024,11,443,Entity_0443,1.0,L2-ALL,-25523.15
2024,12,443,Entity_0443,1.0,L2-ALL,-27129.69
2024,8,444,Entity_0444,1.0,L2-ALL,-55.0
2024,9,444,Entity_0444,1.0,L2-ALL,-7872.1
2024,10,444,Entity_0444,1.0,L2-ALL,-8012.49
2024,11,444,Entity_0444,1.0,L2-ALL,-12761.58
2024,12,444,Entity_0444,1.0,L2-ALL,-13564.85
2024,11,445,Entity_0445,1.0,L2-ALL,-11527.24
2024,12,445,Entity_0445,1.0,L2-ALL,-7729.85
2024,11,447,Entity_0447,1.0,L2-ALL,-3785.22
2024,12,447,Entity_0447,1.0,L2-ALL,-7998.64
2024,11,448,Entity_0448,1.0,L2-ALL,-7570.43
2024,12,448,Entity_0448,1.0,L2-ALL,-15997.27
2024,11,451,Entity_0451,1.0,L2-ALL,-79283.49
2024,12,451,Entity_0451,1.0,L2-ALL,-109682.51
2024,11,452,Entity_0452,1.0,L2-ALL,-35677.57
2024,12,452,Entity_0452,1.0,L2-ALL,-49357.13
2024,11,453,Entity_0453,1.0,L2-ALL,-29930.94
2024,12,453,Entity_0453,1.0,L2-ALL,-41367.15
2024,12,459,Entity_0459,1.0,L2-ALL,-4974.53
